,USDT_value,USDC_value,timestamp
0,2918703.28861,2050328.58009,2020-05-20 00:00:00
1,2918104.39134,2639634.09834,2020-05-21 00:00:00
2,2814683.44232,2433883.20287,2020-05-22 00:00:00
3,2777368.4567,2251167.5231,2020-05-23 00:00:00
4,2239984.80028,2313784.97106,2020-05-24 00:00:00
5,2179070.90059,2558796.52922,2020-05-25 00:00:00
6,1853787.5413,2567160.36312,2020-05-26 00:00:00
7,1958545.77119,2503369.11713,2020-05-27 00:00:00
8,2784070.95596,2399965.87437,2020-05-28 00:00:00
9,3021413.87608,2508679.53199,2020-05-29 00:00:00
10,2665603.1257,2802039.14511,2020-05-30 00:00:00
11,2495612.3896,2886469.53202,2020-05-31 00:00:00
12,2427874.5726,3268603.2225,2020-06-01 00:00:00
13,2511096.07161,3196446.94152,2020-06-02 00:00:00
14,2700630.27822,2982966.08848,2020-06-03 00:00:00
15,2694641.10002,2824501.65901,2020-06-04 00:00:00
16,2648086.57185,2818369.48588,2020-06-05 00:00:00
17,2756626.49967,3002005.09504,2020-06-06 00:00:00
18,2725742.71989,3034448.93447,2020-06-07 00:00:00
19,2580453.05474,3053931.68443,2020-06-08 00:00:00
20,2874218.66458,3182612.43163,2020-06-09 00:00:00
21,2795983.02932,3264545.52494,2020-06-10 00:00:00
22,4052112.48604,3201619.13115,2020-06-11 00:00:00
23,3777956.27059,2802593.55645,2020-06-12 00:00:00
24,3485464.74926,2804636.01799,2020-06-13 00:00:00
25,3698280.5486,2785885.83356,2020-06-14 00:00:00
26,3195776.57975,3084152.75061,2020-06-15 00:00:00
27,1816228.40871,3473380.64819,2020-06-16 00:00:00
28,1125820.87621,2252115.26492,2020-06-17 00:00:00
29,811483.21239,1418848.39122,2020-06-18 00:00:00
30,789424.48325,1343238.89884,2020-06-19 00:00:00
31,556804.19354,756276.18856,2020-06-20 00:00:00
32,2407402.99831,877278.12889,2020-06-21 00:00:00
33,7661283.28944,2713835.63764,2020-06-22 00:00:00
34,4247855.47651,5406279.11891,2020-06-23 00:00:00
35,4461182.20294,4734802.38933,2020-06-24 00:00:00
36,3615123.16866,5769541.65906,2020-06-25 00:00:00
37,1471892.45844,6402063.48196,2020-06-26 00:00:00
38,4337159.31227,3964006.28546,2020-06-27 00:00:00
39,6154062.90485,3884683.38829,2020-06-28 00:00:00
40,6254569.61813,4179164.05858,2020-06-29 00:00:00
41,6872871.70747,4335068.2227,2020-06-30 00:00:00
42,6972063.30444,1677509.61778,2020-07-01 00:00:00
43,5978274.02075,1717305.34713,2020-07-02 00:00:00
44,5167566.68698,934275.66147,2020-07-03 00:00:00
45,7838455.3355,1364732.79787,2020-07-04 00:00:00
46,5265376.84784,1662310.65918,2020-07-05 00:00:00
47,5165074.21851,956548.98412,2020-07-06 00:00:00
48,5007938.70759,2178650.51815,2020-07-07 00:00:00
49,5209602.44795,2141279.13002,2020-07-08 00:00:00
50,4057991.69545,1947940.84848,2020-07-09 00:00:00
51,4289638.78415,1659325.26258,2020-07-10 00:00:00
52,4909592.43725,1654923.27967,2020-07-11 00:00:00
53,5022353.48145,1959672.83446,2020-07-12 00:00:00
54,6211398.70145,3019439.78632,2020-07-13 00:00:00
55,5674640.78002,2914602.22033,2020-07-14 00:00:00
56,6191572.65757,2671958.08983,2020-07-15 00:00:00
57,6286779.66234,2885532.95915,2020-07-16 00:00:00
58,8578164.97867,2471890.55433,2020-07-17 00:00:00
59,10092450.1179,2939352.21405,2020-07-18 00:00:00
60,8576845.47564,2465967.14399,2020-07-19 00:00:00
61,28660635.00584,34291310.87292,2020-07-20 00:00:00
62,78732316.8294,72026320.946,2020-07-21 00:00:00
63,98932168.6315,97849638.6683,2020-07-22 00:00:00
64,115365486.51608,91045392.93437,2020-07-23 00:00:00
65,116535566.02029,93478359.35623,2020-07-24 00:00:00
66,98441219.86183,62451050.64347,2020-07-25 00:00:00
67,114801019.86978,99293338.61099,2020-07-26 00:00:00
68,62099756.21509,57384686.36493,2020-07-27 00:00:00
69,43350333.7745,50094788.36103,2020-07-28 00:00:00
70,37039784.76042,49185823.825,2020-07-29 00:00:00
71,38592245.67424,63170227.28923,2020-07-30 00:00:00
72,46031951.28591,78697659.04856,2020-07-31 00:00:00
73,49272834.58346,97063756.93728,2020-08-01 00:00:00
74,44670349.84465,83159545.87923,2020-08-02 00:00:00
75,37492890.15428,109694310.42772,2020-08-03 00:00:00
76,30150951.46899,78245893.2907,2020-08-04 00:00:00
77,29040957.21467,73262537.34187,2020-08-05 00:00:00
78,26298259.24586,74393270.7115,2020-08-06 00:00:00
79,25838828.2734,76875405.03796,2020-08-07 00:00:00
80,22193566.12018,78870512.49911,2020-08-08 00:00:00
81,23221382.05854,61830590.06995,2020-08-09 00:00:00
82,26001367.16517,59067225.9745,2020-08-10 00:00:00
83,15536584.97643,40380118.72143,2020-08-11 00:00:00
84,25108061.91025,54470834.89028,2020-08-12 00:00:00
85,23479710.0921,56472505.11447,2020-08-13 00:00:00
86,19179048.43553,1378519.91938,2020-08-14 00:00:00
87,122491490.62321,191865165.508,2020-08-15 00:00:00
88,121687433.51678,205074551.59581,2020-08-16 00:00:00
89,155528423.98772,199432814.28866,2020-08-17 00:00:00
90,137724039.48244,196812189.51916,2020-08-18 00:00:00
91,139017463.33357,197232350.95686,2020-08-19 00:00:00
92,155896768.10827,207258763.73911,2020-08-20 00:00:00
93,172303236.68678,196535482.42172,2020-08-21 00:00:00
94,207623768.87523,215332628.22335,2020-08-22 00:00:00
95,211153006.41138,205970249.68693,2020-08-23 00:00:00
96,209022357.75728,192475305.82567,2020-08-24 00:00:00
97,234646711.92473,174360855.09159,2020-08-25 00:00:00
98,246935103.91977,191268710.33007,2020-08-26 00:00:00
99,261556217.88202,180789523.13441,2020-08-27 00:00:00
100,282634305.13458,176206767.8133,2020-08-28 00:00:00
101,326498951.78666,155694383.25721,2020-08-29 00:00:00
102,352567016.04485,174794699.84013,2020-08-30 00:00:00
103,348272122.30947,178361060.26598,2020-08-31 00:00:00
104,254885639.72094,120505903.99467,2020-09-01 00:00:00
105,262194346.61133,121748574.72935,2020-09-02 00:00:00
106,260876110.27886,121921716.61292,2020-09-03 00:00:00
107,261859133.32675,133427656.45727,2020-09-04 00:00:00
108,275225455.38326,143971716.30005,2020-09-05 00:00:00
109,265565167.82302,108063686.25143,2020-09-06 00:00:00
110,267282790.66429,122903752.56366,2020-09-07 00:00:00
111,263686413.42604,130008952.44179,2020-09-08 00:00:00
112,258805799.81152,102947226.44654,2020-09-09 00:00:00
113,256119630.2925,86803526.78047,2020-09-10 00:00:00
114,254574102.49035,156444520.06467,2020-09-11 00:00:00
115,228283933.20824,118772979.10282,2020-09-12 00:00:00
116,206186023.87644,109709949.73699,2020-09-13 00:00:00
117,178176599.16713,154367843.05371,2020-09-14 00:00:00
118,148874577.55453,92552225.20317,2020-09-15 00:00:00
119,147673960.53233,61264394.24749,2020-09-16 00:00:00
120,145980978.39077,61966232.76856,2020-09-17 00:00:00
121,114019204.02634,66492816.94776,2020-09-18 00:00:00
122,113113058.40536,51392931.33181,2020-09-19 00:00:00
123,113677814.99837,58553142.6664,2020-09-20 00:00:00
124,121293914.37305,58685125.68274,2020-09-21 00:00:00
125,124844837.25201,80005929.34854,2020-09-22 00:00:00
126,125385288.59027,81539117.05449,2020-09-23 00:00:00
127,201313125.22155,133393469.63257,2020-09-24 00:00:00
128,196527727.60168,126641396.80158,2020-09-25 00:00:00
129,184990318.9336,107669564.46205,2020-09-26 00:00:00
130,162958543.03478,147077973.85473,2020-09-27 00:00:00
131,134107315.57464,214682058.54939,2020-09-28 00:00:00
132,223512491.72688,161426710.32419,2020-09-29 00:00:00
133,231578702.16373,171171445.27466,2020-09-30 00:00:00
134,210107279.50849,141962753.80698,2020-10-01 00:00:00
135,206073185.28275,120703737.87354,2020-10-02 00:00:00
136,200224989.44006,107171781.2699,2020-10-03 00:00:00
137,196994118.01629,99975633.80161,2020-10-04 00:00:00
138,198730223.24473,109452673.37601,2020-10-05 00:00:00
139,156515803.23612,121771737.93013,2020-10-06 00:00:00
140,180356133.22308,128039551.67419,2020-10-07 00:00:00
141,177376905.2579,114104221.51179,2020-10-08 00:00:00
142,165630671.94882,112562102.59393,2020-10-09 00:00:00
143,128640925.41949,108614311.07265,2020-10-10 00:00:00
144,84797488.33737,103208723.91815,2020-10-11 00:00:00
145,67113357.65659,99931375.33906,2020-10-12 00:00:00
146,63388811.35978,104120982.58221,2020-10-13 00:00:00
147,60168055.52954,102394704.06966,2020-10-14 00:00:00
148,45774622.01646,99631305.13325,2020-10-15 00:00:00
149,49530355.0757,100641710.80576,2020-10-16 00:00:00
150,49802054.31261,101244583.96074,2020-10-17 00:00:00
151,49247497.18774,89706645.80009,2020-10-18 00:00:00
152,50221689.52504,73054648.16272,2020-10-19 00:00:00
153,48579495.45082,58645016.47511,2020-10-20 00:00:00
154,2475006.15585,7330508.22891,2020-10-21 00:00:00
155,20568872.47255,44600024.33409,2020-10-22 00:00:00
156,19412222.32013,65709474.8366,2020-10-23 00:00:00
157,49678929.13491,61210286.38705,2020-10-24 00:00:00
158,46649210.36058,56538322.32805,2020-10-25 00:00:00
159,44098617.54946,55445261.92169,2020-10-26 00:00:00
160,20983160.93178,17642461.86778,2020-10-27 00:00:00
161,13955052.2148,8767819.25358,2020-10-28 00:00:00
162,55110746.50156,16365131.02545,2020-10-29 00:00:00
163,51327699.76941,18325383.22645,2020-10-30 00:00:00
164,50080925.61925,30256015.57807,2020-10-31 00:00:00
165,48168525.16365,36984203.76075,2020-11-01 00:00:00
166,43905326.9433,42162108.14981,2020-11-02 00:00:00
167,42270067.79139,59276854.38762,2020-11-03 00:00:00
168,44192012.07178,63602330.4768,2020-11-04 00:00:00
169,42212891.90784,60320977.34023,2020-11-05 00:00:00
170,26100387.81388,49986972.60904,2020-11-06 00:00:00
171,16598333.43895,46832763.55339,2020-11-07 00:00:00
172,8230206.5027,45872133.2746,2020-11-08 00:00:00
173,13950423.18336,40958878.61576,2020-11-09 00:00:00
174,14987837.31351,53814361.72238,2020-11-10 00:00:00
175,19057435.37351,49642661.26121,2020-11-11 00:00:00
176,25212093.30558,52046605.53424,2020-11-12 00:00:00
177,8965575.04209,51077847.90386,2020-11-13 00:00:00
178,13307972.96658,53597180.87366,2020-11-14 00:00:00
179,11942205.80996,51186696.16499,2020-11-15 00:00:00
180,14922027.58651,46825020.0205,2020-11-16 00:00:00
181,21965186.04654,42946642.84833,2020-11-17 00:00:00
182,33867768.36031,45053738.19639,2020-11-18 00:00:00
183,12971911.7321,75019469.60471,2020-11-19 00:00:00
184,32490348.74996,45927557.41015,2020-11-20 00:00:00
185,27336121.12745,33074587.56756,2020-11-21 00:00:00
186,23155132.57495,27780083.13291,2020-11-22 00:00:00
187,13790304.8142,20940913.28209,2020-11-23 00:00:00
188,14065516.42229,23415980.89099,2020-11-24 00:00:00
189,15601307.05414,20855160.65479,2020-11-25 00:00:00
190,35995466.57424,22966244.5812,2020-11-26 00:00:00
191,37691511.10858,10598676.16299,2020-11-27 00:00:00
192,32658810.5087,16085452.95027,2020-11-28 00:00:00
193,23711872.31379,24248395.61955,2020-11-29 00:00:00
194,44095648.13981,24197952.3023,2020-11-30 00:00:00
195,54068770.29993,19806747.46931,2020-12-01 00:00:00
196,58859560.34852,10968951.27146,2020-12-02 00:00:00
197,56108615.11531,12685422.46143,2020-12-03 00:00:00
198,55026336.32258,11989918.199339999,2020-12-04 00:00:00
199,47705867.258540004,15552348.63284,2020-12-05 00:00:00
200,50575583.76372,23165874.27944,2020-12-06 00:00:00
201,51789695.18766,21610354.62734,2020-12-07 00:00:00
202,55498957.82029,27454032.91926,2020-12-08 00:00:00
203,54501811.1577,21476319.31549,2020-12-09 00:00:00
204,65794610.61923999,22708503.87972,2020-12-10 00:00:00
205,68423077.18273,17987944.91288,2020-12-11 00:00:00
206,85238243.38336,23418686.94492,2020-12-12 00:00:00
207,96204781.12192,14614265.00997,2020-12-13 00:00:00
208,87284101.87005,21925639.91212,2020-12-14 00:00:00
209,84005289.33731,18762059.22689,2020-12-15 00:00:00
210,84853312.62093,23356641.18355,2020-12-16 00:00:00
211,76703718.13264,30146227.3131,2020-12-17 00:00:00
212,63560328.484689996,34292475.3957,2020-12-18 00:00:00
213,62955502.5485,17777152.502499998,2020-12-19 00:00:00
214,44390839.41444,27621896.81655,2020-12-20 00:00:00
215,41941077.040599994,21845435.8406,2020-12-21 00:00:00
216,38633608.06089,22994009.947219998,2020-12-22 00:00:00
217,96555907.08873,3144152.4275599997,2020-12-23 00:00:00
218,78978650.75437999,26426134.72028,2020-12-24 00:00:00
219,49372574.020770006,10918845.63258,2020-12-25 00:00:00
220,58171500.84871,9888200.73951,2020-12-26 00:00:00
221,49389463.38391,10365380.3489,2020-12-27 00:00:00
222,47705105.62337,9485837.16416,2020-12-28 00:00:00
223,41373432.15466,6952061.64864,2020-12-29 00:00:00
224,38091209.10861,18500368.42011,2020-12-30 00:00:00
225,26955161.02677,7771530.70345,2020-12-31 00:00:00
226,13845251.12267,9273667.34164,2021-01-01 00:00:00
227,982163.55798,25480721.79333,2021-01-02 00:00:00
228,9236274.54283,12573321.40187,2021-01-03 00:00:00
229,1317189.4161999999,9486640.05825,2021-01-04 00:00:00
230,10361844.6028,15136952.79949,2021-01-05 00:00:00
231,10183032.42473,21711591.587980002,2021-01-06 00:00:00
232,13167174.21769,21066984.74097,2021-01-07 00:00:00
233,23648881.62842,13661886.56653,2021-01-08 00:00:00
234,17342791.34569,11753846.545359999,2021-01-09 00:00:00
235,7908761.50061,17726061.86031,2021-01-10 00:00:00
236,11106838.777849998,14094002.27958,2021-01-11 00:00:00
237,6959489.6251,19218847.81468,2021-01-12 00:00:00
238,13478726.84851,13925863.14679,2021-01-13 00:00:00
239,51454927.3305,16130846.853099998,2021-01-14 00:00:00
240,42624956.66646,10407862.491489999,2021-01-15 00:00:00
241,19066890.60526,13547592.76831,2021-01-16 00:00:00
242,21276114.270290002,36158449.354320005,2021-01-17 00:00:00
243,15679163.78935,23561261.435730003,2021-01-18 00:00:00
244,7146221.27028,22553761.142300002,2021-01-19 00:00:00
245,8434841.116009999,15898718.153220002,2021-01-20 00:00:00
246,12743336.32513,15884614.81672,2021-01-21 00:00:00
247,42013141.908300005,13018011.3284,2021-01-22 00:00:00
248,10320870.31494,33413333.6754,2021-01-23 00:00:00
249,24639464.19696,30870797.0365,2021-01-24 00:00:00
250,15985805.51932,17748923.01299,2021-01-25 00:00:00
251,14280463.572700001,23360131.54036,2021-01-26 00:00:00
252,10624923.17537,27046811.35175,2021-01-27 00:00:00
253,9561443.63978,30311833.32472,2021-01-28 00:00:00
254,10377992.13015,47050729.4276,2021-01-29 00:00:00
255,39241398.585710004,55924428.65022,2021-01-30 00:00:00
256,34463408.20193,35114503.83918,2021-01-31 00:00:00
257,18237762.360689998,34986307.895380005,2021-02-01 00:00:00
258,11748346.91688,27308009.324649997,2021-02-02 00:00:00
259,5202857.89294,16068365.809829999,2021-02-03 00:00:00
260,8586324.63999,31295798.915570002,2021-02-04 00:00:00
261,4488537.76281,28503172.85336,2021-02-05 00:00:00
262,7913287.117040001,23268754.348070003,2021-02-06 00:00:00
263,55177287.91421,31652849.74252,2021-02-07 00:00:00
264,51397187.88651,31165646.04447,2021-02-08 00:00:00
265,66413596.487969995,3099291.35466,2021-02-09 00:00:00
266,9470253.215330001,14807793.93626,2021-02-10 00:00:00
267,7740340.2963499995,13410959.291329999,2021-02-11 00:00:00
268,12900440.29157,29258435.026660003,2021-02-12 00:00:00
269,7093176.66134,30345160.36355,2021-02-13 00:00:00
270,11911055.893939998,33687587.79988,2021-02-14 00:00:00
271,20744306.98342,27074700.50799,2021-02-15 00:00:00
272,15075369.060789999,22864177.80897,2021-02-16 00:00:00
273,20516055.86349,19121960.65397,2021-02-17 00:00:00
274,17132534.80178,10925272.75492,2021-02-18 00:00:00
275,39580823.89565,47992086.36005,2021-02-19 00:00:00
276,15872461.732900001,41720022.94733,2021-02-20 00:00:00
277,13697295.11843,55137376.90232,2021-02-21 00:00:00
278,13607743.886429999,47376195.32275,2021-02-22 00:00:00
279,37756141.47299,59835260.6048,2021-02-23 00:00:00
280,29181901.403160002,42191343.524900004,2021-02-24 00:00:00
281,5004714.92171,51875149.622889996,2021-02-25 00:00:00
282,8019015.497810001,35873718.68971,2021-02-26 00:00:00
283,20670549.004270002,64290304.41992,2021-02-27 00:00:00
284,20991373.464900002,54852951.22643,2021-02-28 00:00:00
285,9957119.13235,107205233.76120001,2021-03-01 00:00:00
286,10370439.23059,85184202.951,2021-03-02 00:00:00
287,13490828.196899999,82070954.19145,2021-03-03 00:00:00
288,9504935.45727,69309646.57576,2021-03-04 00:00:00
289,37034625.15859,40009571.927300006,2021-03-05 00:00:00
290,48218527.19908,66453983.40049,2021-03-06 00:00:00
291,22824636.580059998,66207683.1652,2021-03-07 00:00:00
292,17841412.11839,13851206.42097,2021-03-08 00:00:00
293,10804295.09235,14728487.70957,2021-03-09 00:00:00
294,28797037.45425,32374401.224919997,2021-03-10 00:00:00
295,10177699.40812,25937868.38073,2021-03-11 00:00:00
296,23916895.23762,53073335.53859,2021-03-12 00:00:00
297,29812841.109869998,62654981.359680004,2021-03-13 00:00:00
298,30257025.55019,42557362.68884,2021-03-14 00:00:00
299,29652896.76404,70798126.542,2021-03-15 00:00:00
300,26550007.32327,63328957.04531,2021-03-16 00:00:00
301,32351824.5059,46307815.63402,2021-03-17 00:00:00
302,22349080.15801,42504687.46272,2021-03-18 00:00:00
303,14308825.43792,46816036.971650004,2021-03-19 00:00:00
304,27668969.219860002,43918193.48265,2021-03-20 00:00:00
305,31416312.727399997,55738620.94958,2021-03-21 00:00:00
306,49037612.20115,103356812.57222,2021-03-22 00:00:00
307,34993676.95142,85572002.67836,2021-03-23 00:00:00
308,29557128.673559997,85861736.40737,2021-03-24 00:00:00
309,46269175.81187,85582705.98157999,2021-03-25 00:00:00
310,45719903.16816,138790576.91409,2021-03-26 00:00:00
311,57332085.00099,175694580.5795,2021-03-27 00:00:00
312,34942004.91706,115152594.73846,2021-03-28 00:00:00
313,92378713.49170001,125556336.96686,2021-03-29 00:00:00
314,34593363.66108,68352184.16975,2021-03-30 00:00:00
315,18195935.694790002,91467569.36344999,2021-03-31 00:00:00
316,15832417.68326,63583391.74973,2021-04-01 00:00:00
317,14228816.94648,80219363.85841,2021-04-02 00:00:00
318,18633732.89816,74960163.10246,2021-04-03 00:00:00
319,20742868.71707,32868006.37067,2021-04-04 00:00:00
320,21034807.74575,63978242.64415,2021-04-05 00:00:00
321,30050950.10243,62288661.03327,2021-04-06 00:00:00
322,23995623.44414,65294870.77377,2021-04-07 00:00:00
323,50017729.20779,70738550.73681,2021-04-08 00:00:00
324,34516076.01084,64681439.42881,2021-04-09 00:00:00
325,31082614.97135,64912239.42958,2021-04-10 00:00:00
326,24388254.463140003,53407728.80691,2021-04-11 00:00:00
327,24110516.207330003,50729822.33601999,2021-04-12 00:00:00
328,25980332.04215,58661008.87191,2021-04-13 00:00:00
329,26367457.07525,43978204.57207,2021-04-14 00:00:00
330,19689065.62147,66322035.08150001,2021-04-15 00:00:00
331,18527879.59536,53930607.70742001,2021-04-16 00:00:00
332,29719762.38512,74309532.70210999,2021-04-17 00:00:00
333,22876057.05922,54362574.634279996,2021-04-18 00:00:00
334,14897098.97783,109816683.61769,2021-04-19 00:00:00
335,18944373.915579997,62612926.85351,2021-04-20 00:00:00
336,30479943.640130002,115738628.25371,2021-04-21 00:00:00
337,25805444.71401,136394278.65315,2021-04-22 00:00:00
338,26604585.7066,133427992.16356,2021-04-23 00:00:00
339,73921439.99062,211125191.12666,2021-04-24 00:00:00
340,70476842.03165,284477300.22196,2021-04-25 00:00:00
341,45996047.86924,296640019.01357,2021-04-26 00:00:00
342,44576194.452539995,345540043.64944,2021-04-27 00:00:00
343,66705921.267340004,363422645.88662,2021-04-28 00:00:00
344,70711145.632,368759022.50818,2021-04-29 00:00:00
345,98124242.99877,378480801.70376,2021-04-30 00:00:00
346,83055951.65133,403078115.57093,2021-05-01 00:00:00
347,73227470.59275,401078788.99974996,2021-05-02 00:00:00
348,118364137.18558,396111991.96432,2021-05-03 00:00:00
349,105516814.73555,329032988.94167,2021-05-04 00:00:00
350,111924162.22425,358872132.72647,2021-05-05 00:00:00
351,85371233.21922,375887449.20838,2021-05-06 00:00:00
352,108366459.59468,346412902.78313,2021-05-07 00:00:00
353,102781753.08728,350581970.94436,2021-05-08 00:00:00
354,115703965.05394,359441378.09445,2021-05-09 00:00:00
355,107409078.32839999,393109851.88745,2021-05-10 00:00:00
356,98267125.69295,382452632.94817,2021-05-11 00:00:00
357,105992540.98203,371152266.35817,2021-05-12 00:00:00
358,119230294.81603,350854925.93751,2021-05-13 00:00:00
359,108331308.0967,373663914.19263,2021-05-14 00:00:00
360,109182497.72649999,377404971.22894,2021-05-15 00:00:00
361,147305054.16656,427077951.85316,2021-05-16 00:00:00
362,183893053.77353,486306866.1161,2021-05-17 00:00:00
363,182864598.56551,554332939.50184,2021-05-18 00:00:00
364,141882208.28976002,579817018.33634,2021-05-19 00:00:00
365,107468552.54279,576380204.84485,2021-05-20 00:00:00
366,130265813.26706,805075721.75324,2021-05-21 00:00:00
367,175772586.76152,1043412003.0961599,2021-05-22 00:00:00
368,220618493.32967,1043502561.37583,2021-05-23 00:00:00
369,114732741.94082999,1033146044.12015,2021-05-24 00:00:00
370,121478370.69663,1139097505.38081,2021-05-25 00:00:00
371,113724699.39282,1246679781.67613,2021-05-26 00:00:00
372,208731865.7199,1380737502.22053,2021-05-27 00:00:00
373,333595260.58771,1641287081.2393498,2021-05-28 00:00:00
374,365677335.26190996,1549136397.4155798,2021-05-29 00:00:00
375,453174391.37122,1908222210.48686,2021-05-30 00:00:00
376,576042810.11713,1980381754.48344,2021-05-31 00:00:00
377,604509791.0131301,1988098495.78874,2021-06-01 00:00:00
378,687586925.4182099,1948146741.96806,2021-06-02 00:00:00
379,669043711.74908,1907311004.19694,2021-06-03 00:00:00
380,489681787.12657,1855053111.8680801,2021-06-04 00:00:00
381,452095691.25851,1867965952.94318,2021-06-05 00:00:00
382,485608055.03093004,1878266363.05101,2021-06-06 00:00:00
383,478498746.27204996,1886900441.41745,2021-06-07 00:00:00
384,420023289.79948,1686706155.63296,2021-06-08 00:00:00
385,385272689.5673,1782485253.0137398,2021-06-09 00:00:00
386,351053506.15677,1817762256.32199,2021-06-10 00:00:00
387,329025981.4978,1822898393.5027301,2021-06-11 00:00:00
388,279638753.27379,1773574576.7763999,2021-06-12 00:00:00
389,268311564.69878,1819598170.3867998,2021-06-13 00:00:00
390,267828965.12863,1841942564.88744,2021-06-14 00:00:00
391,209595188.16735,1762105019.67985,2021-06-15 00:00:00
392,162887844.24077,1691624313.27102,2021-06-16 00:00:00
393,251230421.43839002,1466666132.3552501,2021-06-17 00:00:00
394,214597668.88383,1623031401.08975,2021-06-18 00:00:00
395,241615044.34293002,1672820134.68258,2021-06-19 00:00:00
396,233213117.54423,1714442256.12831,2021-06-20 00:00:00
397,283293591.94913,1713452820.01257,2021-06-21 00:00:00
398,322261748.11622,1892125802.272,2021-06-22 00:00:00
399,302657230.84985,1823015704.87414,2021-06-23 00:00:00
400,266173802.14909002,1750332084.31317,2021-06-24 00:00:00
401,277399368.7993,1673508163.94678,2021-06-25 00:00:00
402,277058299.81556,1645165176.85351,2021-06-26 00:00:00
403,277973315.55636,1614126928.7838101,2021-06-27 00:00:00
404,260063905.00586998,1617543395.75247,2021-06-28 00:00:00
405,227655238.89113,1594002203.487,2021-06-29 00:00:00
406,186803892.97986,1612803697.83756,2021-06-30 00:00:00
407,203252473.16329002,1451562501.18841,2021-07-01 00:00:00
408,207726629.40461,1455647238.34582,2021-07-02 00:00:00
409,228240011.46465,1468436845.70495,2021-07-03 00:00:00
410,237449112.05306,1456119029.66483,2021-07-04 00:00:00
411,228933629.9717,1429414161.79641,2021-07-05 00:00:00
412,217618058.8416,1437030097.4099698,2021-07-06 00:00:00
413,216629021.74093002,1443908550.1482,2021-07-07 00:00:00
414,208862311.33789998,1510317673.04492,2021-07-08 00:00:00
415,239738127.60066998,1513514327.94891,2021-07-09 00:00:00
416,236405121.79589,1540875080.81392,2021-07-10 00:00:00
417,242741393.22675002,1528616145.18337,2021-07-11 00:00:00
418,249419884.96221,1528172786.74005,2021-07-12 00:00:00
419,238224040.90605998,1469091092.1915898,2021-07-13 00:00:00
420,212383745.94596002,1437001524.9590201,2021-07-14 00:00:00
421,207019364.08443,1477467976.00797,2021-07-15 00:00:00
422,271120263.21449,1661365538.60654,2021-07-16 00:00:00
423,314999315.40317,1693572741.3731,2021-07-17 00:00:00
424,328655408.33634,1745367929.3989701,2021-07-18 00:00:00
425,319454758.54545003,1751848505.96404,2021-07-19 00:00:00
426,379278788.84714,1722141183.0637102,2021-07-20 00:00:00
427,394070073.10423,1739863578.74226,2021-07-21 00:00:00
428,416273720.22994,1736180036.6274302,2021-07-22 00:00:00
429,389748544.34905,1695669046.47255,2021-07-23 00:00:00
430,359258138.59988,1695035775.04586,2021-07-24 00:00:00
431,326906945.85364,1698418063.5169702,2021-07-25 00:00:00
432,320221210.66977996,1766197405.99195,2021-07-26 00:00:00
433,338832089.92613,1688664449.9324598,2021-07-27 00:00:00
434,327163343.47141004,1689895153.85617,2021-07-28 00:00:00
435,239616295.66098,1674340390.65699,2021-07-29 00:00:00
436,236311541.02398,1681962666.6695,2021-07-30 00:00:00
437,203195677.80675,1649331002.94857,2021-07-31 00:00:00
438,181482987.8439,1637483353.9486,2021-08-01 00:00:00
439,200047476.78671,1615491966.9765399,2021-08-02 00:00:00
440,134161615.60775,1612277814.55698,2021-08-03 00:00:00
441,346264932.67697,1746059633.5885,2021-08-04 00:00:00
442,333015222.7112,1700918572.1416898,2021-08-05 00:00:00
443,325960414.30084,1641518327.32249,2021-08-06 00:00:00
444,290229116.31542003,1521708587.3192902,2021-08-07 00:00:00
445,229916716.47538,1470205687.0762,2021-08-08 00:00:00
446,220718041.66351,1468415532.90448,2021-08-09 00:00:00
447,218886242.48066,1487594873.81954,2021-08-10 00:00:00
448,152864790.1135,1495744152.3670402,2021-08-11 00:00:00
449,213472426.80609998,1350283719.55546,2021-08-12 00:00:00
450,271903103.4054,1277128535.7464402,2021-08-13 00:00:00
451,114443195.06041999,984755220.47904,2021-08-14 00:00:00
452,263833736.84834,985780055.6316401,2021-08-15 00:00:00
453,221943934.92306998,970526718.38433,2021-08-16 00:00:00
454,299373636.40667,962920350.9788901,2021-08-17 00:00:00
455,216097024.46406,963457851.66715,2021-08-18 00:00:00
456,245225528.78868997,877005306.21672,2021-08-19 00:00:00
457,388661555.95135,1161046305.83203,2021-08-20 00:00:00
458,326789213.70453,998329680.55212,2021-08-21 00:00:00
459,246674679.93593,951565968.0198901,2021-08-22 00:00:00
460,236566129.66752,932231743.96435,2021-08-23 00:00:00
461,371440595.86522996,1020465668.55892,2021-08-24 00:00:00
462,229437956.97763002,953296344.67768,2021-08-25 00:00:00
463,299019485.65218,950257469.2923701,2021-08-26 00:00:00
464,281538082.36428,951868948.69081,2021-08-27 00:00:00
465,214711605.54026002,942023848.1184599,2021-08-28 00:00:00
466,214446370.67488,935745142.6526899,2021-08-29 00:00:00
467,213134265.87879002,929972397.05337,2021-08-30 00:00:00
468,289561978.45918,894344612.6849601,2021-08-31 00:00:00
469,221285300.57977,910284437.47873,2021-09-01 00:00:00
470,220286627.82642,893792287.5616901,2021-09-02 00:00:00
471,210340292.87015,817744044.1070399,2021-09-03 00:00:00
472,206979937.13849002,763067119.17328,2021-09-04 00:00:00
473,165246675.72137,813102190.8269701,2021-09-05 00:00:00
474,174790723.3844,795445352.7662799,2021-09-06 00:00:00
475,171976410.16621,733975958.4121901,2021-09-07 00:00:00
476,145634327.0618,762428197.11263,2021-09-08 00:00:00
477,280944252.56909996,796387111.13776,2021-09-09 00:00:00
478,410339478.82019997,731126906.75213,2021-09-10 00:00:00
479,413755517.98285,746688010.50948,2021-09-11 00:00:00
480,417322777.49688995,737151772.86734,2021-09-12 00:00:00
481,399616647.21555,694969325.2740699,2021-09-13 00:00:00
482,397514345.66888,704533174.05396,2021-09-14 00:00:00
483,241397369.12157,827176005.4727601,2021-09-15 00:00:00
484,315919996.62786,796694945.5277699,2021-09-16 00:00:00
485,131196157.29979,764084391.15904,2021-09-17 00:00:00
486,305953451.94148004,761413573.30523,2021-09-18 00:00:00
487,294880606.48087,762711065.3206601,2021-09-19 00:00:00
488,274808412.68121,772341607.74901,2021-09-20 00:00:00
489,190636574.55214,781966762.67876,2021-09-21 00:00:00
490,262615106.04666,807410334.4395499,2021-09-22 00:00:00
491,248614575.87419,770030681.9318299,2021-09-23 00:00:00
492,184815403.79123,771568708.03751,2021-09-24 00:00:00
493,244563194.0386,802809448.88619,2021-09-25 00:00:00
494,262505611.14411002,865454840.8869699,2021-09-26 00:00:00
495,176767570.30414,931956338.97442,2021-09-27 00:00:00
496,177963126.47522998,729863609.5360601,2021-09-28 00:00:00
497,263968851.21772,719346071.5829301,2021-09-29 00:00:00
498,287644732.63702,732355329.49065,2021-09-30 00:00:00
499,179674746.31377,772406236.30643,2021-10-01 00:00:00
500,245520841.22730002,690864620.1736801,2021-10-02 00:00:00
501,227530320.29231,714672997.65544,2021-10-03 00:00:00
502,327391183.86706,721803488.0619199,2021-10-04 00:00:00
503,338084227.17946,819442531.34093,2021-10-05 00:00:00
504,390810154.07028997,831260744.0689299,2021-10-06 00:00:00
505,365839803.51860005,859833673.0124199,2021-10-07 00:00:00
506,226623139.32832,894339272.30478,2021-10-08 00:00:00
507,266894529.09676,949648237.85555,2021-10-09 00:00:00
508,262409134.23699,957772033.1856899,2021-10-10 00:00:00
509,296381369.59575,950065029.5074099,2021-10-11 00:00:00
510,294951789.55616,957762578.36028,2021-10-12 00:00:00
511,260664480.04242998,964661323.9158599,2021-10-13 00:00:00
512,309921326.67875004,956627988.03241,2021-10-14 00:00:00
513,248056880.73798,995646122.99382,2021-10-15 00:00:00
514,238468407.01446,976668139.5878,2021-10-16 00:00:00
515,247217643.89325002,922198239.88908,2021-10-17 00:00:00
516,257588066.99036002,905733796.3727001,2021-10-18 00:00:00
517,243634518.33459002,812985264.97178,2021-10-19 00:00:00
518,264258749.41369,818835874.82961,2021-10-20 00:00:00
519,220353661.60992,799839432.4511099,2021-10-21 00:00:00
520,232124229.99443,800726837.51442,2021-10-22 00:00:00
521,234280052.79140002,840378663.80058,2021-10-23 00:00:00
522,279943290.60600996,851027384.1045899,2021-10-24 00:00:00
523,278736144.34542,824004681.89576,2021-10-25 00:00:00
524,217003749.1902,796745120.11719,2021-10-26 00:00:00
525,237890074.86725998,782844601.94805,2021-10-27 00:00:00
526,185215101.13522,812834060.76159,2021-10-28 00:00:00
527,189210822.45098,751495059.13587,2021-10-29 00:00:00
528,127754739.9878,529513241.71641,2021-10-30 00:00:00
529,109623668.81099,540495612.6955401,2021-10-31 00:00:00
530,179173714.42836,577766295.92174,2021-11-01 00:00:00
531,203859447.56107,719239812.87244,2021-11-02 00:00:00
532,268238601.40921998,637054924.8594999,2021-11-03 00:00:00
533,242227534.31714,675653795.9022701,2021-11-04 00:00:00
534,190521100.27606001,851930846.19281,2021-11-05 00:00:00
535,171389812.05927,825888651.44083,2021-11-06 00:00:00
536,182824422.99462998,826036950.38562,2021-11-07 00:00:00
537,202091653.35109,820424235.24564,2021-11-08 00:00:00
538,184998493.28946,768218916.13535,2021-11-09 00:00:00
539,179900900.7113,725471027.26718,2021-11-10 00:00:00
540,214378263.29621,757248824.73438,2021-11-11 00:00:00
541,202231837.53969,757441299.20233,2021-11-12 00:00:00
542,207578361.92786,741332315.63661,2021-11-13 00:00:00
543,231334217.63939,721603962.61947,2021-11-14 00:00:00
544,234897582.09573,738398583.8096299,2021-11-15 00:00:00
545,237702042.79461002,706786129.7923,2021-11-16 00:00:00
546,260796862.27556,786697080.03122,2021-11-17 00:00:00
547,259482768.33435002,935021677.2097001,2021-11-18 00:00:00
548,259950481.93317002,961054716.89021,2021-11-19 00:00:00
549,238179371.47286,934780623.93611,2021-11-20 00:00:00
550,243677902.04882002,985349104.6160899,2021-11-21 00:00:00
551,263155802.28506,1017924545.5886,2021-11-22 00:00:00
552,271092147.41038,1032641064.34711,2021-11-23 00:00:00
553,290467568.24048,988941072.73012,2021-11-24 00:00:00
554,293054990.52663,969690102.81066,2021-11-25 00:00:00
555,224564189.3992,918944445.52566,2021-11-26 00:00:00
556,225158041.93414003,1012893055.22387,2021-11-27 00:00:00
557,224257111.16834,1007334912.0745599,2021-11-28 00:00:00
558,238547152.97413,1037587550.55028,2021-11-29 00:00:00
559,245522758.45244,972872340.33684,2021-11-30 00:00:00
560,209043770.46868,984604639.637,2021-12-01 00:00:00
561,213602805.41214,987388011.8762901,2021-12-02 00:00:00
562,172384600.05177,980136589.27002,2021-12-03 00:00:00
563,188697135.70345,926280277.11386,2021-12-04 00:00:00
564,156237175.9206,991026381.70347,2021-12-05 00:00:00
565,156486140.95602,1039309267.31053,2021-12-06 00:00:00
566,166525601.56288,1015232386.5967499,2021-12-07 00:00:00
567,177077822.49564,1024955565.78545,2021-12-08 00:00:00
568,183002933.97566,1001148456.2590799,2021-12-09 00:00:00
569,191907493.96585003,1046168793.22902,2021-12-10 00:00:00
570,224045832.78247002,1089838465.78999,2021-12-11 00:00:00
571,240566436.47694,1089503786.63542,2021-12-12 00:00:00
572,318491041.59412,1190399106.2626698,2021-12-13 00:00:00
573,363092331.27226,1247739563.17914,2021-12-14 00:00:00
574,360660578.42585,1264105812.68793,2021-12-15 00:00:00
575,317044049.26609004,1197294844.43075,2021-12-16 00:00:00
576,329203358.38036996,1254762568.07605,2021-12-17 00:00:00
577,356434280.36468005,1290188173.37874,2021-12-18 00:00:00
578,344008748.57829,1323410923.7623801,2021-12-19 00:00:00
579,333871176.94789,1353412608.80093,2021-12-20 00:00:00
580,322603320.78992003,1327010396.72604,2021-12-21 00:00:00
581,304388816.06880003,1216224093.87902,2021-12-22 00:00:00
582,296876301.34222,1221292011.7126598,2021-12-23 00:00:00
583,328225742.99815,1263716108.25072,2021-12-24 00:00:00
584,103022677.87524,1251433312.12941,2021-12-25 00:00:00
585,107703371.80779,1282272631.79607,2021-12-26 00:00:00
586,278668264.02485996,1269976131.71189,2021-12-27 00:00:00
587,277083201.92862,1260849441.96407,2021-12-28 00:00:00
588,266804162.75296,1278645867.81287,2021-12-29 00:00:00
589,319294946.72033,1304805086.0686202,2021-12-30 00:00:00
590,336431891.01947,1265201036.64432,2021-12-31 00:00:00
591,361969062.08562,1268833226.0119998,2022-01-01 00:00:00
592,329964366.64038,1166472101.62417,2022-01-02 00:00:00
593,347197410.09008,1158239171.9409099,2022-01-03 00:00:00
594,343295947.88035,1177115427.39532,2022-01-04 00:00:00
595,329611288.64148,1169318275.18378,2022-01-05 00:00:00
596,350517268.69205,1177771566.96027,2022-01-06 00:00:00
597,356618173.82821,1206957850.56429,2022-01-07 00:00:00
598,412353300.38404,1291517610.17155,2022-01-08 00:00:00
599,404968808.72958,1309700285.34188,2022-01-09 00:00:00
600,295355510.84808,1307828840.04505,2022-01-10 00:00:00
601,286286045.07466,1298737621.74566,2022-01-11 00:00:00
602,300991715.15907997,1290483566.68578,2022-01-12 00:00:00
603,277655693.89334,1254380740.1915,2022-01-13 00:00:00
604,266696340.43799,1248821569.28969,2022-01-14 00:00:00
605,251676286.23104,1257910764.0185301,2022-01-15 00:00:00
606,242017297.03070998,1207093132.36956,2022-01-16 00:00:00
607,255722639.28786,1211945629.20082,2022-01-17 00:00:00
608,253456907.35803998,1214474327.25062,2022-01-18 00:00:00
609,389942861.06433,1542184970.22545,2022-01-19 00:00:00
610,346697950.3937,1604072102.7121701,2022-01-20 00:00:00
611,337003959.82203,1603746637.40338,2022-01-21 00:00:00
612,479353626.09033,1753428552.40951,2022-01-22 00:00:00
613,502955195.73935,1688557751.6619601,2022-01-23 00:00:00
614,499935352.97121996,1683895752.02511,2022-01-24 00:00:00
615,545269089.54154,1584578246.55059,2022-01-25 00:00:00
616,520416772.37631,1543068677.20914,2022-01-26 00:00:00
617,497050061.13560003,1521835908.5735,2022-01-27 00:00:00
618,535661149.33034,1607583079.86674,2022-01-28 00:00:00
619,545588350.8261501,1646965634.2951,2022-01-29 00:00:00
620,512956081.78419,1643543543.5264602,2022-01-30 00:00:00
621,497543605.25686,1761741090.1011899,2022-01-31 00:00:00
622,495632609.70067,1724728960.39892,2022-02-01 00:00:00
623,495941874.71904004,1729512470.14358,2022-02-02 00:00:00
624,498870184.02719,1769052995.4864402,2022-02-03 00:00:00
625,515108815.3429,1642665826.2028298,2022-02-04 00:00:00
626,521306553.43924004,1685281767.09224,2022-02-05 00:00:00
627,467306434.89311,1914887203.6297,2022-02-06 00:00:00
628,476817890.2906,1949251578.90278,2022-02-07 00:00:00
629,506864929.29504997,2015762141.22102,2022-02-08 00:00:00
630,487200198.7795,2068084612.5815802,2022-02-09 00:00:00
631,487002420.50516,2114012295.75226,2022-02-10 00:00:00
632,480417679.4562,2090646715.63278,2022-02-11 00:00:00
633,516050975.17250997,2266417877.19248,2022-02-12 00:00:00
634,518843800.56075996,2335624830.36831,2022-02-13 00:00:00
635,518936567.67064,2343876448.29253,2022-02-14 00:00:00
636,524726205.11619,2271091487.44354,2022-02-15 00:00:00
637,494623755.01803,2132564310.07833,2022-02-16 00:00:00
638,515892394.25561,2210122508.7610297,2022-02-17 00:00:00
639,546738914.84365,2162727880.0824304,2022-02-18 00:00:00
640,547549866.33125,2164687032.05204,2022-02-19 00:00:00
641,539292922.99063,2155253954.08988,2022-02-20 00:00:00
642,521414667.22543,2182132626.20179,2022-02-21 00:00:00
643,533066944.95227,2110513502.07468,2022-02-22 00:00:00
644,519286649.23818,2111363501.5929399,2022-02-23 00:00:00
645,514513024.02646,2082677633.34164,2022-02-24 00:00:00
646,544498054.94444,2088251490.5883,2022-02-25 00:00:00
647,539340996.52749,1998573235.6984901,2022-02-26 00:00:00
648,532332419.7019,1996353530.74091,2022-02-27 00:00:00
649,532191849.06924,1954483354.48314,2022-02-28 00:00:00
650,479427890.73022,1863855312.74634,2022-03-01 00:00:00
651,497379721.37535,1852750865.39867,2022-03-02 00:00:00
652,503197233.51139,1766852768.72588,2022-03-03 00:00:00
653,373571039.28918,1733217863.50965,2022-03-04 00:00:00
654,385515463.35792005,1720275834.40666,2022-03-05 00:00:00
655,381705840.86815,1707357921.08893,2022-03-06 00:00:00
656,381907660.79503,1706512536.59233,2022-03-07 00:00:00
657,390065205.07644,1692440589.98357,2022-03-08 00:00:00
658,385274824.92667997,1657212680.79073,2022-03-09 00:00:00
659,383633478.51524,1637838198.4676502,2022-03-10 00:00:00
660,404312199.01364005,1647035464.13368,2022-03-11 00:00:00
661,418837370.41994005,1417427114.6703,2022-03-12 00:00:00
662,405585884.36681,1474439912.1639,2022-03-13 00:00:00
663,412586291.6676,1490235762.72398,2022-03-14 00:00:00
664,412611783.01951,1479903860.0566602,2022-03-15 00:00:00
665,384486981.64299,1446918433.45891,2022-03-16 00:00:00
666,389405890.58365995,1443741645.92492,2022-03-17 00:00:00
667,403973620.34726,1474933556.67172,2022-03-18 00:00:00
668,339584780.33539,1470520732.25724,2022-03-19 00:00:00
669,293677799.68218,1552819388.81987,2022-03-20 00:00:00
670,304784702.60046995,1527587470.74391,2022-03-21 00:00:00
671,267421023.81643,1478323161.3305302,2022-03-22 00:00:00
672,258085158.74256998,1475338862.57909,2022-03-23 00:00:00
673,241471819.87096,1420521651.04514,2022-03-24 00:00:00
674,207293607.32659,1286258034.1407201,2022-03-25 00:00:00
675,180388310.81151,1049333187.46068,2022-03-26 00:00:00
676,190527723.62518,1048644997.94709,2022-03-27 00:00:00
677,188640372.56131998,964631467.8078101,2022-03-28 00:00:00
678,173492897.28821,975180174.0993501,2022-03-29 00:00:00
679,192725817.31609002,1112467678.56383,2022-03-30 00:00:00
680,185334092.87683,1034664083.9585999,2022-03-31 00:00:00
681,195123283.84016,1002969086.23536,2022-04-01 00:00:00
682,206985236.16779998,984310222.8493401,2022-04-02 00:00:00
683,185730412.02425998,977282817.3267,2022-04-03 00:00:00
684,181281571.00437,976280977.53034,2022-04-04 00:00:00
685,171449738.46197,942851738.71665,2022-04-05 00:00:00
686,217068571.34591,1124024341.7941,2022-04-06 00:00:00
687,234344819.74594,1103418315.5784202,2022-04-07 00:00:00
688,256116398.9982,1111222162.07585,2022-04-08 00:00:00
689,290406502.87525,1016138663.99561,2022-04-09 00:00:00
690,287323450.61861,1004641651.4816899,2022-04-10 00:00:00
691,289190716.95119005,1069776043.3114799,2022-04-11 00:00:00
692,307293004.0209,1081728256.0516698,2022-04-12 00:00:00
693,284860137.65538996,1170220463.49492,2022-04-13 00:00:00
694,299896093.12601,1213489656.57862,2022-04-14 00:00:00
695,300261019.13834,1175857974.12894,2022-04-15 00:00:00
696,309303351.64197,1155682013.0247698,2022-04-16 00:00:00
697,312042331.99195,1179823296.20612,2022-04-17 00:00:00
698,314717259.93309,1198688146.55101,2022-04-18 00:00:00
699,314680422.4345,1182462430.98305,2022-04-19 00:00:00
700,307244915.66324,1189481139.0175197,2022-04-20 00:00:00
701,342578416.34349,1287930741.61327,2022-04-21 00:00:00
702,352220395.15472,1245615290.82791,2022-04-22 00:00:00
703,390578588.97951,1204315870.79137,2022-04-23 00:00:00
704,343786110.90787,1181621269.24685,2022-04-24 00:00:00
705,518453239.53479004,1291886762.7879,2022-04-25 00:00:00
706,500306221.98008996,1270944215.83681,2022-04-26 00:00:00
707,486253924.00406,1324494311.62365,2022-04-27 00:00:00
708,479288218.39273,1321462723.40798,2022-04-28 00:00:00
709,472079429.35444003,1297587057.90025,2022-04-29 00:00:00
710,466422675.08902,1301384637.8315299,2022-04-30 00:00:00
711,473115239.04339004,1345492290.63723,2022-05-01 00:00:00
712,468921517.4647,1355014642.52214,2022-05-02 00:00:00
713,505442012.61367,1451934429.4301598,2022-05-03 00:00:00
714,505823464.59922,1538442638.5780702,2022-05-04 00:00:00
715,398475335.72163,1563466492.0652401,2022-05-05 00:00:00
716,440445943.70224,1557215966.59357,2022-05-06 00:00:00
717,458911460.97905004,1575519118.38905,2022-05-07 00:00:00
718,476443188.05794,1612182995.6694999,2022-05-08 00:00:00
719,492788025.57309,1658402696.31746,2022-05-09 00:00:00
720,512054020.30571,1512643450.17292,2022-05-10 00:00:00
721,523649620.41398,1499449547.0346,2022-05-11 00:00:00
722,345364389.25718,1532297423.38994,2022-05-12 00:00:00
723,354651951.02722996,853757422.9427199,2022-05-13 00:00:00
724,314866094.61025,918368962.5696301,2022-05-14 00:00:00
725,263667523.11649,951963071.80036,2022-05-15 00:00:00
726,268189849.48257,939410255.34071,2022-05-16 00:00:00
727,259303750.95512,992825749.0685999,2022-05-17 00:00:00
728,280917400.03476,1155586944.7028499,2022-05-18 00:00:00
729,307702127.09837,1270707812.30648,2022-05-19 00:00:00
730,368872746.02948004,1341858091.84025,2022-05-20 00:00:00
731,301322160.79238003,1339808138.98196,2022-05-21 00:00:00
732,337043601.98226005,1375728049.79602,2022-05-22 00:00:00
733,407366357.81610996,1678527678.20247,2022-05-23 00:00:00
734,396155708.04779,1853096785.17523,2022-05-24 00:00:00
735,403923958.74558,1860576003.7680202,2022-05-25 00:00:00
736,391235228.19637996,1837062320.95189,2022-05-26 00:00:00
737,376237236.9101,1751280971.48455,2022-05-27 00:00:00
738,544000139.60743,1759664693.17681,2022-05-28 00:00:00
739,565529961.1435399,1772652125.12973,2022-05-29 00:00:00
740,561039295.27573,1682694128.12083,2022-05-30 00:00:00
741,528935884.04976,1683312745.6265802,2022-05-31 00:00:00
742,532545284.09121,1713205636.2115698,2022-06-01 00:00:00
743,403764890.94065,1694656067.71213,2022-06-02 00:00:00
744,399561652.47224003,1742376500.61431,2022-06-03 00:00:00
745,384747358.44998,1825058502.6117601,2022-06-04 00:00:00
746,395701359.18650997,1830922132.41566,2022-06-05 00:00:00
747,382581618.22667,1852255483.6248398,2022-06-06 00:00:00
748,371457849.41713995,1801989685.7353199,2022-06-07 00:00:00
749,389754859.06236994,1844012970.2119398,2022-06-08 00:00:00
750,372952057.30117995,1823636244.60582,2022-06-09 00:00:00
751,477469401.6244,1855756002.63225,2022-06-10 00:00:00
752,480706630.22669,1836150604.60349,2022-06-11 00:00:00
753,490280076.94953996,1894478380.0890899,2022-06-12 00:00:00
754,511663559.47565,2070648858.00275,2022-06-13 00:00:00
755,550499891.4579501,1210733880.4335501,2022-06-14 00:00:00
756,597401350.8857601,1332133396.37341,2022-06-15 00:00:00
757,585792419.1017301,1297411201.11709,2022-06-16 00:00:00
758,258030427.52620998,1327229979.35761,2022-06-17 00:00:00
759,283573479.18141997,1364326826.17574,2022-06-18 00:00:00
760,126362244.81872,1349891463.15207,2022-06-19 00:00:00
761,118991213.56479,1355859748.24433,2022-06-20 00:00:00
762,120281501.74087,1357107167.09628,2022-06-21 00:00:00
763,144578561.50112998,1434275889.52039,2022-06-22 00:00:00
764,403583697.04196,1544254333.7307699,2022-06-23 00:00:00
765,389952088.28807,1547082852.42094,2022-06-24 00:00:00
766,376734925.22524,1666386594.93606,2022-06-25 00:00:00
767,366621838.58672,1643423329.40985,2022-06-26 00:00:00
768,360355187.95786,1638120639.66683,2022-06-27 00:00:00
769,337400506.91309,1656552666.9827101,2022-06-28 00:00:00
770,319148344.03162,1604881120.82217,2022-06-29 00:00:00
771,319647165.02695,1493177990.3383498,2022-06-30 00:00:00
772,317672306.4975,1524819700.67086,2022-07-01 00:00:00
773,302744142.40664,1576575229.00577,2022-07-02 00:00:00
774,300847906.44842994,1660293894.94518,2022-07-03 00:00:00
775,299800158.70811,1731007286.8226697,2022-07-04 00:00:00
776,298970680.68737,1768844780.8855,2022-07-05 00:00:00
777,303128955.54431003,1791189353.22204,2022-07-06 00:00:00
778,256567803.80405003,1927958227.7481098,2022-07-07 00:00:00
779,259932680.09652,1893892598.24401,2022-07-08 00:00:00
780,247297561.00111,1459461767.3956099,2022-07-09 00:00:00
781,245528494.21619,1464661599.43824,2022-07-10 00:00:00
782,244686761.46956998,1480222218.5047,2022-07-11 00:00:00
783,251895338.77571,1518654425.95855,2022-07-12 00:00:00
784,260206889.85427,1591012397.7617002,2022-07-13 00:00:00
785,302609326.65585,1563285690.3932598,2022-07-14 00:00:00
786,299463033.91361,1546585427.25643,2022-07-15 00:00:00
787,297507570.14707005,1506621542.3469698,2022-07-16 00:00:00
788,298856840.34378004,1491370681.69382,2022-07-17 00:00:00
789,292285328.90036,1499323389.7897,2022-07-18 00:00:00
790,377517243.52781,1494935751.75033,2022-07-19 00:00:00
791,338922085.77701,1486668289.5731099,2022-07-20 00:00:00
792,311172513.1812,1518649233.04831,2022-07-21 00:00:00
793,272471376.03635,1540528369.27735,2022-07-22 00:00:00
794,280678643.24758,1547741783.90977,2022-07-23 00:00:00
795,293011602.61823,1528503294.3490298,2022-07-24 00:00:00
796,300968475.99018,1521035775.73157,2022-07-25 00:00:00
797,291825151.46995,1551167708.2324002,2022-07-26 00:00:00
798,291565233.60438,1548672132.72037,2022-07-27 00:00:00
799,287409417.74353004,1483626267.6597602,2022-07-28 00:00:00
800,258632092.34725,1479705006.27196,2022-07-29 00:00:00
801,247927335.36687,1452892167.40435,2022-07-30 00:00:00
802,255529152.73959002,1452858353.96936,2022-07-31 00:00:00
803,253796320.81985998,1549980991.1162102,2022-08-01 00:00:00
804,257346057.27958998,1501710701.92815,2022-08-02 00:00:00
805,248894120.15222996,1486464225.2748702,2022-08-03 00:00:00
806,255894504.87946,1474512562.01871,2022-08-04 00:00:00
807,312315556.54596,1504581812.8995903,2022-08-05 00:00:00
808,340479083.35086,1540954520.62531,2022-08-06 00:00:00
809,344775578.6703,1556645478.39396,2022-08-07 00:00:00
810,348023761.53827,1566027043.60612,2022-08-08 00:00:00
811,367417551.50308,1602400800.43999,2022-08-09 00:00:00
812,400276449.73966,1637674378.18811,2022-08-10 00:00:00
813,353853546.87985,1663507131.7756102,2022-08-11 00:00:00
814,351434315.8252,1758983169.8687098,2022-08-12 00:00:00
815,339232612.30682003,1776643404.69905,2022-08-13 00:00:00
816,335885085.50863,1800411634.66381,2022-08-14 00:00:00
817,326726769.28992,1768134044.5108302,2022-08-15 00:00:00
818,343200609.60852003,1731024702.75559,2022-08-16 00:00:00
819,350682461.50987005,1794673174.94543,2022-08-17 00:00:00
820,361401397.4955801,1792799813.99137,2022-08-18 00:00:00
821,362337736.4993,1765717904.67798,2022-08-19 00:00:00
822,372811469.83202,1766967217.89709,2022-08-20 00:00:00
823,400318486.44496995,1807057958.57979,2022-08-21 00:00:00
824,303847671.87131,1678685724.28141,2022-08-22 00:00:00
825,312080699.89899,1663166763.50754,2022-08-23 00:00:00
826,314557992.17461,1705464067.13031,2022-08-24 00:00:00
827,319092629.76702,1698337457.89378,2022-08-25 00:00:00
828,326353968.20263,1671381017.93468,2022-08-26 00:00:00
829,326632509.05718,1648221321.87973,2022-08-27 00:00:00
830,330758947.32525,1652208217.96373,2022-08-28 00:00:00
831,334530453.28566,1785710773.86369,2022-08-29 00:00:00
832,322248674.69841,1707995761.03369,2022-08-30 00:00:00
833,323895864.76562,1762716675.39031,2022-08-31 00:00:00
834,328772549.79974,1836396822.99233,2022-09-01 00:00:00
835,324172969.06518,1840719300.45464,2022-09-02 00:00:00
836,326695906.96629,1824693553.30767,2022-09-03 00:00:00
837,334010314.56164,1808495071.3453302,2022-09-04 00:00:00
838,295919236.45992,1868184795.2454002,2022-09-05 00:00:00
839,280424239.08559,1904535294.2779398,2022-09-06 00:00:00
840,308572623.7368,1970576159.2286,2022-09-07 00:00:00
841,296112232.82431996,1964835351.1947303,2022-09-08 00:00:00
842,293377994.62317,1968612044.89644,2022-09-09 00:00:00
843,296408452.21977997,1982609032.4378102,2022-09-10 00:00:00
844,290499984.48843,2010306563.52262,2022-09-11 00:00:00
845,288675110.37598,2039697025.14635,2022-09-12 00:00:00
846,288524355.92858,2065349104.5449,2022-09-13 00:00:00
847,292263371.3332,2163630176.84206,2022-09-14 00:00:00
848,265689324.06467003,2305630210.23412,2022-09-15 00:00:00
849,264617372.68639,1779742428.4050899,2022-09-16 00:00:00
850,271001011.46977997,1697514282.56444,2022-09-17 00:00:00
851,261314898.04549,1677090403.97308,2022-09-18 00:00:00
852,274627551.81712997,1728732660.6581101,2022-09-19 00:00:00
853,282949198.63916,1674236452.54309,2022-09-20 00:00:00
854,279119116.48846,1659387231.64716,2022-09-21 00:00:00
855,268134457.85007998,1653267556.87325,2022-09-22 00:00:00
856,256827810.88957,1649743259.36061,2022-09-23 00:00:00
857,269895689.45471,1696717135.37673,2022-09-24 00:00:00
858,265695045.33155,1700779590.4264202,2022-09-25 00:00:00
859,262430093.25579,1695967224.82694,2022-09-26 00:00:00
860,280751187.08624,1563466234.84204,2022-09-27 00:00:00
861,302232520.72317,1523863385.0795002,2022-09-28 00:00:00
862,305215510.8603,1561872203.88087,2022-09-29 00:00:00
863,307953211.97317,1520061218.0180402,2022-09-30 00:00:00
864,309215364.77413,1479078469.4586701,2022-10-01 00:00:00
865,311290879.01922,1479181599.8659,2022-10-02 00:00:00
866,311957718.19994,1487148612.44523,2022-10-03 00:00:00
867,294530533.74021006,1413569804.2206202,2022-10-04 00:00:00
868,291091037.66551,1399778373.84443,2022-10-05 00:00:00
869,304153291.93378,1395538819.29829,2022-10-06 00:00:00
870,305715324.45137,1401990499.3678901,2022-10-07 00:00:00
871,305287594.78485,1395872491.72611,2022-10-08 00:00:00
872,301790243.38702,1411294115.79699,2022-10-09 00:00:00
873,312481035.00569,1396438636.08042,2022-10-10 00:00:00
874,309348767.08171,1388940502.86342,2022-10-11 00:00:00
875,302643581.6777,1376495387.70434,2022-10-12 00:00:00
876,279894385.51414,1311341960.0209801,2022-10-13 00:00:00
877,281526344.01115,1157121229.90207,2022-10-14 00:00:00
878,282182440.61393,1137742250.8562,2022-10-15 00:00:00
879,362961557.87886,1135114000.09057,2022-10-16 00:00:00
880,360334997.46054,1132412654.394,2022-10-17 00:00:00
881,256738814.31139997,1029089978.5652201,2022-10-18 00:00:00
882,255354279.09034,1021738230.07966,2022-10-19 00:00:00
883,251782858.80031997,1004269894.7289301,2022-10-20 00:00:00
884,253491348.62004,1002263561.0159401,2022-10-21 00:00:00
885,162063070.63174,1022514947.39505,2022-10-22 00:00:00
886,160895395.38756,1011052151.22522,2022-10-23 00:00:00
887,166981597.81561,1013523306.7359201,2022-10-24 00:00:00
888,132002083.25827,1038288822.823,2022-10-25 00:00:00
889,137686137.73245,1049691980.62725,2022-10-26 00:00:00
890,135644420.10538,1056540087.66516,2022-10-27 00:00:00
891,130298719.43575001,1063616597.60499,2022-10-28 00:00:00
892,130192192.19505,1045361103.7355402,2022-10-29 00:00:00
893,175660943.5857,1049533830.8331699,2022-10-30 00:00:00
894,171643774.98128,1051487678.0311301,2022-10-31 00:00:00
895,109763848.03036001,1036344800.90002,2022-11-01 00:00:00
896,116718113.96420002,1022604875.02391,2022-11-02 00:00:00
897,115673325.41858,978624754.28207,2022-11-03 00:00:00
898,108810478.16841,964855957.1735,2022-11-04 00:00:00
899,116433536.65056,967987172.60246,2022-11-05 00:00:00
900,120905741.95372,971320348.8741801,2022-11-06 00:00:00
901,123310948.32663001,959906338.32711,2022-11-07 00:00:00
902,136900047.70062,977018039.8599801,2022-11-08 00:00:00
903,71244261.24005,909988292.36938,2022-11-09 00:00:00
904,60781647.16491,912743301.1383901,2022-11-10 00:00:00
905,51545870.68872,739164116.4858801,2022-11-11 00:00:00
906,64441033.311850004,834544417.3159101,2022-11-12 00:00:00
907,66516812.37345,854655256.8979402,2022-11-13 00:00:00
908,57925313.29111,994072617.7679601,2022-11-14 00:00:00
909,69460460.30196,1035343831.0638801,2022-11-15 00:00:00
910,63451985.351789996,991384901.4984801,2022-11-16 00:00:00
911,81135911.91339001,1020941846.76868,2022-11-17 00:00:00
912,80978724.45907,975587775.2080199,2022-11-18 00:00:00
913,108263176.18869,935718619.45289,2022-11-19 00:00:00
914,112646439.02530001,956559340.24191,2022-11-20 00:00:00
915,96378444.57975,950368190.0664399,2022-11-21 00:00:00
916,119692240.62509,851416944.2858499,2022-11-22 00:00:00
917,169255785.65050998,824087694.4838799,2022-11-23 00:00:00
918,158036438.95787,793784573.9525,2022-11-24 00:00:00
919,127849341.06638,698549739.21,2022-11-25 00:00:00
920,139686476.65798998,721429441.31073,2022-11-26 00:00:00
921,132815357.60729,722180541.03658,2022-11-27 00:00:00
922,130737115.38635,724381787.98371,2022-11-28 00:00:00
923,137929232.46405,708478227.90694,2022-11-29 00:00:00
924,141602427.88298,727204681.63596,2022-11-30 00:00:00
925,129471987.09753999,702664387.94688,2022-12-01 00:00:00
926,116126658.21044001,674055009.6547899,2022-12-02 00:00:00
927,118145082.33180001,690935653.89939,2022-12-03 00:00:00
928,117732382.47663,702033715.0764,2022-12-04 00:00:00
929,124089297.70404999,698024925.12396,2022-12-05 00:00:00
930,144625060.57582,689844528.77685,2022-12-06 00:00:00
931,130753174.28014001,678168606.7678001,2022-12-07 00:00:00
932,132342038.57259,683289143.9762499,2022-12-08 00:00:00
933,128893142.30354,682748318.11796,2022-12-09 00:00:00
934,121709709.24684,691723112.98548,2022-12-10 00:00:00
935,122424542.24317,688758565.6163399,2022-12-11 00:00:00
936,128399473.17672,681015250.85273,2022-12-12 00:00:00
937,131114582.40253,689543578.46953,2022-12-13 00:00:00
938,129368966.69932,690259019.22164,2022-12-14 00:00:00
939,120618231.65844998,716716585.94193,2022-12-15 00:00:00
940,109340498.37071,714292363.27007,2022-12-16 00:00:00
941,121993058.96843001,716857292.49952,2022-12-17 00:00:00
942,116651041.21891001,719901618.06216,2022-12-18 00:00:00
943,116154479.86107,710564393.1707699,2022-12-19 00:00:00
944,118876379.03841001,715432175.38129,2022-12-20 00:00:00
945,122052091.16978002,710441318.95583,2022-12-21 00:00:00
946,132188544.35684,702656886.94016,2022-12-22 00:00:00
947,140930980.43658,687688943.94531,2022-12-23 00:00:00
948,136266555.97654,674977496.24446,2022-12-24 00:00:00
949,141743544.50546,681693634.3945,2022-12-25 00:00:00
950,140027705.23543,687900161.15052,2022-12-26 00:00:00
951,140045786.32720998,685302673.69944,2022-12-27 00:00:00
952,142817640.62346,667644508.0888699,2022-12-28 00:00:00
953,151847420.00566,655224402.6837599,2022-12-29 00:00:00
954,149908901.11508,659917830.1392,2022-12-30 00:00:00
955,141914937.04817998,664764939.74735,2022-12-31 00:00:00
956,148687871.40675998,649942596.98532,2023-01-01 00:00:00
957,144669665.53016,656310312.64528,2023-01-02 00:00:00
958,148346597.61173,652230153.8954101,2023-01-03 00:00:00
959,154434313.21754,643582950.4782901,2023-01-04 00:00:00
960,151522336.79021,634017162.4232401,2023-01-05 00:00:00
961,155018456.04602998,641303998.33576,2023-01-06 00:00:00
962,139699065.55576,645378759.28406,2023-01-07 00:00:00
963,152408878.87194,642295713.88202,2023-01-08 00:00:00
964,158153839.79955,643926238.26987,2023-01-09 00:00:00
965,158179956.10783,667042995.68786,2023-01-10 00:00:00
966,158521231.86323,657123787.73237,2023-01-11 00:00:00
967,146595103.14095998,648579083.32442,2023-01-12 00:00:00
968,132868232.45534,640631608.9114699,2023-01-13 00:00:00
969,116801570.71623999,646761042.05221,2023-01-14 00:00:00
970,114402476.57178,609992392.22542,2023-01-15 00:00:00
971,125556029.11416,592656988.19727,2023-01-16 00:00:00
972,117305731.27630001,566100409.10858,2023-01-17 00:00:00
973,113071246.43468,563033360.69003,2023-01-18 00:00:00
974,97085805.84177,544096284.40136,2023-01-19 00:00:00
975,96826812.61474,531455077.82768,2023-01-20 00:00:00
976,109489558.50878,526398968.85173,2023-01-21 00:00:00
977,91519903.99061002,498315887.31858003,2023-01-22 00:00:00
978,96015615.68197,461651917.0044199,2023-01-23 00:00:00
979,100018070.83775,469063375.33889997,2023-01-24 00:00:00
980,107023683.04892999,459598791.67157,2023-01-25 00:00:00
981,106422320.30932,491542779.94182,2023-01-26 00:00:00
982,95340731.98638,501866913.21520996,2023-01-27 00:00:00
983,86922030.71112,498112873.50348,2023-01-28 00:00:00
984,91435784.11135,499338119.98985994,2023-01-29 00:00:00
985,91364080.74438,485306469.9879,2023-01-30 00:00:00
986,82026239.69691,444630839.13935,2023-01-31 00:00:00
987,85186639.64807999,481640240.91486996,2023-02-01 00:00:00
988,61693251.629760005,476770753.11253,2023-02-02 00:00:00
989,60814115.503850006,449697959.0557,2023-02-03 00:00:00
990,77625508.98505,427844417.94778997,2023-02-04 00:00:00
991,79926071.94266,420567023.57995,2023-02-05 00:00:00
992,84398510.66600999,423864527.4069,2023-02-06 00:00:00
993,108921416.23425,451378473.71027994,2023-02-07 00:00:00
994,98832208.85410999,436283705.39550996,2023-02-08 00:00:00
995,96097539.61286,454399587.63187,2023-02-09 00:00:00
996,95341734.57112,474904912.32474,2023-02-10 00:00:00
997,102268190.19027,454513788.68119,2023-02-11 00:00:00
998,141219925.54432,458026870.21145,2023-02-12 00:00:00
999,140079042.81655,467578514.1867399,2023-02-13 00:00:00
1000,90137170.25152,453808695.42585003,2023-02-14 00:00:00
1001,94464840.59638,428157726.89241,2023-02-15 00:00:00
1002,109816281.42392,454957625.00831,2023-02-16 00:00:00
1003,117758541.44005,445728298.25483996,2023-02-17 00:00:00
1004,129019321.23909,506022073.10778,2023-02-18 00:00:00
1005,116116386.62121,491338696.35088,2023-02-19 00:00:00
1006,113138587.35276,482506539.13057,2023-02-20 00:00:00
1007,121763414.72656,456212936.40868,2023-02-21 00:00:00
1008,113857323.01472,436319045.7501,2023-02-22 00:00:00
1009,116064597.34594001,421214516.46497995,2023-02-23 00:00:00
1010,115878229.06491,405299087.30634,2023-02-24 00:00:00
1011,99848281.16803,431095086.06419003,2023-02-25 00:00:00
1012,103229809.03252,431171433.91235995,2023-02-26 00:00:00
1013,102364759.54016998,425696656.93873,2023-02-27 00:00:00
1014,103680757.32365999,430982442.25302,2023-02-28 00:00:00
1015,95688753.39276,467711881.3583,2023-03-01 00:00:00
1016,95484259.6303,397629016.05592,2023-03-02 00:00:00
1017,145196983.24806,407576781.4392,2023-03-03 00:00:00
1018,127869609.74446,385879103.12384,2023-03-04 00:00:00
1019,144368836.0841,510665842.38165,2023-03-05 00:00:00
1020,145621272.96287,523586192.97832,2023-03-06 00:00:00
1021,142432571.82490999,493102108.6204901,2023-03-07 00:00:00
1022,143608320.03345,506146950.53815,2023-03-08 00:00:00
1023,148551229.4632,576367605.00583,2023-03-09 00:00:00
1024,187361547.36756998,658040104.93297,2023-03-10 00:00:00
1025,183672572.06204,421818126.9795,2023-03-11 00:00:00
1026,19417589.706439998,624758357.02425,2023-03-12 00:00:00
1027,34579177.524450004,559749820.52015,2023-03-13 00:00:00
1028,116660082.78926,434354637.43206996,2023-03-14 00:00:00
1029,124542793.58950001,466559211.15304005,2023-03-15 00:00:00
1030,125736023.22367999,482328748.4748799,2023-03-16 00:00:00
1031,137618840.95295,428102283.97756004,2023-03-17 00:00:00
1032,268651617.66643,479428411.96597004,2023-03-18 00:00:00
1033,301852494.33085996,464668012.86170006,2023-03-19 00:00:00
1034,211771629.0675,545040883.69448,2023-03-20 00:00:00
1035,213259357.48528,471968854.41620004,2023-03-21 00:00:00
1036,216121936.82754,492803000.9221,2023-03-22 00:00:00
1037,163320544.13050997,501298379.63319,2023-03-23 00:00:00
1038,163921820.85941997,496057948.31435,2023-03-24 00:00:00
1039,272404199.06716,374776248.41221,2023-03-25 00:00:00
1040,295040181.27137,428347789.99957997,2023-03-26 00:00:00
1041,267181997.23231,441949463.09119,2023-03-27 00:00:00
1042,311089937.50003004,367515765.19047,2023-03-28 00:00:00
1043,332089692.94043,393070950.59978,2023-03-29 00:00:00
1044,255585010.6436,364867862.81942,2023-03-30 00:00:00
1045,239987588.08418,357224465.97124994,2023-03-31 00:00:00
1046,231259080.47496,356632476.08201,2023-04-01 00:00:00
1047,274784855.09888995,326555973.64568996,2023-04-02 00:00:00
1048,226111578.31313,325879914.52314,2023-04-03 00:00:00
1049,278485308.21349,325197788.88378996,2023-04-04 00:00:00
1050,284750214.65822,329328916.06188,2023-04-05 00:00:00
1051,268882082.23121,343515337.48469,2023-04-06 00:00:00
1052,255243700.10585004,337943664.40743,2023-04-07 00:00:00
1053,254032519.05471998,335955350.79088,2023-04-08 00:00:00
1054,243235173.2151,326748797.91885996,2023-04-09 00:00:00
1055,218413926.59554,327612077.96556,2023-04-10 00:00:00
1056,226023520.27767,384916805.1577,2023-04-11 00:00:00
1057,220715417.74896,372210329.98139,2023-04-12 00:00:00
1058,206477347.47728,320540661.09298,2023-04-13 00:00:00
1059,181727926.8572,271415673.91568,2023-04-14 00:00:00
1060,180115456.90601,287505466.94768,2023-04-15 00:00:00
1061,187427478.98742,315169638.05087,2023-04-16 00:00:00
1062,197206686.21355,306300267.71961,2023-04-17 00:00:00
1063,189522596.89318,320717786.88535,2023-04-18 00:00:00
1064,188474912.84611002,285065156.52788997,2023-04-19 00:00:00
1065,186756340.60614,236154922.50636,2023-04-20 00:00:00
1066,182460866.78316,200839175.72048998,2023-04-21 00:00:00
1067,191271643.20209,202153356.48000002,2023-04-22 00:00:00
1068,188642103.74922,188237784.72086,2023-04-23 00:00:00
1069,171125193.66775,187959137.38509,2023-04-24 00:00:00
1070,199688561.22094,187158451.21438,2023-04-25 00:00:00
1071,186868179.97495002,192250368.52556,2023-04-26 00:00:00
1072,175641459.3833,199551761.27139,2023-04-27 00:00:00
1073,176482503.8143,206815965.65783,2023-04-28 00:00:00
1074,185972249.74580002,177254566.39055997,2023-04-29 00:00:00
1075,180631245.55844,187779129.88218,2023-04-30 00:00:00
1076,135719005.38398,190169615.75678998,2023-05-01 00:00:00
1077,182432791.20693,165068092.29321,2023-05-02 00:00:00
1078,183963712.0864,167112057.74606,2023-05-03 00:00:00
1079,173643306.02412,169913376.04219,2023-05-04 00:00:00
1080,168295572.39215,170841666.56844997,2023-05-05 00:00:00
1081,159431124.88986,254041249.7686,2023-05-06 00:00:00
1082,149994253.77863,256042596.73051,2023-05-07 00:00:00
1083,130474457.48642999,256479849.39896998,2023-05-08 00:00:00
1084,177708435.48501998,162776337.36830997,2023-05-09 00:00:00
1085,184447371.77306,191131037.06070998,2023-05-10 00:00:00
1086,183028450.42189,186036786.24201,2023-05-11 00:00:00
1087,183670409.3202,189004575.65972,2023-05-12 00:00:00
1088,166678911.17243,209804531.08194,2023-05-13 00:00:00
1089,170904284.35454002,212198706.21871,2023-05-14 00:00:00
1090,168537031.18344,211889730.31954,2023-05-15 00:00:00
1091,170170922.64325,210893590.50309,2023-05-16 00:00:00
1092,173583054.7386,217664624.99908,2023-05-17 00:00:00
1093,175771001.42872,219993260.74137,2023-05-18 00:00:00
1094,179849190.43965,194480744.55557,2023-05-19 00:00:00
1095,194912798.81726998,203991843.17508,2023-05-20 00:00:00
1096,199307400.43085998,206972484.5362,2023-05-21 00:00:00
1097,191429526.02361998,237170378.08815998,2023-05-22 00:00:00
1098,199771765.84852,232771099.31014,2023-05-23 00:00:00
1099,200121968.81495,224609687.35094,2023-05-24 00:00:00
1100,196628093.35333997,227924613.73708004,2023-05-25 00:00:00
1101,189144739.82796997,209488652.91986,2023-05-26 00:00:00
1102,169425625.26508,212008218.12987,2023-05-27 00:00:00
1103,166757162.03345,221064326.12309003,2023-05-28 00:00:00
1104,159043558.33903,213082985.68592,2023-05-29 00:00:00
1105,158377711.32548,220382887.01468,2023-05-30 00:00:00
1106,188344064.93384,220166509.17898,2023-05-31 00:00:00
1107,196951881.76393002,208484624.80734998,2023-06-01 00:00:00
1108,195074445.94239,226576524.74915,2023-06-02 00:00:00
1109,199728931.53085,211791699.3745,2023-06-03 00:00:00
1110,201319440.68036,216600285.71543998,2023-06-04 00:00:00
1111,203287549.80031002,217250476.61954,2023-06-05 00:00:00
1112,225872184.24495,215820858.66276997,2023-06-06 00:00:00
1113,164309804.45926,229408873.10316,2023-06-07 00:00:00
1114,175190509.45859,213847237.56408,2023-06-08 00:00:00
1115,185084107.32794002,210804627.98976,2023-06-09 00:00:00
1116,196545732.67954,230664100.11055,2023-06-10 00:00:00
1117,206166284.65609002,251204018.20631,2023-06-11 00:00:00
1118,182130346.67872,255289150.06645995,2023-06-12 00:00:00
1119,205159905.51896,262809545.13621998,2023-06-13 00:00:00
1120,200298853.11137998,245051511.19053,2023-06-14 00:00:00
1121,247294913.62258,240936024.01704,2023-06-15 00:00:00
1122,245410462.87122,161953764.82231998,2023-06-16 00:00:00
1123,227574887.89651,123101883.87515001,2023-06-17 00:00:00
1124,220916479.64993,147574188.31673998,2023-06-18 00:00:00
1125,237319695.88782,168057224.07015997,2023-06-19 00:00:00
1126,238536600.153,172888459.15047997,2023-06-20 00:00:00
1127,226279441.52946,181615491.25063998,2023-06-21 00:00:00
1128,196890033.94074002,166498667.82682002,2023-06-22 00:00:00
1129,177672967.27929997,149870558.86539,2023-06-23 00:00:00
1130,163786898.05322,139064996.82081,2023-06-24 00:00:00
1131,152973795.09403,151798305.58024997,2023-06-25 00:00:00
1132,150010450.4652,150366170.37726,2023-06-26 00:00:00
1133,157562428.75612,160807100.31818,2023-06-27 00:00:00
1134,180823441.67859,168327126.12605,2023-06-28 00:00:00
1135,177833506.26402,177689031.95365,2023-06-29 00:00:00
1136,199714118.82922,198512662.28862,2023-06-30 00:00:00
1137,207036706.70995,196273090.5811,2023-07-01 00:00:00
1138,197633243.89481997,186385250.31678998,2023-07-02 00:00:00
1139,196770210.87554002,186786105.28859997,2023-07-03 00:00:00
1140,192388502.59663,172423234.02104,2023-07-04 00:00:00
1141,184162530.06452,166313923.15884998,2023-07-05 00:00:00
1142,200341237.20540002,177734956.28255,2023-07-06 00:00:00
1143,185401726.2892,181646185.46664998,2023-07-07 00:00:00
1144,189256615.30589002,176646310.19511998,2023-07-08 00:00:00
1145,190492127.74087,178953755.75746998,2023-07-09 00:00:00
1146,191604922.37924,190602604.52559,2023-07-10 00:00:00
1147,179266370.34238,185418177.26305,2023-07-11 00:00:00
1148,178108111.52194,176527138.60289,2023-07-12 00:00:00
1149,172292681.8097,192820688.95554,2023-07-13 00:00:00
1150,163765818.72386003,157369173.08831,2023-07-14 00:00:00
1151,188643175.19849,139363375.51444998,2023-07-15 00:00:00
1152,183925869.37943,149591280.83243,2023-07-16 00:00:00
1153,174712062.19271,146050858.65794998,2023-07-17 00:00:00
1154,179674299.48275,131117886.00887,2023-07-18 00:00:00
1155,176600280.40907001,130645932.54388,2023-07-19 00:00:00
1156,177411206.26464,122897979.02793999,2023-07-20 00:00:00
1157,167021375.00958002,135334213.71857,2023-07-21 00:00:00
1158,170611275.11211,158049188.90960997,2023-07-22 00:00:00
1159,176901820.74707,157188367.353,2023-07-23 00:00:00
1160,184476460.76398,172315153.08098,2023-07-24 00:00:00
1161,193848158.2058,169234437.04031998,2023-07-25 00:00:00
1162,201736804.65881002,167092318.80092,2023-07-26 00:00:00
1163,204956061.13051,162891605.10674998,2023-07-27 00:00:00
1164,200696601.13816,168319618.10507998,2023-07-28 00:00:00
1165,201533742.65189,159359270.21093,2023-07-29 00:00:00
1166,196667742.35748,158312741.79574,2023-07-30 00:00:00
1167,123092595.75571999,67499456.02359001,2023-07-31 00:00:00
1168,152583706.21277,71255214.85489,2023-08-01 00:00:00
1169,134264958.19972,72514664.15436001,2023-08-02 00:00:00
1170,118030733.13907999,78372295.49526,2023-08-03 00:00:00
1171,114410841.46511,83669027.50303002,2023-08-04 00:00:00
1172,112053241.99245,82379872.53711002,2023-08-05 00:00:00
1173,137224341.15640998,88127065.42002,2023-08-06 00:00:00
1174,159575819.71350998,85986315.9863,2023-08-07 00:00:00
1175,155551011.48061,85590756.41723,2023-08-08 00:00:00
1176,140211806.5662,96896282.0209,2023-08-09 00:00:00
1177,131792891.63106999,84951186.21358,2023-08-10 00:00:00
1178,137174600.94915,82793325.30093001,2023-08-11 00:00:00
1179,126145662.53344,81408810.69651,2023-08-12 00:00:00
1180,142224726.53936,96213551.96359001,2023-08-13 00:00:00
1181,151468090.05679,93790322.31974001,2023-08-14 00:00:00
1182,172915451.76477998,81294143.57214001,2023-08-15 00:00:00
1183,142705222.49311,82475060.65085,2023-08-16 00:00:00
1184,140701816.36323,103160475.58466001,2023-08-17 00:00:00
1185,141758559.26236,122509128.80429001,2023-08-18 00:00:00
1186,145626168.25168002,114060199.13625,2023-08-19 00:00:00
1187,136286539.8958,112290078.90843,2023-08-20 00:00:00
1188,148141247.16812,99444101.72073002,2023-08-21 00:00:00
1189,146607404.93182,111612674.92431001,2023-08-22 00:00:00
1190,135214752.862,129560641.46973,2023-08-23 00:00:00
1191,132640995.38894999,127307555.26387,2023-08-24 00:00:00
1192,131729432.12278,133194965.58850001,2023-08-25 00:00:00
1193,141631053.90947,118775071.46803,2023-08-26 00:00:00
1194,138666359.0057,112505633.15957001,2023-08-27 00:00:00
1195,133354211.73721,111962369.84998001,2023-08-28 00:00:00
1196,125098784.39637999,101905821.1278,2023-08-29 00:00:00
1197,118987670.00193,93717001.89213,2023-08-30 00:00:00
1198,123670184.26754999,92585616.2395,2023-08-31 00:00:00
1199,130180038.80078,96512862.08279,2023-09-01 00:00:00
1200,136531576.92969,100738728.6781,2023-09-02 00:00:00
1201,145261714.89957,94530574.48171,2023-09-03 00:00:00
1202,138165479.69352,93940385.73004,2023-09-04 00:00:00
1203,130139354.58273,93835848.52726002,2023-09-05 00:00:00
1204,131516921.05598,100789820.12705,2023-09-06 00:00:00
1205,135224753.24929,101662903.26577,2023-09-07 00:00:00
1206,138748594.65217,108349737.87976001,2023-09-08 00:00:00
1207,137846379.35248,104833009.15916,2023-09-09 00:00:00
1208,134524765.8712,112145108.35584001,2023-09-10 00:00:00
1209,133292811.34741,111313988.74819,2023-09-11 00:00:00
1210,129163925.73365998,108072207.51663001,2023-09-12 00:00:00
1211,126570258.47255,101750395.70373,2023-09-13 00:00:00
1212,136312823.12532,96175110.28828001,2023-09-14 00:00:00
1213,132600564.66239,98376147.30988,2023-09-15 00:00:00
1214,132098215.63600999,91340527.11862001,2023-09-16 00:00:00
1215,125624843.1038,95605764.52089001,2023-09-17 00:00:00
1216,121519322.80537999,95335419.64783001,2023-09-18 00:00:00
1217,123467110.32696,93354283.68878001,2023-09-19 00:00:00
1218,126606929.30912,97995394.03184001,2023-09-20 00:00:00
1219,124805103.10203001,103054009.48906,2023-09-21 00:00:00
1220,128390652.68118998,105282251.97275001,2023-09-22 00:00:00
1221,132315063.64016001,99069434.96688001,2023-09-23 00:00:00
1222,130021069.66257,95220988.97066,2023-09-24 00:00:00
1223,130558949.95348999,93109693.29085,2023-09-25 00:00:00
1224,183840534.17446,94404192.95743,2023-09-26 00:00:00
1225,181490005.72291,92721039.11068,2023-09-27 00:00:00
1226,176948656.71635002,91323808.66347001,2023-09-28 00:00:00
1227,150632310.18925,91244187.84615,2023-09-29 00:00:00
1228,141798769.59214002,87595036.30666001,2023-09-30 00:00:00
1229,110357552.42122,89424581.3663,2023-10-01 00:00:00
1230,123962100.59492001,94110945.70066,2023-10-02 00:00:00
1231,119018157.83261001,91528259.42732002,2023-10-03 00:00:00
1232,123253124.59689,103593534.41321,2023-10-04 00:00:00
1233,120308065.72832,93132577.04376,2023-10-05 00:00:00
1234,120816208.57017,89773493.63502,2023-10-06 00:00:00
1235,120457965.14258,92467341.88331,2023-10-07 00:00:00
1236,120470349.01291001,92101383.55379,2023-10-08 00:00:00
1237,124682803.67883,95081808.18472001,2023-10-09 00:00:00
1238,117648814.86045,93683706.15841,2023-10-10 00:00:00
1239,132866671.07625,89541711.43421,2023-10-11 00:00:00
1240,117724446.34541,93566984.31654002,2023-10-12 00:00:00
1241,124260433.63063,86947162.13446002,2023-10-13 00:00:00
1242,122892420.9471,95984290.33486001,2023-10-14 00:00:00
1243,119221318.76831001,94007994.84909001,2023-10-15 00:00:00
1244,120784968.0086,93783496.20406,2023-10-16 00:00:00
1245,98613510.63801,91700369.32275002,2023-10-17 00:00:00
1246,110924322.45476,96949129.58332,2023-10-18 00:00:00
1247,112135258.10601,86779605.29443,2023-10-19 00:00:00
1248,110209852.27002001,80073998.65605001,2023-10-20 00:00:00
1249,110260466.17730999,77426069.12327,2023-10-21 00:00:00
1250,115566577.12256,93501386.98205002,2023-10-22 00:00:00
1251,121058871.02421,86952083.97025,2023-10-23 00:00:00
1252,106886203.33822,75834390.41123001,2023-10-24 00:00:00
1253,119251895.71829,68857738.70889,2023-10-25 00:00:00
1254,114664374.21437,79562562.0495,2023-10-26 00:00:00
1255,121202112.53891,68675260.03546001,2023-10-27 00:00:00
1256,111261881.7022,73207500.11463,2023-10-28 00:00:00
1257,118454503.80754,73715365.01041,2023-10-29 00:00:00
1258,120006000.96248,72263254.46257001,2023-10-30 00:00:00
1259,118509344.28432,83779248.15484,2023-10-31 00:00:00
1260,119235724.10211,83594156.4253,2023-11-01 00:00:00
1261,115363940.47656,71566135.51178001,2023-11-02 00:00:00
1262,117363067.55626,71765444.04259999,2023-11-03 00:00:00
1263,117142140.31705001,71113504.87942,2023-11-04 00:00:00
1264,114977532.85569,72052076.64259,2023-11-05 00:00:00
1265,112192669.35487,70084337.83715001,2023-11-06 00:00:00
1266,117215516.24351999,82453543.99054001,2023-11-07 00:00:00
1267,116620968.52906,74150004.72767,2023-11-08 00:00:00
1268,117495272.73658,74076243.62796001,2023-11-09 00:00:00
1269,113688087.43863,73894138.16430001,2023-11-10 00:00:00
1270,120437809.4021,83044601.56837,2023-11-11 00:00:00
1271,118728648.66764,75132933.82309,2023-11-12 00:00:00
1272,113767113.57000001,85318010.07907,2023-11-13 00:00:00
1273,112945392.46812001,67254200.02309,2023-11-14 00:00:00
1274,113671294.5949,65110697.431719996,2023-11-15 00:00:00
1275,118341703.45052001,70767450.34255001,2023-11-16 00:00:00
1276,118750307.05274001,70743455.11993001,2023-11-17 00:00:00
1277,118971820.71204999,73314992.90742,2023-11-18 00:00:00
1278,123404495.98565999,78930263.69862,2023-11-19 00:00:00
1279,120955647.12895,73654573.79308,2023-11-20 00:00:00
1280,112729029.78289999,76631448.80359,2023-11-21 00:00:00
1281,128010250.67992,79954167.53324,2023-11-22 00:00:00
1282,134024425.07190001,73337193.49370001,2023-11-23 00:00:00
1283,122992109.44773999,76793700.80010001,2023-11-24 00:00:00
1284,151493141.85683998,79922464.8724,2023-11-25 00:00:00
1285,131058973.59685999,77759525.23526001,2023-11-26 00:00:00
1286,120028705.52149001,78790567.55757001,2023-11-27 00:00:00
1287,115895142.26791,74186589.28819,2023-11-28 00:00:00
1288,111375306.94016,79941314.23289001,2023-11-29 00:00:00
1289,107591457.13992,81215124.58282,2023-11-30 00:00:00
1290,93083062.80419001,81287398.62012,2023-12-01 00:00:00
1291,75555507.93654001,71319786.42840001,2023-12-02 00:00:00
1292,102296885.60982999,76072842.48921,2023-12-03 00:00:00
1293,88220489.47351,74910628.99181001,2023-12-04 00:00:00
1294,86218033.89050001,83814709.73906,2023-12-05 00:00:00
1295,86807363.62593001,80680870.23293,2023-12-06 00:00:00
1296,90398825.02347,79234911.31808001,2023-12-07 00:00:00
1297,86098084.80721,73332226.49970001,2023-12-08 00:00:00
1298,79761454.42776,74864711.678,2023-12-09 00:00:00
1299,123155533.64168,79887558.29887001,2023-12-10 00:00:00
1300,104383265.47224,81956436.82827,2023-12-11 00:00:00
1301,87163926.62291,56784085.607640006,2023-12-12 00:00:00
1302,95977179.8982,72604952.2698,2023-12-13 00:00:00
1303,74368300.10187,72689859.63128,2023-12-14 00:00:00
1304,85265184.38394001,75903301.57243,2023-12-15 00:00:00
1305,89768788.81993,74428920.88816,2023-12-16 00:00:00
1306,94322880.16705,75932167.61633001,2023-12-17 00:00:00
1307,96572739.9957,91141320.01879,2023-12-18 00:00:00
1308,115876613.42513001,68637348.07619001,2023-12-19 00:00:00
1309,94246574.34514001,82377540.67516,2023-12-20 00:00:00
1310,98447408.89021,89880510.64137001,2023-12-21 00:00:00
1311,80797954.14958,87102871.14400001,2023-12-22 00:00:00
1312,85680213.05699,88421928.7222,2023-12-23 00:00:00
1313,85852171.61654,85905031.00107001,2023-12-24 00:00:00
1314,89139639.12866,86246037.1373,2023-12-25 00:00:00
1315,89136945.52902,82712565.7439,2023-12-26 00:00:00
1316,88621143.52682,97518243.91244,2023-12-27 00:00:00
1317,70863099.82156,81714067.39194001,2023-12-28 00:00:00
1318,81159304.58865,86613682.69212,2023-12-29 00:00:00
1319,84498475.96735,85412525.44693,2023-12-30 00:00:00
1320,87999257.44132,88670926.33108,2023-12-31 00:00:00
1321,88597460.78305,87992635.29565,2024-01-01 00:00:00
1322,82720944.54494,85969168.42372002,2024-01-02 00:00:00
1323,85244710.66487,92872374.49251,2024-01-03 00:00:00
1324,89961909.42315,92843169.2343,2024-01-04 00:00:00
1325,91251147.70789,93620322.36495002,2024-01-05 00:00:00
1326,108201660.94418,95482980.35445,2024-01-06 00:00:00
1327,110041305.68317999,93375051.20861001,2024-01-07 00:00:00
1328,90989887.96256,92961054.9227,2024-01-08 00:00:00
1329,92646903.95734999,97924149.14475001,2024-01-09 00:00:00
1330,103527108.78712,92743302.34901,2024-01-10 00:00:00
1331,92618189.04514,83829960.95690002,2024-01-11 00:00:00
1332,99032051.75854,95693674.72253,2024-01-12 00:00:00
1333,116330358.65887,91147796.08709,2024-01-13 00:00:00
1334,109664892.0648,103064595.1355,2024-01-14 00:00:00
1335,109932926.43693998,93341438.32583,2024-01-15 00:00:00
1336,99187223.4528,88688081.21854001,2024-01-16 00:00:00
1337,102567529.42956,105060558.61712001,2024-01-17 00:00:00
1338,108726384.62671,100861451.67442,2024-01-18 00:00:00
1339,122211758.60768,87193599.17424001,2024-01-19 00:00:00
1340,119156560.72278,101443875.85756,2024-01-20 00:00:00
1341,122844842.02134001,107652231.2625,2024-01-21 00:00:00
1342,98921122.49992,108443982.12745,2024-01-22 00:00:00
1343,143901157.28243,139819903.80580997,2024-01-23 00:00:00
1344,118430701.29888001,109583337.92657001,2024-01-23 12:00:33
