,circulating_Ethereum,minted_Ethereum,datetime,circulating_Polygon,minted_Polygon,circulating_BSC,minted_BSC
0,11916379212.203764,16788031738.23,2022-05-12,1075944.1218482377,0,4809827507.55003,0
1,12251948747.812,17123221507.91,2022-05-13,1104729.9248643278,0,4810756013.736237,0
2,12741057254.254282,17612345359.05,2022-05-14,1089706.2675098877,0,4811076459.237796,0
3,12864592137.178825,17735417602.14,2022-05-15,1086997.8494099379,0,4811434080.22582,0
4,12865052891.241684,17735417602.14,2022-05-16,1087226.257132072,0,4810539260.245183,0
5,13127910594.173208,17998075045.82,2022-05-17,1087381.7979259512,0,4814348287.0442505,0
6,13324157316.351002,18194582217.73,2022-05-18,1087250.832111272,0,4813331368.176683,0
7,13542187219.127066,18412508586.010002,2022-05-19,1086010.892647762,0,4813083911.101668,0
8,13678240624.101543,18548599503.829998,2022-05-20,1086180.5656327724,0,4811680448.413585,0
9,13691899544.561533,18562253947.45,2022-05-21,1087316.1305136024,0,4810169384.698114,0
10,13691969987.405642,18562253947.45,2022-05-22,1086560.4211367425,0,4810158449.180622,0
11,13647447741.79328,18517729237.969997,2022-05-23,1083177.6680689824,0,4810316347.06744,0
12,13453490657.396664,18323709027.82,2022-05-24,1084877.2039107925,0,4809584613.957804,0
13,13445929975.220545,18316126872.58,2022-05-25,1085322.0826574925,0,4810404800.031227,0
14,13591161909.042452,18461208566.789997,2022-05-26,1083316.6289817337,0,4809516679.103428,0
15,13364229872.408855,18234400951.51,2022-05-27,1081219.8653252237,0,4810466819.073093,0
16,13278744367.230917,18148906353.39,2022-05-28,1081692.6605013937,0,4811551292.699379,0
17,13297036320.845604,18167184473.74,2022-05-29,1081585.8090092526,0,4810843960.067434,0
18,13100167353.110022,17970184509.74,2022-05-30,1081867.1184191424,0,4810768637.482396,0
19,13100602283.548834,17970184509.74,2022-05-31,1081990.5625267325,0,4812021828.81243,0
20,13330424917.909704,18199987674.51,2022-06-01,1083710.8582314923,0,4811861321.287587,0
21,13267711097.226955,18137033179.86,2022-06-02,1087354.6126470123,0,4812075887.554488,0
22,13198463768.825953,18067916374.45,2022-06-03,1087441.6445186425,0,4811109207.931738,0
23,13179926459.113968,18049494760.77,2022-06-04,1088391.4062321333,0,4810814691.437269,0
24,13179878165.980862,18049494760.77,2022-06-05,1088734.20008658,0,4811125375.660552,0
25,13179879402.572039,18049494760.77,2022-06-06,1088182.7460485897,0,4810976838.196443,0
26,13370982520.617004,18240574079.16,2022-06-07,1086813.11618822,0,4811245904.364589,0
27,13143943469.148796,18013622468.18,2022-06-08,1085346.37200696,0,4811929929.413242,0
28,13074237878.07112,17943742005.95,2022-06-09,1085373.7652294624,0,4811809546.130734,0
29,13037217539.642965,17906733501.72,2022-06-10,1085721.2668794624,0,4813161501.6060915,0
30,13145164245.88941,18014451056.59,2022-06-11,1085694.2668794624,0,4813224551.000894,0
31,13037792329.325375,17907058478.58,2022-06-12,1086971.262595459,0,4813503953.1044655,0
32,12873422747.150715,17742539890.5,2022-06-13,1087382.6270910224,0,4814114473.175734,0
33,12726102503.51831,17595086267.63,2022-06-14,1080405.9686944522,0,4815298846.685459,0
34,12553753080.961233,17422532802.120003,2022-06-15,1080529.0976605623,0,4815435946.263844,0
35,12766986662.318949,17635721162.81,2022-06-16,1081110.9776453425,0,4818430729.952676,0
36,12699255151.652197,17568049484.28,2022-06-17,1081385.3724592924,0,4818517539.472722,0
37,12719202028.714396,17587788138.399998,2022-06-18,1081549.3637607524,0,4819052573.674237,0
38,12719318122.660906,17587788138.399998,2022-06-19,1081958.6667944423,0,4819511596.401814,0
39,12315740347.510944,17184126318.68,2022-06-20,1081750.7941968024,0,4819851960.619724,0
40,12318596934.592142,17187011888.78,2022-06-21,1081916.0331968023,0,4820205419.330045,0
41,12657367949.292902,17525749895.03,2022-06-22,1082098.8003434616,0,4821019222.896817,0
42,12661171851.592745,17529493252.41,2022-06-23,1082187.1444645715,0,4821033561.738712,0
43,12527035076.81692,17395382090.71,2022-06-24,1082577.6083477915,0,4820458127.760551,0
44,12494311845.415289,17362580707.53,2022-06-25,1082722.6083477915,0,4821211698.103649,0
45,12494317968.178709,17362580707.53,2022-06-26,1084038.8506686515,0,4821129547.820899,0
46,12494304240.96385,17362580707.53,2022-06-27,1083930.5733746819,0,4820848870.499471,0
47,12539986142.327864,17408263232.3,2022-06-28,1081886.474204322,0,4820232125.0422535,0
48,12525389258.42806,17383668676.84,2022-06-29,1082052.2956637419,0,4822564783.940391,0
49,12688955072.853193,17547224391.56,2022-06-30,1080631.7198424276,0,4823424022.319602,0
50,12634397376.5921,17492661364.97,2022-07-01,1081494.1318730577,0,4823625371.24218,0
51,12923890772.34363,17782174742.6,2022-07-02,1082117.120748501,0,4824649451.404749,0
52,12923877102.62382,17782174742.6,2022-07-03,1083283.5245769832,0,4823847182.242763,0
53,12923881389.202093,17782174742.6,2022-07-04,1084157.7153470032,0,4823823783.886916,0
54,12865885738.34376,17724170971.55,2022-07-05,1086757.7735079832,0,4823460272.166559,0
55,12920313540.02894,17778587247.26,2022-07-06,1086735.170738463,0,4824310413.643119,0
56,12950866965.393114,17809060347.94,2022-07-07,1087027.7538242182,0,4824669379.5021105,0
57,12957169618.827131,17815319819.49,2022-07-08,1085934.816181486,0,4826087554.215602,0
58,12997443188.119871,17855589860.06,2022-07-09,1086115.5656591959,0,4826201436.914852,0
59,12997321820.144815,17855589860.06,2022-07-10,1085569.3958601758,0,4826109308.905733,0
60,12997222340.808975,17855589860.06,2022-07-11,1085594.785270436,0,4826043374.958962,0
61,13117371952.162241,17975740556.15,2022-07-12,1086555.0380706058,0,4825786681.865592,0
62,13012943058.865093,17871293510.8,2022-07-13,1088169.4229606257,0,4825796124.868722,0
63,13085280943.48562,17943631371.58,2022-07-14,1087219.2213351359,0,4826263794.789024,0
64,13192110758.80465,18050466940.35,2022-07-15,1087955.3266837273,0,4826509980.068137,0
65,13047771447.622047,17906248181.21,2022-07-16,1087994.2066837272,0,4825820607.429926,0
66,13047771122.169819,17906248181.21,2022-07-17,1087965.1716837273,0,4825824809.793006,0
67,13047708983.664389,17906248181.21,2022-07-18,1088553.745611886,0,4825974769.198111,0
68,13249235490.440027,18107816466.98,2022-07-19,1088634.6485869407,0,4825926595.828532,0
69,13150362654.52757,18008948337.329998,2022-07-20,1088658.2279212186,0,4826577054.107971,0
70,13071043292.81781,17929626189.27,2022-07-21,1089295.0472570085,0,4826416256.255521,0
71,13018706067.309658,17877286300.15,2022-07-22,1089347.3995074686,0,4825785110.1691675,0
72,13084675779.035072,17943246775.14,2022-07-23,1089442.4027174686,0,4827194323.887465,0
73,13027905014.133057,17886457059.11,2022-07-24,1089489.8640436085,0,4827858260.206803,0
74,13027898962.649164,17886457059.11,2022-07-25,1088644.1412584886,0,4827829604.232292,0
75,13095167938.700819,17953727142.52,2022-07-26,1088874.0312584885,0,4827957392.405947,0
76,12902843662.856098,17761386355.19,2022-07-27,1089878.5299587285,0,4827656771.501461,0
77,12923871176.737034,17782405496.62,2022-07-28,1088883.7811278028,0,4827536334.8492,0
78,12975268802.051083,17833807854.26,2022-07-29,1088993.7811278028,0,4827422000.341991,0
79,13000286453.5122,17858623546.3,2022-07-30,1089132.485307193,0,4828091024.144688,0
80,13000082138.736658,17858623546.3,2022-07-31,1087785.947510123,0,4827449155.933719,0
81,12999979355.857597,17858623546.3,2022-08-01,1087863.1820562978,0,4828037131.009276,0
82,13062157034.702084,17920782360.02,2022-08-02,1088056.6662058076,0,4828276244.6621895,0
83,13062157034.702084,17920782360.02,2022-08-03,1088056.6662058076,0,4828074141.904423,0
84,13065008089.554552,17923534702.64,2022-08-04,1087101.9570624277,0,4829884098.815484,0
85,13061622619.344593,17920140081.8,2022-08-05,1087308.5570624277,0,4830040462.994919,0
86,13063118126.891094,17921636060.34,2022-08-06,1087468.6115143124,0,4830180730.830945,0
87,13063135275.389507,17921636060.34,2022-08-07,1087668.6115143145,0,4829164894.800043,0
88,13063079044.361347,17921636060.34,2022-08-08,1087707.6768258363,0,4828524111.252272,0
89,12952633553.801147,17811195196.53,2022-08-09,1087745.0117258364,0,4828917123.059669,0
90,12893041645.367107,17751302907.1,2022-08-10,1088227.5003279084,0,4829069880.972787,0
91,12932118132.342968,17790339527.739998,2022-08-11,1088005.135066161,0,4828377215.803551,0
92,12969121478.959106,17827334736.21,2022-08-12,1088286.1129283,0,4828928555.93175,0
93,12783874242.478516,17642129435.41,2022-08-13,1084383.593087221,0,4828542183.984638,0
94,12783795154.901093,17642129435.41,2022-08-14,1084408.593087221,0,4829241385.118672,0
95,12865267505.921764,17723549970.1,2022-08-15,1084433.791597421,0,4828798037.50367,0
96,13095876514.479908,17954109922.65,2022-08-16,1083939.114209061,0,4828973491.1477585,0
97,13120417382.603415,17978628301.89,2022-08-17,1106388.981748183,0,4829601034.99648,0
98,13427233425.137775,18285441643.17,2022-08-18,1081503.645184556,0,4829171923.561621,0
99,13681518622.698872,18539674982.06,2022-08-19,1081542.802334326,0,4829926793.334775,0
100,13960942398.218353,18819101300.66,2022-08-20,1081496.4689396762,0,4830078003.040042,0
101,13960929186.831245,18819101300.66,2022-08-21,1081803.8230719962,0,4829286832.266379,0
102,13960938481.898903,18819101300.66,2022-08-22,1081833.8130719962,0,4829329411.766887,0
103,14157993354.265018,19016156348.670002,2022-08-23,1081964.3456196561,0,4828760703.3025255,0
104,14170172401.83544,19028354515.07,2022-08-24,1082090.645346296,0,4829344080.096793,0
105,14277605116.355686,19136585110.34,2022-08-25,1082314.9689791063,0,4828797281.878948,0
106,14353791318.119377,19212924243.27,2022-08-26,1082714.0238800216,0,4828764286.866496,0
107,14435702061.950312,19294808604.21,2022-08-27,1082839.8429802854,0,4828893469.172066,0
108,14435662541.703123,19294808604.21,2022-08-28,1083841.4851800653,0,4829502938.359226,0
109,14283554445.137417,19142664192.4,2022-08-29,1084379.5092615653,0,4829001834.027953,0
110,14337698808.891396,19196873016.74,2022-08-30,1084323.8217944154,0,4829934109.407782,0
111,14506709152.549267,19365869254.79,2022-08-31,1084998.3152107182,0,4829968709.337683,0
112,14447149250.22878,19306362618.09,2022-09-01,1086208.3152107182,0,4829339449.990145,0
113,14559338229.255756,19418545053.100002,2022-09-02,1085604.1984807246,0,4830296607.774136,0
114,14701805018.728182,19555493337.91,2022-09-03,1085500.758583317,0,4737252746.426911,0
115,14701837531.948132,19555493337.91,2022-09-04,1085989.9251429471,0,4738119688.700743,0
116,14579587172.955992,19433224185.53,2022-09-05,1086252.143200237,0,4737714016.812252,0
117,14579572923.111073,19433224185.53,2022-09-06,1086609.1394676825,0,4738910891.959478,0
118,14876457664.688568,19729690921.96,2022-09-07,1086619.1394676825,0,4738639529.992499,0
119,14853726275.231903,19706930469.91,2022-09-08,1086669.4816986925,0,4742101599.300215,0
120,15061052593.349838,19914503979.600002,2022-09-09,1086636.3977966171,0,4741820639.656278,0
121,15149903422.726357,20003342416.92,2022-09-10,1086659.5734505705,0,4740672032.608068,0
122,15149876814.544548,20003342416.92,2022-09-11,1086798.388601336,0,4740762587.269777,0
123,15149888196.697643,20003342416.92,2022-09-12,1086446.8906790805,0,4742002999.901676,0
124,15270694993.618008,20124060226.210003,2022-09-13,1087482.9352408806,0,4741095645.554571,0
125,15351073857.178253,20204066527.28,2022-09-14,1086858.7354287205,0,4741926319.687516,0
126,15664229817.094625,20517253096.69,2022-09-15,1086444.9175951006,0,4745447331.8296585,0
127,15810560071.00855,20663850192.09,2022-09-16,1086442.4313290105,0,4742104297.369555,0
128,15803201134.901371,20656471724.98,2022-09-17,1086439.9280756405,0,4742184810.5612,0
129,15803205532.566189,20656471724.98,2022-09-18,1086539.9280756405,0,4742169750.155333,0
130,15803192738.0936,20656471724.98,2022-09-19,1086556.3487156404,0,4742168788.797852,0
131,16164632216.94473,21017817099.47,2022-09-20,1086654.7887156405,0,4738060420.096671,0
132,16161661872.069532,21014811039.12,2022-09-21,1086927.7537994215,0,4739359600.3995905,0
133,16179486413.858929,21032847703.280003,2022-09-22,1086979.7537994212,0,4738525131.540221,0
134,16208585072.473495,21062137359.760002,2022-09-23,1087291.7537994215,0,4736303845.7194805,0
135,16181077989.862011,21034339479.16,2022-09-24,1087291.7537994215,0,4736707481.904252,0
136,16181078404.184616,21034339479.16,2022-09-25,1087571.7052990617,0,4735330306.532315,0
137,16181150268.746572,21034339479.16,2022-09-26,1087581.7052990617,0,4735599334.485795,0
138,16189338266.291779,21042229623.12,2022-09-27,1087907.6652873876,0,4735653891.216888,0
139,16193813947.354273,21046716898.010002,2022-09-28,1088307.1523389677,0,4736401276.338301,0
140,16224679040.288002,21077675255.839996,2022-09-29,1088920.9526778078,0,4735929227.115005,0
141,16038193284.699562,20890960869.510002,2022-09-30,1088257.9410578145,0,4736675086.578487,0
142,16037923632.174965,20890678355.899998,2022-10-01,1088657.4820906643,0,4736564242.531929,0
143,16037859821.939905,20890678355.899998,2022-10-02,1088799.0885384046,0,4735905501.984954,0
144,16037843761.39335,20890678355.899998,2022-10-03,1088483.6271956444,0,4735669031.427828,0
145,16029743935.96927,20882575007.82,2022-10-04,1088518.2071015327,0,4735962984.879484,0
146,16339613873.590212,21192316476.09,2022-10-05,1088626.9749588834,0,4735930930.961598,0
147,16528920433.56575,21381640893.870003,2022-10-06,1088517.4296216415,0,4736722441.872629,0
148,16775091717.614933,21628100610.949997,2022-10-07,1087639.1133074744,0,4739169251.314039,0
149,16922691748.68459,21775610562.510002,2022-10-08,2090051.9010062732,4000000,4740743014.361414,0
150,16922696928.422457,21775610562.510002,2022-10-09,2084157.753693779,4000000,4740578957.705597,0
151,16824022921.61967,21676937877.359997,2022-10-10,2084696.1145802373,4000000,4740132980.368321,0
152,16682793352.801567,21535674271.27,2022-10-11,2084225.753693779,4000000,4740462079.885334,0
153,16678418868.839972,21531312010.83,2022-10-12,2084238.5708851495,4000000,4740453959.296712,0
154,16361163349.218712,21214058190.47,2022-10-13,2084643.6708851494,4000000,4742352881.552829,0
155,16513563827.284136,21366460260.98,2022-10-14,2084676.278940959,4000000,4744140333.882909,0
156,16521571741.003159,21374559206.329998,2022-10-15,2084710.7800464493,4000000,4744142499.488654,0
157,16521572503.938065,21374559206.329998,2022-10-16,2085740.7800464493,4000000,4743561029.985239,0
158,16434567100.287062,21287416721.34,2022-10-17,2086314.755670419,4000000,4744183771.07408,0
159,16457362311.662153,21310208702.809998,2022-10-18,2086467.9595618949,4000000,4744557129.442672,0
160,16712316378.233501,21565163437.23,2022-10-19,2086482.9595618949,4000000,4744751884.441285,0
161,16857379081.867056,21710234882.7,2022-10-20,2086377.4079880249,4000000,4744089208.49412,0
162,17026689135.341333,21879537634.36,2022-10-21,2086634.434387889,4000000,4743726956.82559,0
163,16910401412.257086,21763238812.480003,2022-10-22,2086815.6763126804,4000000,4742570603.1259,0
164,16910376399.729628,21763238812.480003,2022-10-23,2086523.3913327905,4000000,4742534223.014844,0
165,16910365108.621262,21763238812.480003,2022-10-24,2086570.9360232288,4000000,4742399194.693539,0
166,16919244833.596405,21772164932.44,2022-10-25,2087320.264049089,4000000,4742754906.207759,0
167,16717709534.085392,21570630501.24,2022-10-26,2089481.407318609,4000000,4742557313.543426,0
168,16630125248.943995,21483048698.09,2022-10-27,2089615.9107470992,4000000,4740549092.474628,0
169,16373876513.45759,21226718207.96,2022-10-28,2089833.670790449,4000000,4737452404.298485,0
170,16542037257.489883,21394874614.54,2022-10-29,2089698.269267159,4000000,4739265682.127299,0
171,16542052837.094505,21394874614.54,2022-10-30,2090124.051965679,4000000,4738405217.591485,0
172,16542047630.157091,21394874614.54,2022-10-31,2090003.263069279,4000000,4737700905.062515,0
173,16290537755.970621,21143340673.75,2022-11-01,2090027.299146499,4000000,4737388330.658638,0
174,16805894950.12448,21658670456.94,2022-11-02,2090654.617454839,4000000,4736177784.5710125,0
175,17112686953.088078,21965470278.76,2022-11-03,2090859.240276909,4000000,4735534096.982644,0
176,17627480590.36805,22480316249.61,2022-11-04,2091237.795054659,4000000,4733157919.975954,0
177,17691349803.313667,22544178453.609997,2022-11-05,2091239.1681455988,4000000,4732451461.081836,0
178,17691321214.700573,22544178453.609997,2022-11-06,2096101.941151599,4000000,4730209409.694453,0
179,17691315891.87464,22544178453.609997,2022-11-07,2592225.925260539,4000000,4730116852.654246,0
180,17727875844.413063,22580729629.37,2022-11-08,2587638.673155989,4000000,4735420246.085465,0
181,18089492557.33846,22942262967.89,2022-11-09,2575399.954835739,4000000,4741477109.876556,0
182,18152563031.639336,23004602796.52,2022-11-10,4074682.471273499,4000000,4755856639.353028,0
183,18152580789.659676,23004602796.52,2022-11-11,4073832.271583939,4000000,4751602588.781931,0
184,18493511748.87222,23345613467.61,2022-11-12,4075036.4872734994,4000000,4757697597.053322,0
185,18493567503.065926,23345613467.61,2022-11-13,4076085.586371989,4000000,4764289378.100435,0
186,18493565181.565914,23345613467.61,2022-11-14,4076060.570351989,4000000,4763955586.601929,0
187,18600713624.641403,23452767872.440002,2022-11-15,4074754.769519319,4000000,4761938652.950106,0
188,18348305966.37934,23200365269.789997,2022-11-16,4075396.769519319,4000000,4760797164.372227,0
189,18185077896.21861,23037140182.359997,2022-11-17,4075381.038593589,4000000,4759713475.790567,0
190,18048464830.046307,22900463412.97,2022-11-18,4075559.490133169,4000000,4757285467.408738,0
191,18020087670.18144,22872131223.56,2022-11-19,4075679.583310979,4000000,4757266168.905607,0
192,18019986659.522842,22872131223.56,2022-11-20,4075808.202278389,4000000,4761471586.5161915,0
193,18019855981.490448,22872131223.56,2022-11-21,4075449.095965229,4000000,4761742934.342976,0
194,17922193381.10337,22774463718.24,2022-11-22,4075531.796435229,4000000,4757674595.747713,0
195,17906914854.119614,22759177889.24,2022-11-23,4075536.7964352295,4000000,4759791862.336186,0
196,17990830346.97753,22842712672.47,2022-11-24,4075756.796435229,4000000,4761863523.251971,0
197,18000109397.162865,22852212672.47,2022-11-25,4075761.796435229,4000000,4760920349.732344,0
198,17633449842.94366,22485537202.43,2022-11-26,4075830.8064352293,4000000,4760211794.593604,0
199,17633449174.756245,22485537202.43,2022-11-27,4075846.1106352294,4000000,4760545913.408366,0
200,17549447682.545765,22401537202.429996,2022-11-28,4075846.1106352294,4000000,4760318093.569393,0
201,17518185512.39043,22370281483.8,2022-11-29,4575491.312206509,4000000,4760545618.637851,0
202,17513296495.499496,22365364036.800003,2022-11-30,4576605.312206509,4000000,4760246740.199659,0
203,17409906381.99556,22262030911.99,2022-12-01,4576845.112206509,4000000,4760790442.963632,0
204,17306402463.333134,22158529782.739998,2022-12-02,4575990.7361739185,4000000,4757603496.501635,0
205,17299851601.3155,22152178563.739998,2022-12-03,4576017.7361739185,4000000,4758203213.625045,0
206,17299860293.92812,22152178563.739998,2022-12-04,4575944.293253619,4000000,4756682668.518396,0
207,17285814432.39396,22138137066.16,2022-12-05,4575944.293253619,4000000,4756192698.421017,0
208,17247798428.7535,22100085756.88,2022-12-06,4576167.32925362,4000000,4754112510.083835,0
209,17204160417.75611,22056131834.35,2022-12-07,4576189.32925362,4000000,4752284232.168272,0
210,17247082716.62215,22099060635.18,2022-12-08,4576217.135953619,4000000,4754625756.541791,0
211,17206092468.032207,22058109550.870003,2022-12-09,4576780.721739919,4000000,4759555621.8692045,0
212,17247921185.226894,22099984042.23,2022-12-10,4576370.723552829,4000000,4761249850.140928,0
213,17247923704.622692,22099984042.23,2022-12-11,4578463.723552829,4000000,4764464179.1371975,0
214,17247932178.281418,22099984042.23,2022-12-12,4578481.7269528285,4000000,4766046729.079982,0
215,17149327276.505188,22001352875.78,2022-12-13,4578567.212925729,4000000,4767460283.520183,0
216,13950391975.620413,18802407218.74,2022-12-14,7078618.956525729,6000000,4767655413.3303995,0
217,13704632312.741491,18556644751.1,2022-12-15,7078624.156525729,6000000,4767530826.032594,0
218,13821573227.400507,18673542485.07,2022-12-16,7078515.730511539,6000000,4767488856.488867,0
219,13589715467.443066,18441655536.16,2022-12-17,7079847.820511539,6000000,4768626524.499083,0
220,13589711765.32079,18441655536.16,2022-12-18,7078571.422111539,6000000,4769106193.19817,0
221,13589709862.669186,18441655536.16,2022-12-19,7078433.203911539,6000000,4769229938.731708,0
222,13487885700.020126,18339816754.84,2022-12-20,7078598.3372704685,6000000,4769676123.751613,0
223,13205010075.400597,18056945993.010002,2022-12-21,7078578.2122704685,6000000,4769690638.853397,0
224,13162281811.448002,18014215419.56,2022-12-22,7079688.2122704685,6000000,4769980129.980948,0
225,13124998637.989744,17976932501.72,2022-12-23,7081132.892290469,6000000,4769968653.603352,0
226,12692908678.239857,17544879587.760002,2022-12-24,7080019.338590469,6000000,4769973355.200925,0
227,12617179485.011913,17469171886.89,2022-12-25,7080094.338590469,6000000,4774611164.056884,0
228,12536895671.711922,17388891988.16,2022-12-26,7079980.178590469,6000000,4774746797.530746,0
229,12448740900.528748,17300690268.11,2022-12-27,7080042.499657739,6000000,4774842586.405724,0
230,12323698564.206682,17175647399.04,2022-12-28,7080047.499657739,6000000,4774634662.667041,0
231,12171530442.560566,17023476660.99,2022-12-29,7079958.072657739,6000000,4774644340.494378,0
232,12023907569.3341,16875827764.52,2022-12-30,7078666.712660529,6000000,4775233442.172564,0
233,11846112472.931273,16698033894.17,2022-12-31,7079525.316878274,6000000,4775676989.612182,0
234,11708510021.810211,16560434947.17,2023-01-01,7078573.316878274,6000000,4776652529.993377,0
235,11708516840.961044,16560434947.17,2023-01-02,7078592.603031184,6000000,4777990085.35175,0
236,11575120344.026014,16427033520.53,2023-01-03,7078484.204031183,6000000,4778064256.248604,0
237,11749246042.332924,16601159556.41,2023-01-04,7079689.204031183,6000000,4778052273.668991,0
238,11784739578.21477,16636646091.01,2023-01-05,7079704.204031183,6000000,4778549065.911822,0
239,11924580795.890114,16776512717.82,2023-01-06,7079709.204031183,6000000,4778834981.005418,0
240,11614746116.548044,16466682572.16,2023-01-07,7079509.411999904,6000000,4778913164.665524,0
241,11573031179.733803,16424967238.39,2023-01-08,7079812.196226584,6000000,4777887688.26305,0
242,11451457809.663792,16303396716.76,2023-01-09,7079817.359588553,6000000,4777792634.894229,0
243,11494872570.217,16346810892.130001,2023-01-10,7079817.359588553,6000000,4777955292.48697,0
244,11589433423.62472,16441380583.74,2023-01-11,7079842.250988553,6000000,4778297695.7088995,0
245,11513476685.655739,16365419746.24,2023-01-12,7079842.250988553,6000000,4778290253.620527,0
246,11499091033.368202,16351019554.36,2023-01-13,7079755.644080244,6000000,4780262557.219638,0
247,11714950650.906923,16566890287.82,2023-01-14,7079755.644080244,6000000,4780217277.795875,0
248,11582434807.646322,16434371647.93,2023-01-15,7079755.644080244,6000000,4779831499.880796,0
249,11506645761.097204,16358554502.82,2023-01-16,7079761.014795983,6000000,4779053558.443941,0
250,11390672551.68146,16242596023.34,2023-01-17,7079751.043034273,6000000,4778977336.010408,0
251,11198372779.260212,16050296319.26,2023-01-18,7079751.043034273,6000000,4778925506.141103,0
252,11458994066.544256,16310901692.240002,2023-01-19,7079690.096035784,6000000,4778525847.701082,0
253,11520984487.82371,16372919906.35,2023-01-20,7079690.096035784,6000000,4778917332.072021,0
254,11484927565.194553,16336869449.970001,2023-01-21,7080567.910393474,6000000,4777424015.867592,0
255,11364678689.186836,16216621579.68,2023-01-22,7080567.910393474,6000000,4777012079.082255,0
256,11231346259.97886,16083287258.87,2023-01-23,7080567.910393474,6000000,4777056738.2472725,0
257,10963298774.73571,15815188105.019999,2023-01-24,7080567.910393474,6000000,4777184354.431253,0
258,10597459259.67871,15449351661.31,2023-01-25,7080567.910393474,6000000,4777781168.705322,0
259,10796192273.295757,15648082942.04,2023-01-26,7080710.585205274,6000000,4777764951.427296,0
260,11063209846.182365,15915099297.58,2023-01-27,7080728.393370434,6000000,4777823418.719499,0
261,10946540286.536858,15798426694.01,2023-01-28,7080729.915046903,6000000,4777783504.120232,0
262,10928947387.447071,15780823967.77,2023-01-29,7078951.533132253,6000000,4777507317.270295,0
263,10852507915.913773,15704383603.88,2023-01-30,7078951.533132253,6000000,4777582795.529603,0
264,10880328223.948462,15732191946.96,2023-01-31,7077237.100468653,6000000,4777971088.864307,0
265,11242507695.381203,16094371190.04,2023-02-01,7077237.100468653,6000000,4777505761.414845,0
266,11249647036.746887,16101514455.710001,2023-02-02,7077396.711833344,6000000,4778103726.895308,0
267,11232496854.791449,16084373020.56,2023-02-03,7077827.261238294,6000000,4778416262.360547,0
268,11420397477.211138,16272271387.16,2023-02-04,7078015.219944064,6000000,4778487941.678573,0
269,11420456142.270716,16272271387.16,2023-02-05,7078025.219944064,6000000,4778588701.360083,0
270,11406459650.96673,16258271387.16,2023-02-06,7078025.219944064,6000000,4778562846.255204,0
271,11334137872.170404,16185763260.300001,2023-02-07,7078028.427482014,6000000,4778558301.462436,0
272,11330338949.83219,16181981038.3,2023-02-08,7079031.654027624,6000000,4778413968.776267,0
273,11325172350.952715,16176805382.3,2023-02-09,7079034.918651063,6000000,4778321766.564024,0
274,11309966735.76665,16161589382.3,2023-02-10,7079239.919762174,6000000,4777533942.761266,0
275,11297314691.955502,16148914858.72,2023-02-11,7079439.902919354,6000000,4779821054.061308,0
276,11297313644.283882,16148914858.72,2023-02-12,7079439.902919354,6000000,4779667963.705933,0
277,11297312021.950182,16148914858.72,2023-02-13,7079439.902919354,6000000,4779933184.219479,0
278,10954148172.854063,15806653679.13,2023-02-14,6073481.933697963,6000000,4785395324.8169155,0
279,10481777659.17244,15334272178.98,2023-02-15,6073531.970377004,6000000,4785538360.178251,0
280,9366472882.770544,14218971551.91,2023-02-16,6072938.712969353,6000000,4785366724.671597,0
281,8853769701.40561,13706253853.04,2023-02-17,6072938.712969353,6000000,4785668662.387324,0
282,8460580096.651735,13313048338.74,2023-02-18,6072910.489860293,6000000,4785689244.213256,0
283,8386358329.255126,13238824118.74,2023-02-19,6072828.572860293,6000000,4785135975.534931,0
284,8386361132.306491,13238824118.74,2023-02-20,6072833.572860293,6000000,4790385229.236596,0
285,7949528186.091315,12801997392.7,2023-02-21,6072833.572860293,6000000,4790845392.372372,0
286,7580022224.46359,12432497350.09,2023-02-22,6072833.572860293,6000000,4790589575.920621,0
287,9134861664.745028,11987324966.8,2023-02-23,6072833.572860293,6000000,2790635724.573448,0
288,8780898833.716805,11633362079.59,2023-02-24,6072833.572860293,6000000,2791163636.6367016,0
289,8276886976.78877,11129348406.16,2023-02-25,6072838.572414664,6000000,2792021994.7792788,0
290,8276891879.013451,11129348406.16,2023-02-26,6072838.572414664,6000000,2792288656.495707,0
291,8113786451.735911,10966244897.0,2023-02-27,6072856.782725854,6000000,2792278063.6724954,0
292,7783959444.939633,10636444429.470001,2023-02-28,6072856.782725854,6000000,2792955608.9895835,0
293,7676866093.768088,10529346859.53,2023-03-01,6072856.782725854,6000000,2793243542.5033402,0
294,7310945501.033112,10163424792.890001,2023-03-02,6072644.800747113,6000000,2793312573.052124,0
295,6823120556.475425,9675572255.81,2023-03-03,6072644.800747113,6000000,2793442774.662358,0
296,6318036483.522752,9170491863.13,2023-03-04,6072644.800747113,6000000,2794341370.3273916,0
297,6063258392.820809,8915714611.67,2023-03-05,6073164.853015593,6000000,2794598683.337717,0
298,5836945928.010401,8689408012.96,2023-03-06,6073164.853015593,6000000,2794680988.5799923,0
299,5586451744.603064,8438912487.68,2023-03-07,6073159.236330784,6000000,2794199845.888415,0
300,5557244632.338387,8409705314.38,2023-03-08,6073159.236330784,6000000,2793977504.170706,0
301,5554502499.523083,8406956446.32,2023-03-09,6073159.236330784,6000000,2794020246.847864,0
302,5548848108.367931,8401286446.32,2023-03-10,6073179.236330784,6000000,2794178118.352819,0
303,5543982482.257933,8396420518.210001,2023-03-11,6073179.502777244,6000000,2795549486.4901676,0
304,5544040391.906324,8396420518.210001,2023-03-12,6073179.502777244,6000000,2800341518.7273965,0
305,5523538381.421525,8375924000.64,2023-03-13,6073488.035003943,6000000,2800518527.9525247,0
306,5523516716.790633,8375923998.639999,2023-03-14,6073488.035003943,6000000,2800403698.1479774,0
307,6117512858.004739,8369923998.64,2023-03-15,6073288.341680134,6000000,2201441938.3652906,0
308,6087505220.459232,8339923998.64,2023-03-16,6073288.654838174,6000000,2200996770.595292,0
309,5997562297.541607,8249923998.639999,2023-03-17,6073323.715351573,6000000,2201004327.9948864,0
310,5972559396.941403,8224923998.639999,2023-03-18,6073259.195073443,6000000,2200825002.545612,0
311,5972555496.941403,8224923998.639999,2023-03-19,6073259.195073443,6000000,2201024367.156632,0
312,5972557491.941404,8224923998.639999,2023-03-20,6072161.968858434,6000000,2200839365.2906775,0
313,5897320868.124928,8149682751.5,2023-03-21,6072161.968858434,6000000,2200763705.6310606,0
314,5867319428.61304,8119682751.5,2023-03-22,6072163.644309454,6000000,2200588871.9535236,0
315,5811655693.003945,8064021540.2,2023-03-23,6072163.689262884,6000000,2202470534.584502,0
316,5811657680.220986,8064021540.2,2023-03-24,6072163.690266654,6000000,2202257643.1041255,0
317,5771983468.668047,8024348823.74,2023-03-25,6072163.735076304,6000000,2202803718.174903,0
318,5771983977.667021,8024348823.74,2023-03-26,6072193.762575803,6000000,2202841959.6233273,0
319,5771976197.138391,8024348823.74,2023-03-27,6072193.762575803,6000000,2202846446.3630958,0
320,5577516644.097093,7829888924.96,2023-03-28,6072218.762575803,6000000,2202802625.357184,0
321,5463064566.426135,7715434161.66,2023-03-29,6072218.767329354,6000000,2202964157.135606,0
322,5412300679.426235,7664673849.0,2023-03-30,6072220.262163754,6000000,2202949627.643809,0
323,5362149412.141893,7614518814.5,2023-03-31,6072220.262163754,6000000,2207500626.1123776,0
324,5304810144.164917,7557187530.3,2023-04-01,6072062.740726223,6000000,2208243316.4962525,0
325,5304789598.433893,7557187530.3,2023-04-02,6072062.740726223,6000000,2209091220.89003,0
326,5304789544.438904,7557187530.3,2023-04-03,6072062.740726223,6000000,2209320034.189058,0
327,5163316635.966826,7415725251.4800005,2023-04-04,6072063.056046284,6000000,2209218314.3109765,0
328,5037876609.348086,7290280656.09,2023-04-05,6071544.843253284,6000000,2208848621.169727,0
329,4905228628.888174,7157628183.79,2023-04-06,6071544.843253284,6000000,2208526426.665584,0
330,4818394078.437755,7070792706.88,2023-04-07,6071544.843253284,6000000,2208623446.946341,0
331,4818105676.855768,7070499364.22,2023-04-08,6071544.843253284,6000000,2208807107.0647383,0
332,4818105676.855768,7070499364.22,2023-04-09,6071544.843253284,6000000,2208948645.2937026,0
333,4818113660.486797,7070499364.22,2023-04-10,6071544.843253284,6000000,2208960673.3709517,0
334,4704350295.738768,6956739397.55,2023-04-11,6071314.680372054,6000000,2208976817.8539515,0
335,4643343570.663858,6895734161.66,2023-04-12,6071327.8231716035,6000000,2209104921.9144874,0
336,4543052081.074383,6795434162.66,2023-04-13,6071312.155365303,6000000,2209128051.8230095,0
337,4463202820.254375,6715536696.66,2023-04-14,6071312.155365303,6000000,2208986803.131073,0
338,4428784296.581814,6681120013.94,2023-04-15,6071312.155365303,6000000,2208852658.1632094,0
339,4428784306.581815,6681120013.94,2023-04-16,6071312.155365303,6000000,2208881392.087342,0
340,4428785068.896999,6681120013.94,2023-04-17,6071312.155365303,6000000,2209136990.4012766,0
341,4403688757.207737,6656024716.67,2023-04-18,6071313.862843093,6000000,2209196073.120954,0
342,4388664266.109247,6641005990.46,2023-04-19,6071313.862843093,6000000,2209104435.618023,0
343,4359672490.638491,6612006790.46,2023-04-20,6071413.872869244,6000000,2209207333.270648,0
344,4330470567.261168,6582802148.59,2023-04-21,6071413.872869244,6000000,2209272918.448237,0
345,4192846069.9104257,6445097642.669999,2023-04-22,6071413.8728792835,6000000,2209437250.945065,0
346,4192767768.9803185,6445097642.669999,2023-04-23,6071413.8728792835,6000000,2208297627.500652,0
347,4192774963.9813075,6445097642.669999,2023-04-24,6071413.8728792835,6000000,2208120831.913531,0
348,4158174756.1623726,6410496121.5,2023-04-25,6071413.8728792835,6000000,2207932073.2449427,0
349,4093124066.224094,6345445362.21,2023-04-26,6071313.886116903,6000000,2210675979.432212,0
350,4053118309.2332845,6305441361.21,2023-04-27,6071183.918916903,6000000,2210783821.9223676,0
351,4028627136.921355,6280952242.240001,2023-04-28,6071183.919215423,6000000,2210907174.465875,0
352,3944755538.472114,6197080501.91,2023-04-29,6071156.800193343,6000000,2211281393.146184,0
353,3944755432.3804307,6197080501.91,2023-04-30,6071156.800193343,6000000,2211504988.0240226,0
354,3944756077.647638,6197080501.91,2023-05-01,6071156.800193343,6000000,2211352472.744134,0
355,3903637442.90095,6155960305.860001,2023-05-02,6071156.800193343,6000000,2211404400.954541,0
356,3838635198.9709487,6090958105.929999,2023-05-03,6071156.800193343,6000000,2211554414.1334057,0
357,3733505599.020949,5985825905.98,2023-05-04,6071156.800193343,6000000,2211808120.9262347,0
358,3723302669.975201,5975624784.940001,2023-05-05,6071206.800193343,6000000,2211777313.6860447,0
359,3713288625.135548,5965614753.02,2023-05-06,6071206.800193343,6000000,2211713543.4535403,0
360,3713279346.8986487,5965614753.02,2023-05-07,6071206.800193343,6000000,2211714888.3005466,0
361,3713282725.4669805,5965614753.02,2023-05-08,6071206.800193343,6000000,2211749287.935782,0
362,3612305651.057383,5864690932.1,2023-05-09,6071206.800193343,6000000,2212263290.6925297,0
363,3542333556.1385083,5794734858.099999,2023-05-10,6070954.823193343,6000000,2212320474.162606,0
364,3512984445.81523,5765534180.42,2023-05-11,6070954.823193343,6000000,2212260134.5021863,0
365,3453882684.9371753,5706434165.67,2023-05-12,6070954.852779734,6000000,2212363424.7661448,0
366,3361985784.027175,5614434161.66,2023-05-13,6070954.852779734,6000000,2211872275.5687666,0
367,3361985705.771168,5614434161.66,2023-05-14,6070954.852779734,6000000,2211613469.367332,0
368,3361989141.6170096,5614434161.66,2023-05-15,6070954.852779734,6000000,2211645948.2299805,0
369,3306984446.976188,5559434162.559999,2023-05-16,6070954.868060463,6000000,2211707862.5237837,0
370,3302045457.006189,5554504172.59,2023-05-17,6070954.868060463,6000000,2211741625.228457,0
371,3292392835.216188,5544850552.799999,2023-05-18,6070954.868060463,6000000,2211735448.22459,0
372,3992392703.036155,5544850552.799999,2023-05-19,6070954.911011733,6000000,1511757655.3241713,0
373,3947343753.378047,5499801606.8,2023-05-20,6070968.999087454,6000000,1511784283.5720305,0
374,3947343202.622937,5499801606.8,2023-05-21,6070968.999087454,6000000,1511792728.5418606,0
375,3947343177.8799925,5499801606.8,2023-05-22,6070968.999087454,6000000,1511805062.6217656,0
376,3908394316.7037153,5460859541.32,2023-05-23,6070968.999087454,6000000,1511777489.326985,0
377,3848086042.7315817,5400572162.339999,2023-05-24,6071470.084817373,6000000,1511727310.9181414,0
378,3780028440.306244,5332532250.62,2023-05-25,6071335.419817373,6000000,1511548452.7661529,0
379,3750834529.0760245,5303336105.32,2023-05-26,6071076.714817373,6000000,1511572320.4755018,0
380,3723651317.606098,5276149035.15,2023-05-27,6071076.714817373,6000000,1511609721.9782295,0
381,3723651486.3774967,5276149035.15,2023-05-28,6071076.714817373,6000000,1511607564.3517227,0
382,3723656724.694993,5276149035.15,2023-05-29,6071076.714817373,6000000,1511836745.5899043,0
383,3723641925.412328,5276149035.15,2023-05-30,6071076.714817373,6000000,1512165221.3259287,0
384,3698795043.8388743,5251304850.18,2023-05-31,6071076.714817373,6000000,1512173856.0422926,0
385,3643563915.6080604,5196034161.66,2023-06-01,6071076.714817373,6000000,1512178471.1430619,0
386,3612548800.0808344,5165034161.66,2023-06-02,6071076.714817373,6000000,1512242752.1638346,0
387,3597062189.9601765,5149534164.66,2023-06-03,6071076.814660014,6000000,1512297691.9955323,0
388,3597063103.3183208,5149534164.66,2023-06-04,6071076.814660014,6000000,1512287820.2708418,0
389,3597063049.5348682,5149534164.66,2023-06-05,6071187.346578123,6000000,1512248361.471552,0
390,3544062486.5348687,5096534161.660001,2023-06-06,6071187.346578123,6000000,1513946814.4824033,0
391,3445194860.4527645,4997666063.8,2023-06-07,6071187.346578123,6000000,1514640024.8975642,0
392,3344192864.4927645,4896660658.84,2023-06-08,6071187.346578123,6000000,1514975308.1732583,0
393,3309107648.7051797,4861575157.25,2023-06-09,6071187.346578123,6000000,1515207020.8623319,0
394,3228116303.1009846,4780579213.11,2023-06-10,6071187.346578123,6000000,1515231295.3988886,0
395,3228163248.009476,4780579213.11,2023-06-11,6071187.346578123,6000000,1516766428.100305,0
396,3228169269.450217,4780579213.11,2023-06-12,6071187.346578123,6000000,1517013923.643633,0
397,3069142673.070629,4621559410.7699995,2023-06-13,6071187.346578123,6000000,1516860915.4217126,0
398,3028664041.1018715,4581072355.320001,2023-06-14,6070978.0595781235,6000000,1516999840.7916284,0
399,2954138791.0051556,4506547166.02,2023-06-15,6070978.0595781235,6000000,1517267975.3864765,0
400,2789686752.802887,4342094307.67,2023-06-16,6070978.0595781235,6000000,1517142644.8076875,0
401,2743487366.909966,4295869950.7300005,2023-06-17,6070978.0595781235,6000000,1517204185.5490022,0
402,2743487351.7031546,4295869950.7300005,2023-06-18,6070978.0595781235,6000000,1517204358.0295486,0
403,2743487101.7031546,4295869950.7300005,2023-06-19,6070978.0595781235,6000000,1517274690.8820238,0
404,2743489390.5498714,4295869950.7300005,2023-06-20,6070978.0595781235,6000000,1517218983.914441,0
405,2716651063.518839,4269031790.01,2023-06-21,6070978.0595781235,6000000,1517199465.4723935,0
406,2712468235.058057,4264856831.5899997,2023-06-22,6070978.0595781235,6000000,1517059415.61922,0
407,2695829608.8999033,4248218262.96,2023-06-23,6070978.0595781235,6000000,1515887719.8761744,0
408,2692215142.721714,4244604737.91,2023-06-24,6070978.0595781235,6000000,1515776170.8480654,0
409,2692213354.827956,4244604737.91,2023-06-25,6070978.0595781235,6000000,1515866378.3631907,0
410,2692213093.6058273,4244604737.91,2023-06-26,6070978.0595781235,6000000,1515887193.2383964,0
411,2661106342.97375,4213495349.48,2023-06-27,6070978.0595781235,6000000,1516008084.506089,0
412,2636143368.218649,4188534283.6600003,2023-06-28,6070978.0595781235,6000000,1515395039.100836,0
413,2619686018.0886707,4172076719.29,2023-06-29,6070981.0595781235,6000000,1515325977.5367415,0
414,2585364043.6299915,4137744538.82,2023-06-30,6070793.707578124,6000000,1515290957.5286996,0
415,2580311712.1887703,4132947968.0800004,2023-07-01,6070793.707578124,6000000,1515251355.3148212,0
416,2580311712.1887703,4132947968.0800004,2023-07-02,6070793.707578124,6000000,1515251355.3148212,0
417,2580311712.1887703,4132947968.0800004,2023-07-03,6070793.707578124,6000000,1515251355.3148212,0
418,2873595442.985673,4126370302.9300003,2023-07-04,6070804.409837984,6000000,1215157068.390253,0
419,2873595150.6671586,4126370302.9300003,2023-07-05,6070804.409837984,6000000,1215348526.0106287,0
420,2846757723.929941,4099534161.66,2023-07-06,6070804.409837984,6000000,1215338192.2282355,0
421,2808278859.2540684,4061053642.96,2023-07-07,6070804.409837984,6000000,1215595542.431997,0
422,2792934192.9859962,4045704786.59,2023-07-08,6070804.409837984,6000000,1215209761.248496,0
423,2792934192.9859962,4045704786.59,2023-07-09,6070705.409837984,6000000,1215272548.5852718,0
424,2792935469.9367504,4045704786.59,2023-07-10,6070705.409837984,6000000,1215282374.2843516,0
425,2773696748.1606946,4026563891.66,2023-07-11,6070705.409837984,6000000,1215303078.3614557,0
426,2744652472.24041,3997265401.0200005,2023-07-12,6070705.409837984,6000000,1215159882.7432365,0
427,2735744471.5504093,3988352502.33,2023-07-13,6070705.409837984,6000000,1218695201.8322406,0
428,2719929568.02338,3972541775.03,2023-07-14,6070785.409837984,6000000,1218424940.2786684,0
429,2716406401.702196,3969066401.02,2023-07-15,6070785.409837984,6000000,1219411927.7597885,0
430,2716406401.7021956,3969066401.02,2023-07-16,6070728.341537983,6000000,1219427598.177133,0
431,2716408185.191186,3969066401.02,2023-07-17,6070728.341537983,6000000,1219549961.494838,0
432,2675380595.077777,3928038459.03,2023-07-18,6070728.341537983,6000000,1219599596.941276,0
433,2636180373.701928,3888836735.5299997,2023-07-19,6070728.341537983,6000000,1219739107.2599187,0
434,2627248265.371725,3879904469.66,2023-07-20,6070678.341537983,6000000,1219419159.5518832,0
435,2604298874.7022276,3856940505.13,2023-07-21,6070678.341537983,6000000,1219450150.8649752,0
436,2598895766.2290697,3851534161.6600003,2023-07-22,6070678.341537983,6000000,1219565167.9250882,0
437,2598896012.492227,3851534161.6600003,2023-07-23,6070678.341537983,6000000,1219527959.5622602,0
438,2598895595.1747603,3851534161.6600003,2023-07-24,6070628.341537983,6000000,1219496733.9383051,0
439,2568794502.041145,3821034161.67,2023-07-25,6070628.341537983,6000000,1219472486.3156745,0
440,2542856228.0580363,3795145720.35,2023-07-26,6070628.341537983,6000000,1219502391.8608465,0
441,2561751164.5756536,3774038187.0800004,2023-07-27,6070628.341537983,6000000,1179512366.4323287,0
442,2527201797.8218875,3739537279.67,2023-07-28,6070628.341537983,6000000,1179944219.8142843,0
443,2492278434.4959974,3704617744.7,2023-07-29,6070628.341537983,6000000,1179906795.959603,0
444,2492278438.8685164,3704617744.7,2023-07-30,6070628.341537983,6000000,1179897312.7655149,0
445,2492278432.358818,3704617744.7,2023-07-31,6070628.341537983,6000000,1179882613.3398323,0
446,2455519397.5058336,3667826630.6,2023-08-01,6070628.341537983,6000000,1179940398.055491,0
447,2410342623.94764,3622627563.58,2023-08-02,6070628.341537983,6000000,1180015562.564532,0
448,2324822843.723395,3537108376.23,2023-08-03,6070628.341537983,6000000,1180033367.345163,0
449,2283662759.823395,3495946386.33,2023-08-04,6070628.341537983,6000000,1180122800.3228393,0
450,2212057068.7404118,3424336499.79,2023-08-05,6070628.341537983,6000000,1185886900.41876,0
451,2204815750.038747,3417043873.2699995,2023-08-06,6070628.341537983,6000000,1185832080.7499964,0
452,2204815914.7605796,3417043873.2699995,2023-08-07,6070628.341537983,6000000,1185766975.8699327,0
453,2181336366.258898,3393563672.7799997,2023-08-08,6070628.341537983,6000000,1185825361.8199387,0
454,2179509495.0541115,3391737664.6600003,2023-08-09,6070628.341537983,6000000,1185781691.3198798,0
455,2179457195.7192087,3391737664.6600003,2023-08-10,6070628.341537983,6000000,1185754425.0642004,0
456,2168609088.7558784,3380824229.9999995,2023-08-11,6070628.341537983,6000000,1185789353.3410597,0
457,2159293145.625879,3371508286.8700004,2023-08-12,6070628.341537983,6000000,1185814163.349647,0
458,2159293145.625879,3371508286.8700004,2023-08-13,6070628.341537983,6000000,1185839468.4761553,0
459,2159290193.9156013,3371508286.8700004,2023-08-14,6070628.341537983,6000000,1185902433.8700378,0
460,2144052432.36289,3356273199.5,2023-08-15,6070628.341537983,6000000,1185931714.674373,0
461,2125382593.73289,3337600151.87,2023-08-16,6070628.341537983,6000000,1185981559.6788607,0
462,2098526787.2100267,3310735903.2,2023-08-17,6070628.341537983,6000000,1185947920.8501265,0
463,2066356138.967002,3278535261.67,2023-08-18,6070628.341537983,6000000,1185951324.9145808,0
464,2030277633.5882459,3242446878.05,2023-08-19,6070628.341537983,6000000,1185942233.4288514,0
465,2030277729.1992295,3242446878.05,2023-08-20,6070628.341537983,6000000,1185888794.4473813,0
466,2030227342.2819908,3242446878.05,2023-08-21,6070628.341537983,6000000,1185910126.6050165,0
467,2002968776.8105845,3215132707.9700003,2023-08-22,6070628.341537983,6000000,1186017303.4088752,0
468,1984445597.2452738,3196632567.9700003,2023-08-23,6070628.341537983,6000000,1186074653.7150161,0
469,1974062720.7404516,3186250444.44,2023-08-24,6070578.341537983,6000000,1186094580.022037,0
470,1961063623.7404518,3173249414.44,2023-08-25,6070578.341537983,6000000,1186107659.3305893,0
471,1933380334.1504521,3145564461.8500004,2023-08-26,6070578.341537983,6000000,1186109135.868649,0
472,1933380309.5434947,3145564461.8500004,2023-08-27,6070546.234909333,6000000,1186137863.7615454,0
473,1933381199.5434947,3145564461.8500004,2023-08-28,6070546.234909333,6000000,1186166578.937435,0
474,1901633793.5253816,3113807741.12,2023-08-29,6070546.234909333,6000000,1186190808.5305946,0
475,1889276146.5453815,3101450094.14,2023-08-30,6070406.234909333,6000000,1187651572.947341,0
476,1860052802.5027568,3072251687.48,2023-08-31,6070406.234909333,6000000,1187879730.636601,0
477,1761503604.5586386,2973613903.29,2023-09-01,6070406.234909333,6000000,1188134331.7840369,0
478,1676218828.1761768,2888269744.2900004,2023-09-02,6070406.234909333,6000000,1188168612.955434,0
479,1652461166.2376237,2864514320.5,2023-09-03,6070406.234909333,6000000,1188195621.7260487,0
480,1632498053.3193445,2844551223.7999997,2023-09-04,6070406.234909333,6000000,1188241023.2651718,0
481,1632498053.5929186,2844551223.7999997,2023-09-05,6070406.234909333,6000000,1188259240.4429462,0
482,1532506468.792919,2744559639.0,2023-09-06,6070406.234909333,6000000,1188505871.2988474,0
483,1466631845.7229195,2678685015.9300003,2023-09-07,6070406.234909333,6000000,1188526674.0717587,0
484,1405504572.6512227,2617558838.78,2023-09-08,6070406.234909333,6000000,1188559689.3786776,0
485,1379359866.341222,2591414132.47,2023-09-09,6070406.234909333,6000000,1188573891.2758179,0
486,1378823012.9612226,2590877279.09,2023-09-10,6070406.234909333,6000000,1188575791.7459939,0
487,1371562837.7912226,2583617003.92,2023-09-11,6070406.234909333,6000000,1188629793.7290847,0
488,1326920926.7312226,2538975092.86,2023-09-12,6070406.234909333,6000000,1188676817.7543962,0
489,1317336049.041362,2529403738.41,2023-09-13,6070406.234909333,6000000,1188703625.8729222,0
490,1302536754.3813622,2514604443.75,2023-09-14,6070406.234909333,6000000,1188776517.155647,0
491,1287746646.1313622,2499814335.1,2023-09-15,6070406.234909333,6000000,1188782293.3977966,0
492,1479286110.731362,2491353799.7,2023-09-16,1570406.2349093335,1500000,988867645.0795785,0
493,1479286920.0573144,2491353799.7,2023-09-17,1570406.2349093335,1500000,988930895.2379646,0
494,1479289215.6134818,2491353799.7,2023-09-18,1570406.2349093335,1500000,988940915.0707603,0
495,1459008791.3450463,2471073375.43,2023-09-19,1570406.2349093335,1500000,989005066.0131614,0
496,1446514616.7265115,2458579758.18,2023-09-20,1570406.2349093335,1500000,989015316.2161168,0
497,1424837481.2965117,2436902622.75,2023-09-21,1570406.2349093335,1500000,994018313.4680737,0
498,1391798721.7158766,2403863214.56,2023-09-22,1570406.2349093335,1500000,994030665.1568288,0
499,1369119814.4988625,2381674743.12,2023-09-23,1570406.2349093335,1500000,993855455.5969229,0
500,1369351009.289177,2381674743.12,2023-09-24,1570406.2349093335,1500000,993842029.6244959,0
501,1369351009.2891767,2381674743.12,2023-09-25,1570406.2349093335,1500000,993868508.842761,0
502,1331667182.9710445,2343984865.35,2023-09-26,1570406.2349093335,1500000,993663768.3741015,0
503,1292591619.9826958,2304908103.6,2023-09-27,1570406.2349093335,1500000,993671675.8631929,0
504,1261623818.182696,2273940301.8,2023-09-28,1570406.2349093335,1500000,993659457.7446065,0
505,1253257293.3070064,2265570960.5,2023-09-29,1570406.2349093335,1500000,993642118.3738561,0
506,1247225722.559435,2259538520.17,2023-09-30,1570406.2349093335,1500000,993642289.6702396,0
507,1247227726.0592704,2259538520.17,2023-10-01,1570406.2349093335,1500000,993643231.5700893,0
508,1247227243.8890202,2259538520.17,2023-10-02,1570406.2349093335,1500000,993711906.8686585,0
509,1247237808.3995354,2259538520.17,2023-10-03,1570406.2349093335,1500000,993728799.0291437,0
510,1233229235.3707056,2245470685.79,2023-10-04,1570406.2349093335,1500000,993749145.1063691,0
511,1226853266.2370331,2239090552.42,2023-10-05,1570406.2349093335,1500000,993817846.0671132,0
512,1215360983.5385966,2227588585.34,2023-10-06,1570406.2349093335,1500000,993888990.4101411,0
513,1201608695.3485963,2213836297.15,2023-10-07,1570406.2349093335,1500000,993921669.7034781,0
514,1201613880.3485966,2213836297.15,2023-10-08,1570406.2349093335,1500000,993912810.1630143,0
515,1201614330.3485963,2213836297.15,2023-10-09,1570406.2349093335,1500000,993917146.8080232,0
516,1190224493.4494028,2202446230.8,2023-10-10,1570270.7636884535,1500000,993919598.3081023,0
517,1132530119.253501,2144747701.6299999,2023-10-11,1570270.7636884535,1500000,993957895.7206106,0
518,1132530673.8728056,2144747701.6299999,2023-10-12,1570270.7636884535,1500000,994055673.1884468,0
519,1126074040.9928057,2138291068.75,2023-10-13,1570270.7636884535,1500000,994057959.4216485,0
520,1111475186.1228056,2123692213.8799999,2023-10-14,1570270.7636884535,1500000,994064391.0347228,0
521,1111477320.8252904,2123692213.8799999,2023-10-15,1570270.7936884535,1500000,994114159.1613739,0
522,1111477320.8252904,2123692213.8799999,2023-10-16,1570270.7936884535,1500000,994122309.4880699,0
523,1095698292.3804936,2107913129.9699998,2023-10-17,1570270.7936884535,1500000,994144366.5994759,0
524,1095701276.4976516,2107913129.9699998,2023-10-18,1570270.7936884535,1500000,994174277.647951,0
525,1089954630.3476517,2102166483.82,2023-10-19,1570270.7936884535,1500000,994172970.0945276,0
526,1082500003.2764509,2094711802.02,2023-10-20,1570270.7936884535,1500000,994131527.3773106,0
527,1082089753.5222552,2094301100.28,2023-10-21,1570270.7936884535,1500000,994129442.3511068,0
528,1082089753.5222552,2094301100.28,2023-10-22,1570270.7936884535,1500000,994134716.8649838,0
529,1082089743.5222552,2094301100.28,2023-10-23,1570270.7936884535,1500000,994137667.9778028,0
530,1082090126.8247147,2094301100.28,2023-10-24,1570270.7936884535,1500000,994170318.4960179,0
531,1065779052.5047145,2077990025.9599998,2023-10-25,1570270.7936884535,1500000,994175022.6196856,0
532,1065779450.0642827,2077990025.9599998,2023-10-26,1570270.5985904734,1500000,994177439.6373408,0
533,1050388863.1216478,2062601048.6899998,2023-10-27,1570270.5985904734,1500000,994169140.0003518,0
534,1042605041.6311905,2054800199.3799999,2023-10-28,1570270.5985904734,1500000,994178251.7954544,0
535,1042603405.4699658,2054800199.3799999,2023-10-29,1570270.5985904734,1500000,994217437.9402478,0
536,1042601689.3344482,2054800199.3799999,2023-10-30,1570270.5985904734,1500000,994231610.9228617,0
537,1012512658.4593525,2024712771.35,2023-10-31,1570261.1560508835,1500000,994242051.3500363,0
538,994967259.5293528,2007167372.42,2023-11-01,1570261.1560508835,1500000,999961045.5144264,0
539,985710597.6194265,1997910344.9,2023-11-02,1570261.1560508835,1500000,1000137430.8563306,0
540,935639040.1021346,1947831959.9399998,2023-11-03,1570261.1560508835,1500000,1000522504.5793517,0
541,884728404.2521495,1896921554.2700002,2023-11-04,1570311.1560508835,1500000,1000527071.763167,0
542,884726070.425352,1896921554.2700002,2023-11-05,1570311.1560508835,1500000,1000531545.8531994,0
543,884726069.425352,1896921554.2700002,2023-11-06,1570311.1560508835,1500000,1000534957.0006866,0
544,877705716.2753519,1889901001.1200001,2023-11-07,1570311.1560508835,1500000,1000552491.0554479,0
545,872791688.5153517,1884986973.36,2023-11-08,1570311.1560508835,1500000,1000428669.036857,0
546,872807120.5755118,1884986973.36,2023-11-09,1570311.1560508835,1500000,1000565637.1422322,0
547,873033470.019167,1884986973.36,2023-11-10,1570311.2057858435,1500000,1000566826.6345825,0
548,868956922.609167,1880905625.45,2023-11-11,1570311.2057858435,1500000,1000633948.1685388,0
549,868956922.609167,1880905625.45,2023-11-12,1570311.2057858435,1500000,1000618734.3931069,0
550,865283788.6466931,1877232341.6,2023-11-13,1570311.2057858435,1500000,1000606892.4365679,0
551,850935872.856693,1862884425.81,2023-11-14,1570311.2057858435,1500000,1000602565.1394596,0
552,837460734.2767633,1849409290.24,2023-11-15,1570311.2057858435,1500000,1000609753.1821551,0
553,831980336.9835641,1843971522.8899999,2023-11-16,1570311.2057858435,1500000,1000668066.234792,0
554,824309789.2103536,1836300954.8000002,2023-11-17,1570311.2057858435,1500000,1000663508.791048,0
555,796003451.2127702,1807994616.8000002,2023-11-18,1570311.2057858435,1500000,1000703305.9199907,0
556,796003421.8127702,1807994616.8000002,2023-11-19,1570311.2057858435,1500000,1000709751.1988096,0
557,790909946.0927699,1802901141.08,2023-11-20,1570311.2057858435,1500000,1000738436.1249739,0
558,785684726.59277,1797675945.58,2023-11-21,1570311.2057858435,1500000,1000736030.5447553,0
559,770760663.4552823,1782753082.58,2023-11-22,1570311.2057858435,1500000,1000763401.2713133,0
560,740889510.4337894,1752882402.18,2023-11-23,1570311.2057858435,1500000,1000920103.4106002,0
561,740889499.7051674,1752882402.18,2023-11-24,1570311.2290993535,1500000,1000888869.37466,0
562,728419998.8438995,1740413131.5900002,2023-11-25,1570311.4628560336,1500000,1001304101.1436372,0
563,728419998.8438996,1740413131.5900002,2023-11-26,1570311.5097335735,1500000,1001303065.3921375,0
564,728421094.6151854,1740413131.5900002,2023-11-27,1570311.5097335735,1500000,1001309857.986674,0
565,692843752.6184622,1704835817.12,2023-11-28,1570311.5349351135,1500000,1001324819.0677749,0
566,678994090.6185426,1690986214.12,2023-11-29,1570312.0681041335,1500000,1001343882.6928363,0
567,675423812.8185426,1687415936.32,2023-11-30,1570312.0681041335,1500000,1001482049.003328,0
568,654559263.5416859,1666535525.3700001,2023-12-01,1570312.1137417834,1500000,1001592098.060652,0
569,645963525.942226,1657939552.24,2023-12-02,1570312.1137417834,1500000,1001771097.8412743,0
570,641205213.7222261,1653181240.02,2023-12-03,1570364.5479947135,1500000,1001865319.9892313,0
571,641205707.7347558,1653181240.02,2023-12-04,1570364.5479947135,1500000,1001913078.5787096,0
572,610200495.7425758,1622180551.69,2023-12-05,1570312.2579947135,1500000,1002045503.456468,0
573,587337800.0918626,1599319108.6699998,2023-12-06,1570312.2812464335,1500000,1002078998.5579646,0
574,568654193.1531031,1580633036.3300002,2023-12-07,1570312.2812464335,1500000,1002149654.7696065,0
575,526491560.74993896,1538463941.3799999,2023-12-08,1570312.2812464335,1500000,1003033796.9139055,0
576,494491619.7648003,1506460306.38,2023-12-09,1570312.2812464335,1500000,1003222226.5244496,0
577,494595637.4628917,1506460306.38,2023-12-10,1570312.6809933835,1500000,1003385309.5557717,0
578,494601493.7252692,1506460306.38,2023-12-11,1570342.6909933835,1500000,1003377517.6877625,0
579,449545847.12316453,1461404665.54,2023-12-12,1570342.6919933835,1500000,1003548382.9029754,0
580,449545696.4117992,1461404665.54,2023-12-13,1570342.6945024936,1500000,1003693594.2169877,0
581,249000268.50083095,1260859422.74,2023-12-14,1570342.6945024936,1500000,1008461679.7689662,0
582,243767625.81413385,1255631359.8999999,2023-12-15,1570342.7197211834,1500000,1008438706.7749546,0
583,193799815.51550314,1205663333.72,2023-12-16,1570342.7197211834,1500000,1008449740.3768547,0
584,193799893.18714896,1205663333.72,2023-12-17,1570349.7916262934,1500000,1008447873.7501032,0
585,193799876.65444782,1205663333.72,2023-12-18,1570349.7916262934,1500000,1008505234.0672413,0
586,183745387.1700362,1195609145.22,2023-12-19,1570349.7916262934,1500000,1008440951.8900754,0
587,106238166.10645854,1018082918.0,2023-12-20,1570350.0434980534,1500000,908446380.2301548,0
588,101091632.74961111,1012910263.5899999,2023-12-21,1570350.4420925134,1500000,908485952.3639569,0
589,101092590.57692742,1012910263.5899999,2023-12-22,1570350.4697797035,1500000,908484540.4980311,0
590,100594705.97861737,1012420558.12,2023-12-23,1570484.2604244035,1500000,908478187.3438298,0
591,100594854.1663146,1012420558.12,2023-12-24,1570519.0553172436,1500000,908490145.5934424,0
592,100595083.9855919,1012420558.12,2023-12-25,1570342.5788610536,1500000,908495510.6992842,0
593,100595180.77021398,1012420558.12,2023-12-26,1570342.5788610536,1500000,908463443.1665611,0
594,439189490.4581811,1011014702.7,2023-12-27,1570342.5788610536,1500000,568418576.8527213,0
595,439112770.5481811,1010937982.7900001,2023-12-28,1570342.5788610536,1500000,568430799.115471,0
596,439111615.54818135,1010937982.7900001,2023-12-29,1570342.6287599136,1500000,568414295.5969288,0
597,439111084.10118145,1010937982.7900001,2023-12-30,1570342.6287599136,1500000,568411100.3749342,0
598,439111648.10118145,1010937982.7900001,2023-12-31,1570345.1116934035,1500000,568414532.4220047,0
599,439111645.58081764,1010937982.7900001,2024-01-01,1570345.1116934035,1500000,568399630.2941384,0
600,439111645.5808177,1010937982.7900001,2024-01-02,1570441.7816862036,1500000,568378737.7750003,0
601,438800988.61423653,1010628712.91,2024-01-03,1570538.6562666036,1500000,568426582.499491,0
602,438800896.13195974,1010628712.91,2024-01-04,1570444.1317305434,1500000,568455442.1598018,0
603,423601824.56514007,995422131.02,2024-01-05,1570444.1317305434,1500000,568432495.535265,0
604,353552490.9680695,925372801.02,2024-01-06,1571139.0998388035,1500000,568469567.6294366,0
605,353537059.2214847,925372801.02,2024-01-07,1571206.2822103435,1500000,568471003.6861948,0
606,353543964.43948966,925372801.02,2024-01-08,1571210.3344778935,1500000,568480424.4813595,0
607,203307273.1594897,775136119.74,2024-01-09,1571210.3344778935,1500000,568473193.3301388,0
608,53310573.93027587,625137604.74,2024-01-10,1571211.2345289935,1500000,568392487.0454082,0
609,53235765.57027589,625062820.38,2024-01-11,1571211.3344384434,1500000,568389302.7241374,0
610,3235590.0695355623,575062604.4399999,2024-01-12,929835.2331274535,1500000,568388235.732931,0
