,datetime,usdt_mcap,usdc_mcap,busd_mcap
0,2021-12-26,78082501156.49654,42562441813.357704,14858901332.136488
1,2021-12-27,78137948111.21103,42453109634.90598,14881256264.98104
2,2021-12-28,78035844533.15807,42127140808.90461,15040754461.39379
3,2021-12-29,78185516708.31612,42155697582.15351,15090590137.314367
4,2021-12-30,78072057579.75955,42097583288.686005,14756037571.164011
5,2021-12-31,78441569755.0627,42428767390.304565,14720343026.36494
6,2022-01-01,78396945715.20705,42213673134.9147,14450959879.658882
7,2022-01-02,78778422990.22394,42549565817.75962,14471018731.106121
8,2022-01-03,78481342990.46407,42641327348.74218,14464040666.334743
9,2022-01-04,78388221317.46565,42687912490.5371,14419913923.050034
10,2022-01-05,78502373120.63478,42785333024.44881,14399024749.720123
11,2022-01-06,78772213379.47408,42961099325.70612,14394261306.460747
12,2022-01-07,78639572254.37476,43225368240.15702,14419990349.905964
13,2022-01-08,78498478179.95493,39844918409.29048,14213953634.31789
14,2022-01-09,78296609765.25183,43582658994.91449,14200668146.11109
15,2022-01-10,78054241928.21689,43635931591.69924,14008098153.097958
16,2022-01-11,78481657326.50516,43987565688.15121,14050442238.460571
17,2022-01-12,78555065237.06415,44166089916.662315,14059821583.10452
18,2022-01-13,78482021769.54866,44774203526.21966,14195208054.767183
19,2022-01-14,78355483482.74783,45035577584.440956,14273514881.837122
20,2022-01-15,78464443412.05641,45137094665.70976,14336246113.935163
21,2022-01-16,78324639022.77094,45237354153.388405,14414399870.630056
22,2022-01-17,78423364533.0672,45430902660.27327,14440314115.969944
23,2022-01-18,78444685549.6485,45637274266.762535,14316130573.921768
24,2022-01-19,78383467334.16917,45764592269.25616,14203101074.685732
25,2022-01-20,78380618748.3185,46058070986.19169,14344587717.022348
26,2022-01-21,78282598756.5387,46428142403.76347,14302377350.404043
27,2022-01-22,78144826788.17023,42732777581.513245,14253610213.717762
28,2022-01-23,78448336904.83098,43399887532.39705,14304261492.056204
29,2022-01-24,78310182894.22586,47960656737.772736,14061920964.567593
30,2022-01-25,78669518055.59192,48227447406.202385,14175392385.98402
31,2022-01-26,78269272661.22821,48751308899.79404,14328868107.093153
32,2022-01-27,78752828371.71567,49162186989.71518,14611371275.303806
33,2022-01-28,78718773465.92612,49593244049.71856,14905076158.667685
34,2022-01-29,78249351192.82198,49629722995.59269,14950166499.586414
35,2022-01-30,78366901630.80772,49822470987.56192,14949758505.672586
36,2022-01-31,78198382292.98561,49794511800.566795,14995965055.068604
37,2022-02-01,78062781790.12593,49918615203.60159,15325982863.15292
38,2022-02-02,78016936424.95024,50255165741.575584,15501861826.181278
39,2022-02-03,78038075903.61313,50530744243.18998,15782661605.839424
40,2022-02-04,78064010105.8155,50891956574.40201,16193513807.227594
41,2022-02-05,78063205577.46619,51126955862.93852,16495493825.127625
42,2022-02-06,78062854577.88782,51125781968.731285,16552888312.1535
43,2022-02-07,78163472783.75064,51171401396.28452,16586684697.523617
44,2022-02-08,78096593702.1292,51376105825.93998,16824848235.415998
45,2022-02-09,78040221424.51448,51617308589.74185,17083612770.332314
46,2022-02-10,78012911279.40565,51900324270.23098,17308481263.388927
47,2022-02-11,78515301961.99727,52054797409.33422,17487804531.669334
48,2022-02-12,78510632875.05116,52250598201.75346,17799637227.987434
49,2022-02-13,78531121017.32762,52335045827.80526,17597064971.83389
50,2022-02-14,78636273860.4074,52473422561.26789,17602107635.44248
51,2022-02-15,78558940144.38037,52507811955.329155,17543996992.453053
52,2022-02-16,78623518666.25392,52544445044.647194,17879803627.385544
53,2022-02-17,78732790424.18773,52583527242.903625,17753030700.814465
54,2022-02-18,78772769797.8431,52570695423.57979,18008918771.60908
55,2022-02-19,78727591077.37378,52556151807.35648,18225116559.41915
56,2022-02-20,79138436958.11234,52684758315.35818,18220650689.98769
57,2022-02-21,79163080614.69766,52682266468.54881,18121414706.81079
58,2022-02-22,79390647858.42392,52707824143.97695,18075611571.869392
59,2022-02-23,79377609210.60992,52829973427.75537,18406210758.03105
60,2022-02-24,79629945704.38928,52870303585.746864,18268468513.57685
61,2022-02-25,79631571239.38417,53249174589.12153,18574158973.339382
62,2022-02-26,79474403712.63367,53155258428.14018,18104304956.75291
63,2022-02-27,79679402405.45334,53354079813.04924,18139888642.243282
64,2022-02-28,79854422104.08676,53569960347.69177,18202814392.83918
65,2022-03-01,79537958059.76778,53458489274.503975,18353220338.196346
66,2022-03-02,79425591343.52524,53535209641.001274,18382100091.671154
67,2022-03-03,79854759317.0957,53460734124.1892,18175789874.315434
68,2022-03-04,79609484426.04549,53414694791.226585,18156898169.847725
69,2022-03-05,79843809462.27557,52845480300.88254,18001196173.000576
70,2022-03-06,79862020237.87378,52941838088.14542,17971274499.50204
71,2022-03-07,80091190392.11061,52806695838.05569,17964446977.799923
72,2022-03-08,79896920564.49644,52183496666.59115,17945395064.20044
73,2022-03-09,80070927070.8303,52392565506.46329,17854164138.53202
74,2022-03-10,80044018129.69551,52382602555.68522,18035230241.42059
75,2022-03-11,80042053179.78703,52536873749.484245,18010738247.63555
76,2022-03-12,80132712133.51192,52458033804.75082,17983717677.965153
77,2022-03-13,80116438307.62099,52421564168.44505,18008766678.686047
78,2022-03-14,80129528500.24916,52430189477.74789,18021431487.57278
79,2022-03-15,80072305020.48819,52442627222.68491,17949883795.52442
80,2022-03-16,80062438312.3427,52304672903.338715,17957609757.373047
81,2022-03-17,80082861270.62189,52316342174.52529,17816449007.710434
82,2022-03-18,80158683653.48831,52799091235.822136,17737964795.966484
83,2022-03-19,80532285250.16223,52830384957.85386,17799996510.94215
84,2022-03-20,80740243739.43092,52865924687.16587,17793390072.4692
85,2022-03-21,80827449076.5998,52986600672.8747,17795273132.72605
86,2022-03-22,80724926154.58902,53033013665.34929,17698555737.36224
87,2022-03-23,80845440414.56433,52648557137.90509,17663976262.571278
88,2022-03-24,80751116254.44928,52312387349.31226,17649309554.387024
89,2022-03-25,80927589776.60255,52500264884.50487,17600446272.88559
90,2022-03-26,81291023434.88872,51872642831.0315,17561510780.1452
91,2022-03-27,81304845676.71568,51968286154.62792,17579747654.48896
92,2022-03-28,81196385910.77495,51983272483.08239,17551556788.512524
93,2022-03-29,81349955673.2749,52033109393.4391,17493807586.9475
94,2022-03-30,81664851060.03252,51996541150.558464,17540916675.171288
95,2022-03-31,81930453189.4068,52132452506.24457,17463693556.029915
96,2022-04-01,82044965080.22784,51709881548.52324,17375628176.165237
97,2022-04-02,82105881308.2258,51950236854.862305,17760460569.09549
98,2022-04-03,82272678352.12729,51852952209.097885,17712279179.20339
99,2022-04-04,82388674420.82678,51625573576.44143,17764066834.73704
100,2022-04-05,82449008615.80792,51611805895.360146,17696187746.89655
101,2022-04-06,82412689459.25401,51298300548.70658,17917155168.26672
102,2022-04-07,82422893105.15454,50746204263.40102,17698452956.197918
103,2022-04-08,82509660677.2317,50918438012.98016,17644990421.1429
104,2022-04-09,82582177981.31122,50844820961.14952,17627673803.01152
105,2022-04-10,82608650898.85965,50831613833.527145,17958693197.136715
106,2022-04-11,82714703437.73296,50938471710.405594,17952321724.986645
107,2022-04-12,82634863680.08965,50626993742.14749,17792057898.89041
108,2022-04-13,82881751671.08333,50557027126.43927,17690560756.340794
109,2022-04-14,82736682156.53658,50352516151.447945,17470124744.863155
110,2022-04-15,82795954521.31792,50227458392.826164,17427842131.029125
111,2022-04-16,82766275585.9142,50134682250.43055,17436874853.462254
112,2022-04-17,82797938661.11595,50054012926.457146,17437203699.03429
113,2022-04-18,82811298303.06853,50048713207.89245,17411413024.627262
114,2022-04-19,82792973864.84837,49860188963.9289,17348028975.637012
115,2022-04-20,82787027489.10574,50018475091.44789,17407781769.693523
116,2022-04-21,83021908771.50435,49863548514.863235,17265763048.164326
117,2022-04-22,83120398074.31392,49861799099.86763,17367027421.884968
118,2022-04-23,83182809347.61438,49885461217.04316,17579887872.84907
119,2022-04-24,83198500616.62434,49903732595.29322,17554175637.123596
120,2022-04-25,83221428015.88246,49912345763.22157,17551305769.093178
121,2022-04-26,83139688331.49197,49854024064.48293,17682983077.40298
122,2022-04-27,83214573094.12813,49362464744.52182,17550114148.80571
123,2022-04-28,83154011772.12584,49391470738.54542,17408366980.1574
124,2022-04-29,83139556788.14339,49383094280.61025,17339797707.436516
125,2022-04-30,83229249234.98518,49286152379.40319,17684739664.26399
126,2022-05-01,83424696945.27954,49179894107.55351,17661549099.82557
127,2022-05-02,83267550080.02553,49285265562.80889,17706309294.505226
128,2022-05-03,83147512568.42366,49141005064.36654,17847045359.98147
129,2022-05-04,83241023585.97873,49029382275.05414,17883191101.520172
130,2022-05-05,83185453774.38527,48776655220.89988,17847898191.01641
131,2022-05-06,83270750870.97081,48837550840.18622,17878399805.10193
132,2022-05-07,83284503885.03922,48447145523.6587,17508261067.860287
133,2022-05-08,83355823232.93599,48504620165.86575,17525121027.161633
134,2022-05-09,83279712048.29787,48600409738.57124,17255932046.855686
135,2022-05-10,83264870157.7176,48657094759.71666,17250888567.203945
136,2022-05-11,83248981251.48763,48451920961.813194,17107246520.251076
137,2022-05-12,82690895711.44499,49012944580.02008,17036192290.330885
138,2022-05-13,79438155501.21606,49845265548.493996,17197124159.393955
139,2022-05-14,78910081379.14339,50938222009.42086,17630481063.041054
140,2022-05-15,75987316850.90068,51311542814.74505,17766174283.870155
141,2022-05-16,75895175498.49956,51276012853.61831,17832296983.462715
142,2022-05-17,75855994702.69917,52172633713.00465,18008453182.520115
143,2022-05-18,74309953980.40013,52382101410.14185,18231826226.46174
144,2022-05-19,74284590322.70355,52477602164.67322,18411667810.06532
145,2022-05-20,74305004327.94095,52829406131.99263,18629953827.90614
146,2022-05-21,73306682137.62425,53023637496.412125,18589913566.88588
147,2022-05-22,73335816773.29922,53189636031.84309,18615310706.888775
148,2022-05-23,73292755418.56763,53262551890.12862,18556805373.557507
149,2022-05-24,73293335399.14137,53364339709.0994,18359470136.628292
150,2022-05-25,73281161166.42685,53454117663.799805,18347994441.396645
151,2022-05-26,73283972220.11108,53459678522.20076,18436602630.277374
152,2022-05-27,73342226815.48833,53301625638.660904,18253957411.28344
153,2022-05-28,72578744671.24936,53643467177.48334,18160377133.462135
154,2022-05-29,72569743808.66728,53798595398.36748,18200763566.526917
155,2022-05-30,72631887214.77895,53890889128.86624,17998796193.255116
156,2022-05-31,72546423763.60416,53826859973.65647,17943279759.743855
157,2022-06-01,72483593605.70987,54003654728.7661,18188587186.920597
158,2022-06-02,72507199138.61003,54072438826.66845,18167724148.085606
159,2022-06-03,72606704176.49724,54076000823.576584,18095849068.787975
160,2022-06-04,72574254041.19345,54168799848.37451,18077925932.349174
161,2022-06-05,72563385811.28702,54094959418.309074,18086628709.958157
162,2022-06-06,72550808924.27303,54187767666.53029,18087343742.79838
163,2022-06-07,72460594246.57196,53828413758.921135,18276409845.971546
164,2022-06-08,72521860046.8122,53906740225.190636,18079877765.299576
165,2022-06-09,72479902354.95128,53755487848.0945,17953124385.038334
166,2022-06-10,72483632298.7905,53849615435.72309,17940178073.193188
167,2022-06-11,72520688667.83943,53908143847.913895,18048478490.10626
168,2022-06-12,72576221406.54123,53874889528.71376,17948060954.790497
169,2022-06-13,72537430319.23059,54301279573.94459,17711932839.727898
170,2022-06-14,72574376064.58528,54292415557.748245,17758616237.095303
171,2022-06-15,71656901175.2088,54202231644.04311,17564964386.08373
172,2022-06-16,70968169286.60156,54490560449.41742,17680091278.92484
173,2022-06-17,70235527691.20668,54854866421.04119,17630193432.438248
174,2022-06-18,68278037848.465485,55155090582.98617,17624878063.27663
175,2022-06-19,68151264125.48352,55466165647.24163,17533911553.329723
176,2022-06-20,68007814323.779625,56128609415.48004,17201023939.492832
177,2022-06-21,67174324823.029976,55879082300.27463,17308508478.603333
178,2022-06-22,67044714784.61816,55889328008.07019,17579334115.756065
179,2022-06-23,67075479327.27952,55915586934.603455,17531040137.620007
180,2022-06-24,66969005414.49898,55738930116.11856,17407494523.18876
181,2022-06-25,66944585773.38764,55911195637.68311,17386622998.736237
182,2022-06-26,66939386054.83684,56026893004.27495,17386951414.533524
183,2022-06-27,66896800206.77796,56053317628.7348,17348150349.108624
184,2022-06-28,66844453092.32324,55645129055.448685,17416764982.29147
185,2022-06-29,66839986606.59425,55645129055.448685,17367314919.39428
186,2022-06-30,66515975964.05574,55645129055.448685,17588309568.94957
187,2022-07-01,66360128640.29797,56159787682.472305,17687106283.381725
188,2022-07-02,66302770832.38144,55806408740.92539,17833694590.375427
189,2022-07-03,66302512371.13947,55812518073.50494,17820945443.862114
190,2022-07-04,66115548336.29838,55906902222.565636,17809187223.51881
191,2022-07-05,66068105560.54174,55965537332.53801,17788052105.765934
192,2022-07-06,65971651201.83549,55902560070.19187,17806518139.883827
193,2022-07-07,65985847014.49804,55666378875.87381,17802643431.37766
194,2022-07-08,66058697133.58462,55457611328.153305,17850419499.38426
195,2022-07-09,66180636451.069885,55451756130.59569,17866103745.962383
196,2022-07-10,66001881637.05004,55553592501.15755,17873037786.404026
197,2022-07-11,65994672794.216354,55460735369.85548,17875387658.562935
198,2022-07-12,65967920675.79629,55503183941.530876,18006681812.205563
199,2022-07-13,65924529650.69398,55307053640.016075,17908058627.336983
200,2022-07-14,66037742419.186584,55471635119.32025,17964106593.8939
201,2022-07-15,65822635783.93115,55299310302.63413,18100637870.85697
202,2022-07-16,65773604144.96095,54746590063.74996,17888587288.144344
203,2022-07-17,65849217963.17656,54834591386.65053,17915771980.55222
204,2022-07-18,65850178575.29938,54898002728.15673,17880935348.954803
205,2022-07-19,65849963622.2697,54874165484.06101,18140948063.227356
206,2022-07-20,65918469156.427505,54830779475.6825,18012399877.408173
207,2022-07-21,65892597498.04063,54793379074.026436,17990758403.27491
208,2022-07-22,65951824235.333176,55019913818.36348,17879624214.82073
209,2022-07-23,65854001213.285965,54906314484.15263,17942797174.019733
210,2022-07-24,65941857078.86505,55149837928.061935,17898840655.370056
211,2022-07-25,66009063586.28748,55180646381.89537,17882560381.25593
212,2022-07-26,66109067857.12983,55205872053.038345,17919699864.143604
213,2022-07-27,65949619909.8602,55166381187.93518,17853063561.611443
214,2022-07-28,65938951130.35061,55102333941.14905,17780874268.479813
215,2022-07-29,65896189151.3972,54807696396.953835,17830725660.04552
216,2022-07-30,66064247521.139114,54776435814.41119,17861605634.709843
217,2022-07-31,65998757244.06003,54486021782.7533,17882805053.63503
218,2022-08-01,65871066520.41806,54475694589.20637,17895668779.12032
219,2022-08-02,65897271979.41255,54363171984.42034,17933996079.426502
220,2022-08-03,65946593628.24624,54400868590.981445,17917092487.04943
221,2022-08-04,66048905466.55481,54392871105.05808,17952044235.233135
222,2022-08-05,65884052340.8804,54163409630.76019,17922226528.321526
223,2022-08-06,65906913334.12349,54288769568.96059,17910766907.032562
224,2022-08-07,65935699280.72453,54298760703.141335,17915186849.56788
225,2022-08-08,65900531595.862015,54269365269.62653,17943219640.838776
226,2022-08-09,66588298054.16226,54212233071.07359,17842542884.66992
227,2022-08-10,66643782686.95675,54162812659.97191,17764774954.363743
228,2022-08-11,66824158933.72832,53941490099.201256,17811832182.73853
229,2022-08-12,66803034990.50529,53838264961.70188,17828218352.700344
230,2022-08-13,67033676582.9512,53922771547.85243,17689667031.757103
231,2022-08-14,67336058431.295265,53907543362.51786,17650659771.80977
232,2022-08-15,67391244058.67241,53617936749.1216,17715005716.454525
233,2022-08-16,67652985767.09705,53586366039.73065,18046838359.381813
234,2022-08-17,67628387530.74783,53563274699.32942,17995123125.90802
235,2022-08-18,67661309991.09669,53192725314.53188,18310810485.664303
236,2022-08-19,67599397338.533615,52880168877.73022,18599154753.786545
237,2022-08-20,67613790592.34826,52523070333.1086,18869800838.60819
238,2022-08-21,67636574571.28297,52437858149.54976,18843732460.781403
239,2022-08-22,67709967896.07332,52659400310.54224,18862642165.36644
240,2022-08-23,67459980598.661224,52340061743.20675,19105978003.535038
241,2022-08-24,67595655943.20196,52325574418.02968,19044917566.323563
242,2022-08-25,67662286384.41471,52246887020.489006,19086634365.53742
243,2022-08-26,67607803889.07153,52161487277.005516,19241898586.146492
244,2022-08-27,67603617552.80545,52221735774.71103,19296421325.379704
245,2022-08-28,67491483345.88653,52159828556.133766,19321587352.10478
246,2022-08-29,67758458419.37183,52302755946.51703,19170290896.341404
247,2022-08-30,67565637622.98869,52313311695.47574,19294336714.915962
248,2022-08-31,67519668194.44912,52328535498.43664,19336231812.341717
249,2022-09-01,67580452604.835976,52330137597.63609,19318797885.833733
250,2022-09-02,67566686586.32284,52054122243.281586,19428654927.154613
251,2022-09-03,67589758604.17418,51839811822.72789,19556235083.997875
252,2022-09-04,67621840541.26844,51916991289.02468,19571932187.935932
253,2022-09-05,67552311534.993935,51857089829.07093,19459801586.553055
254,2022-09-06,67462799318.13787,51836941615.72951,19435740800.40461
255,2022-09-07,67553030576.27932,51555774392.79027,19749072559.845604
256,2022-09-08,67550650693.042984,51713335978.84526,19681211654.222805
257,2022-09-09,67563856236.753395,51684200639.11994,19905913309.131233
258,2022-09-10,67559691716.583244,51708716431.37792,19998654471.142776
259,2022-09-11,67616934268.85489,51660632936.89371,19986196500.70741
260,2022-09-12,67621935137.52143,51573885797.86316,20023166100.528004
261,2022-09-13,67670900660.71105,51439632692.07493,20114346668.789886
262,2022-09-14,67937100888.36377,51382830584.97773,20219096480.178997
263,2022-09-15,67875153355.231544,50699690764.68886,20525112724.146454
264,2022-09-16,67891357718.121574,50362962307.83526,20681190439.12798
265,2022-09-17,67984908907.33317,50321821840.55519,20675480352.464233
266,2022-09-18,67929683638.52679,50275732998.17199,20660889290.997417
267,2022-09-19,68047634333.75496,50246500269.10349,20643273210.60059
268,2022-09-20,67939949725.58882,49984828099.68424,21008752323.137028
269,2022-09-21,68008979229.87418,50170337209.851295,21038784044.9848
270,2022-09-22,68008869299.22897,49961843472.70167,21053075577.8011
271,2022-09-23,67906039948.3166,49892551993.93781,21051776129.290882
272,2022-09-24,68027171287.0883,49869385732.3609,21002852989.239746
273,2022-09-25,67976902021.59561,49778209173.60821,21056613857.94624
274,2022-09-26,68047936265.74275,49676427403.12579,21064214248.449623
275,2022-09-27,67930817962.00264,49228298552.37009,21042852015.239254
276,2022-09-28,67982225347.23598,49197363299.44202,21055593393.991257
277,2022-09-29,68019534015.30044,48925297414.18055,21031325853.037518
278,2022-09-30,68018936942.06588,48516414136.991325,20954878358.677452
279,2022-10-01,68032463504.97388,47317566543.662346,20927253747.41077
280,2022-10-02,67985211418.08468,47217028392.141754,20914293948.115585
281,2022-10-03,67852870798.587524,47429205566.80099,20997463499.47781
282,2022-10-04,67955487841.613365,47127777473.428444,20836218342.474094
283,2022-10-05,68146472900.634766,46767462842.158936,21206832034.078823
284,2022-10-06,68249512085.343575,46412465271.411156,21392314155.809948
285,2022-10-07,68240186691.13497,46188993440.89064,21630728824.76816
286,2022-10-08,68360023403.83701,46210937641.39333,21707058448.638863
287,2022-10-09,68384660011.30266,46054961500.96836,21774853244.55238
288,2022-10-10,68308301853.70279,45974636493.609,21663418353.73307
289,2022-10-11,68465529813.593346,45967669158.001495,21513802155.14394
290,2022-10-12,68428561681.45524,45948598246.08482,21537168618.636875
291,2022-10-13,68433385613.54075,45868986890.18036,21210470038.769665
292,2022-10-14,68454082242.04629,45509587292.7311,21352532040.485325
293,2022-10-15,68389617989.81952,44952268038.475334,21373263785.012196
294,2022-10-16,68388940699.011696,45014733395.86217,21416202513.542805
295,2022-10-17,68445138503.118774,45007234186.11907,21307808177.747166
296,2022-10-18,68416637689.73752,44756383398.37214,21301178892.200886
297,2022-10-19,68473113039.735085,44552999522.06491,21578148197.101624
298,2022-10-20,68452826677.49308,44399264134.655396,21709997367.074883
299,2022-10-21,68446610236.90032,43915403661.56201,21885534659.597565
300,2022-10-22,68465349602.0029,43900140152.31232,21765740870.652916
301,2022-10-23,68458383191.545166,43913475709.85313,21767378237.96126
302,2022-10-24,68424379026.95898,43923123683.40675,21770777939.46772
303,2022-10-25,68401790564.43543,43774483587.58443,21755880180.982883
304,2022-10-26,68515959469.884926,43760353889.53523,21566478244.19327
305,2022-10-27,68539062510.87245,43823149351.61729,21451838965.32368
306,2022-10-28,68889141732.72426,43971339153.10381,21224949428.362343
307,2022-10-29,68964914947.12599,43735636820.97778,21370849381.03525
308,2022-10-30,69095205493.06725,43687403699.303925,21390769268.685017
309,2022-10-31,69094359478.10323,43650950203.28888,21389930061.25875
310,2022-11-01,69380585989.30975,43404958127.33407,21141938091.309658
311,2022-11-02,69425689152.10635,43002287942.344444,21667592642.44422
312,2022-11-03,69431437615.846,42583246690.07697,21979151497.07884
313,2022-11-04,69350142130.99507,42134427139.32832,22481896659.137436
314,2022-11-05,69355263616.87975,42096164338.783585,22525322927.45351
315,2022-11-06,69350525154.05742,42052836506.61693,22562480709.466915
316,2022-11-07,69346001162.83171,42327476716.885605,22543961280.52331
317,2022-11-08,69511154153.31842,43328997278.22703,22578150158.016384
318,2022-11-09,69513632100.61911,42692116354.96052,23049385691.04961
319,2022-11-10,69466521505.56256,42786320122.941345,22931274427.545586
320,2022-11-11,68441044955.661415,43650609778.545975,22933506473.392517
321,2022-11-12,68399398020.52115,43885311174.949486,23137520636.510403
322,2022-11-13,67396572037.204094,44063041658.58514,23361438101.677773
323,2022-11-14,66441439081.88792,44093694941.382286,23350109559.515316
324,2022-11-15,66459223430.902054,44249938149.56627,23492255555.38403
325,2022-11-16,66125312403.21258,44625634395.198494,23247643911.428623
326,2022-11-17,66019772913.77536,44380809309.657715,23044081634.676556
327,2022-11-18,65972069594.07388,44166074835.45052,22949718215.746082
328,2022-11-19,65986696851.80106,44397713114.30733,22944281351.91663
329,2022-11-20,65965182392.95004,44454698761.68238,22899397861.110474
330,2022-11-21,65964018960.94639,44571997620.49273,22937856109.27881
331,2022-11-22,65939717655.37897,44322455958.14182,22822650243.9832
332,2022-11-23,65597886005.57602,44137703777.5843,22812477305.44166
333,2022-11-24,65543712562.18742,43725048309.42981,22894415589.647053
334,2022-11-25,65367598699.39223,44047195157.478,22879322771.495193
335,2022-11-26,65345701967.116714,43961272957.173805,22500557132.656525
336,2022-11-27,65338517247.26141,44130944749.82288,22494393280.818962
337,2022-11-28,65432655693.52283,44267982124.8933,22405851759.940872
338,2022-11-29,65361591999.46574,43639134379.09922,22386539765.590786
339,2022-11-30,65366405161.820755,43289158814.96512,22371987523.101063
340,2022-12-01,65511131600.92582,43237688218.705246,22409632047.29177
341,2022-12-02,65641200262.3192,43038089851.27382,22163415296.91032
342,2022-12-03,65388426943.75712,43226288018.9148,22194759003.467068
343,2022-12-04,65769558099.30616,43437755638.84056,22265822454.79752
344,2022-12-05,65557951753.473175,43453588831.88669,22156905753.94485
345,2022-12-06,65546686928.49787,43174777144.216736,22134351619.229137
346,2022-12-07,65558601840.21761,43014542405.90922,22043374770.849865
347,2022-12-08,65717867682.57215,42841983413.40195,22113277522.78471
348,2022-12-09,65681144306.21768,42795341793.9225,22063784331.429676
349,2022-12-10,65770950095.572876,42734846903.63048,22106741787.712105
350,2022-12-11,65729244224.59175,42708116169.6588,22095019940.870926
351,2022-12-12,65766093056.06259,42804576873.84046,22101906064.6337
352,2022-12-13,65688467049.99374,42478597334.777176,21997259073.698685
353,2022-12-14,65815203375.07555,45046905555.24035,18801636121.715237
354,2022-12-15,65978794246.08342,45219482768.55026,18576204171.16328
355,2022-12-16,65997016215.353096,45135657888.42942,18659296893.076508
356,2022-12-17,65770714186.31364,44783417674.79347,18418958813.370594
357,2022-12-18,66069871457.42192,44962564935.60457,18465462959.8104
358,2022-12-19,66163136479.42052,44960720772.71949,18436791145.991302
359,2022-12-20,66174433958.500084,44590089225.090805,18331431221.69504
360,2022-12-21,66210497794.15593,44442864038.849625,18062158040.418995
361,2022-12-22,66222410592.693405,44292111490.61172,18019965551.301586
362,2022-12-23,66253234080.76853,44195475644.06561,17980476505.34423
363,2022-12-24,66290527437.95575,44161657753.64621,17547115955.97307
364,2022-12-25,66280331784.85776,44233781036.083496,17474683472.278175
365,2022-12-26,66260084337.19826,44372269006.612144,17399388243.487694
366,2022-12-27,66289979631.46615,44513812934.27788,17324797366.66614
367,2022-12-28,66241360621.11682,44178052972.40207,17178897031.350542
368,2022-12-29,66232030177.68255,44400302705.74302,17030497794.784866
369,2022-12-30,66255815696.12944,44406969867.92012,16883649115.849846
370,2022-12-31,66279043570.31453,44523297779.09351,16722622374.546856
371,2023-01-01,66226451754.38176,44528657221.25403,16574885332.00022
372,2023-01-02,66301858477.74817,44601803873.66535,16575751459.373606
373,2023-01-03,66223251669.25232,44694019195.94614,16417193949.192665
374,2023-01-04,66274058933.38085,44202124101.04543,16567960722.663107
375,2023-01-05,66245545660.29001,44135425876.20872,16553838036.063446
376,2023-01-06,66278648652.01702,43763429710.4896,16787259708.234497
377,2023-01-07,66263334312.75015,43712866667.88639,16393926355.029032
378,2023-01-08,66272451611.88523,43815414263.92143,16432979674.990894
379,2023-01-09,66295359783.54114,43973957034.79293,16308172539.08088
380,2023-01-10,66315047027.9915,44012648245.02809,16325313264.081116
381,2023-01-11,66307828854.78396,43685112246.50622,16288817813.446613
382,2023-01-12,65470424457.41479,43929682405.56178,16704871661.045982
383,2023-01-13,66278004907.72334,43933186019.80946,16188034628.960453
384,2023-01-14,66317495370.291145,43462592152.31972,16366894105.750023
385,2023-01-15,66305842236.8753,43678264953.162285,16425085197.84127
386,2023-01-16,66370266581.06579,43833013504.28466,16342186309.359894
387,2023-01-17,66315382010.56667,43830805552.6618,16236098096.995502
388,2023-01-18,66472290219.18532,43541671600.105484,15871914942.909702
389,2023-01-19,66549279927.0732,43107768362.55009,16127270710.530632
390,2023-01-20,66542669715.76394,43107246611.013084,16380798736.160044
391,2023-01-21,66542663619.61765,43209684232.936554,16347566277.79455
392,2023-01-22,66376505551.62937,43327364623.63976,16227361912.570692
393,2023-01-23,66739726193.22115,43513037553.59286,16111502732.620459
394,2023-01-24,66692161993.527954,43430853637.82664,15831012235.203558
395,2023-01-25,66885882203.16084,43719411091.15443,15486299423.408205
396,2023-01-26,67139928234.07279,43545593015.82271,15666338077.822943
397,2023-01-27,67240886056.865845,43326277770.16066,15742671819.637869
398,2023-01-28,67373574300.06389,43080116274.414444,15637323936.13492
399,2023-01-29,67569736303.8954,43167479981.93234,15796198864.450054
400,2023-01-30,67687123254.52642,43113082734.74294,15703172899.208189
401,2023-01-31,67779797060.88225,42731330918.92384,15743624650.87929
402,2023-02-01,67834965073.44664,42443689338.95115,16099593808.782776
403,2023-02-02,67846146300.35402,42339805493.066895,16094230487.731546
404,2023-02-03,67892950614.04458,42540250173.261154,16117814889.273138
405,2023-02-04,68042153687.37086,41979649585.07855,16279637825.543573
406,2023-02-05,67944713474.216835,42029296086.85138,16246482563.19855
407,2023-02-06,68114172206.9055,42057121144.45521,16284522117.3702
408,2023-02-07,68043274844.16859,41800705575.0068,16178257105.617353
409,2023-02-08,68265208037.89304,41821971552.94293,16192408876.956404
410,2023-02-09,68160499147.645515,41489736570.11558,16178063339.745068
411,2023-02-10,68193338996.94423,41454455609.653206,16174744589.211452
412,2023-02-11,68366557129.943596,41396045451.60778,16195656203.793404
413,2023-02-12,68457150720.6405,41347003133.53041,16143284605.88335
414,2023-02-13,68490999406.460625,41249501484.64483,16159872190.22252
415,2023-02-14,68427597807.13527,40964205745.2335,15870342964.644787
416,2023-02-15,69541171926.41,41098392955.17223,15474072618.023188
417,2023-02-16,69502620730.9046,41418075054.732704,14340528389.023134
418,2023-02-17,69826536196.88829,41759492748.79478,13701856486.853468
419,2023-02-18,70292722478.4183,41850455705.750694,13334994535.290722
420,2023-02-19,70285569098.16228,41847466367.11916,13234514379.271683
421,2023-02-20,70451072573.33218,41915446075.34752,13243377365.824215
422,2023-02-21,70418439340.4688,41929600474.20257,12795920670.335804
423,2023-02-22,70456590555.39325,42150096803.11692,12440265192.534834
424,2023-02-23,70766136200.36801,42107605596.74351,12020024696.219473
425,2023-02-24,70680138527.9615,42172684956.12151,11636109967.003887
426,2023-02-25,70811129790.09048,42586940042.879395,11131677782.90627
427,2023-02-26,70832978696.81664,42566004100.0753,11132305464.997768
428,2023-02-27,70797067115.66945,42635599773.84527,10967273500.328197
429,2023-02-28,70918517287.47423,42555162070.89731,10634273444.50098
430,2023-03-01,70926090372.52197,42367057301.931015,10506177016.485857
431,2023-03-02,71094389016.40314,42579603933.90012,10165531402.54628
432,2023-03-03,71089143266.10973,43133653728.140274,9679015810.972504
433,2023-03-04,71194848065.08534,43575363881.79522,9173463709.834898
434,2023-03-05,71520391290.3789,43887802725.62589,8926287784.666025
435,2023-03-06,71463081677.24242,44026193397.66071,8694580147.997112
436,2023-03-07,71606102630.76941,43738748396.32565,8440889138.254094
437,2023-03-08,71688065511.9664,43561666187.49304,8409476997.833857
438,2023-03-09,71860457290.5982,43511821607.00653,8410633197.878937
439,2023-03-10,71814779749.86282,43439310148.65,8402934266.702769
440,2023-03-11,72084236470.97087,42196527257.47786,8373425670.99933
441,2023-03-12,72265947202.17673,39414641347.04333,8361756225.878888
442,2023-03-13,72386888341.06775,40295919420.53058,8412113578.077348
443,2023-03-14,73224130980.1188,39514923547.57139,8392927173.921342
444,2023-03-15,73662783701.2793,38426485689.00091,8380705786.563527
445,2023-03-16,74750701091.58803,37638741570.89347,8344354915.616871
446,2023-03-17,74845805871.10883,37066939414.150566,8291164448.972728
447,2023-03-18,76181018246.9454,36353374994.115456,8247036284.280042
448,2023-03-19,76220833431.4474,36372068012.45974,8262212039.828015
449,2023-03-20,76784764102.20827,36290783741.90638,8237070374.521101
450,2023-03-21,76852694601.8154,35577520978.39277,8176817006.448354
451,2023-03-22,77348485075.2475,35385737113.147125,8159193352.223584
452,2023-03-23,77988820276.12372,34883051890.35148,8092720218.707384
453,2023-03-24,78372882681.58614,34528718222.19765,8087890927.235151
454,2023-03-25,79581658858.01941,34100217344.013863,8070909712.115153
455,2023-03-26,79623139461.57642,34136834050.57306,8079469371.5868845
456,2023-03-27,79174842323.5603,33902194382.342876,8026490491.449023
457,2023-03-28,79555652816.88434,33473919599.091217,7832726812.5323305
458,2023-03-29,79597410585.38544,33357305472.157772,7722141367.673037
459,2023-03-30,79636370260.18375,33299622911.425476,7670277639.33179
460,2023-03-31,79708195096.12521,32875147350.129715,7618861909.443181
461,2023-04-01,79808588133.30806,32545003021.415047,7561675921.397994
462,2023-04-02,79772056639.103,32545586598.082073,7555925683.456747
463,2023-04-03,79792660516.37926,32564611321.309547,7563708102.011988
464,2023-04-04,79874799190.06126,32678368169.69976,7428030828.920106
465,2023-04-05,80081067435.1964,32706455680.732838,7297497160.640921
466,2023-04-06,80140266879.62009,32640958002.783737,7162940062.862309
467,2023-04-07,80188675274.39629,32758616583.242805,7073969356.586185
468,2023-04-08,80268298419.65393,32617421143.536526,7071416875.03081
469,2023-04-09,80306857722.22342,32622414240.880203,7072080441.645151
470,2023-04-10,80310814337.5286,32618005274.64544,7073891636.396832
471,2023-04-11,80390805147.35063,32369910064.417004,6955890583.1556225
472,2023-04-12,80526255295.43082,32413088278.6763,6903395843.472705
473,2023-04-13,80667591426.44553,32038453660.274147,6796435631.789585
474,2023-04-14,80886569881.39658,31978840380.671074,6724821515.676877
475,2023-04-15,80869263894.07669,31857257937.146603,6689017524.531111
476,2023-04-16,80993005658.63786,31807237206.201717,6683730585.616289
477,2023-04-17,80983997260.14981,31843395207.8549,6685883363.610833
478,2023-04-18,81022519469.1722,31631776001.961037,6658135176.967829
479,2023-04-19,81124243453.9212,31381919831.94756,6645871038.313681
480,2023-04-20,81576461707.21233,31274020648.841957,6630252869.758566
481,2023-04-21,81432223467.57095,30998429491.40062,6586834047.719569
482,2023-04-22,81482240781.84691,30781229059.505554,6449795180.384699
483,2023-04-23,81601259475.5642,30800816722.500923,6457860855.065777
484,2023-04-24,81498022564.96622,30832016787.39291,6448356541.797839
485,2023-04-25,81561952839.31276,30724101062.37138,6411568971.119797
486,2023-04-26,81650664075.8101,30730506420.444515,6357991255.525873
487,2023-04-27,81618274278.07602,30761326833.907978,6305579620.484714
488,2023-04-28,81714368057.79353,30558401325.1373,6286013514.008459
489,2023-04-29,81713940555.01346,30505673945.39797,6203106264.1526
490,2023-04-30,81811659037.79712,30517472541.595715,6201585475.718694
491,2023-05-01,81834959453.01086,30507262544.36261,6203190376.651333
492,2023-05-02,81873049553.9293,30401590450.83233,6160006331.1889
493,2023-05-03,81882894005.45645,30203709587.32493,6091775326.002118
494,2023-05-04,81989333426.1504,30115550078.53332,5981155021.678382
495,2023-05-05,82166156610.54845,30144375003.0308,5980595024.838362
496,2023-05-06,82151905581.7886,30384207596.065964,5966908409.4820175
497,2023-05-07,82239351555.02676,30369654736.304386,5967916059.019455
498,2023-05-08,81979806768.98271,30342574924.223297,5949909631.819847
499,2023-05-09,82444600542.1588,30258663502.886784,5865864817.795851
500,2023-05-10,82501557251.18872,30150202928.5899,5793970073.698181
501,2023-05-11,82565452645.59608,30071349958.650494,5764214556.476236
502,2023-05-12,82667039654.89803,30028195165.394493,5720830514.766939
503,2023-05-13,82799743141.6915,29970051657.65548,5623287222.0961075
504,2023-05-14,83088864855.27592,30054743760.1431,5624406893.917293
505,2023-05-15,82795486682.09766,29949809797.955868,5614787864.786945
506,2023-05-16,82803772135.3671,29792036476.606792,5555550324.235403
507,2023-05-17,82847420820.40103,29675758792.694435,5554534854.894852
508,2023-05-18,82854296237.72488,29503039585.88648,5545583640.928739
509,2023-05-19,82877902315.1606,29610494624.30023,5547200109.400375
510,2023-05-20,82912724184.7996,29557752770.39938,5504557343.833765
511,2023-05-21,82935921774.5457,29562931910.4622,5502486250.430752
512,2023-05-22,82951150480.0993,29549991311.204956,5500978905.329476
513,2023-05-23,82986871465.61473,29438095224.899315,5461748350.388312
514,2023-05-24,83010344061.6914,29253725552.836655,5395162015.592348
515,2023-05-25,83087445100.9739,29158132296.314457,5332960084.158334
516,2023-05-26,83050428815.98918,29054615189.654472,5304361255.764123
517,2023-05-27,83125090385.81488,29083852842.00089,5277390107.405841
518,2023-05-28,83115259981.77856,29022835526.647552,5272019532.976589
519,2023-05-29,83238961008.24347,29066405755.75405,5284784730.352082
520,2023-05-30,83179557093.94339,29069645464.113674,5274378427.452826
521,2023-05-31,83178632658.51576,28960554486.80142,5249968904.599634
522,2023-06-01,83259425002.24538,28891039554.887623,5199376188.568962
523,2023-06-02,83245325860.45761,28986656756.103634,5175130922.434588
524,2023-06-03,83185392884.92227,28901643507.646492,5151331312.138365
525,2023-06-04,83181185644.95522,28904346978.98627,5150975284.46597
526,2023-06-05,83202873665.42276,28974952277.55395,5149305769.576564
527,2023-06-06,83214677269.12456,28799050860.37079,5096349069.84283
528,2023-06-07,83215224249.20848,28646537274.676197,4997194499.578388
529,2023-06-08,83294694375.8993,28513773615.11894,4898427855.167426
530,2023-06-09,83314341457.23004,28430725357.04456,4858702100.921108
531,2023-06-10,83340103621.55147,28327046011.803207,4778465560.745399
532,2023-06-11,83392178490.08475,28357858207.583122,4779455725.933479
533,2023-06-12,83421999682.59865,28383743133.902813,4778847069.238785
534,2023-06-13,83412876219.14725,28303353138.909637,4619071466.593087
535,2023-06-14,83477452867.17456,28178562862.335552,4578994624.189096
536,2023-06-15,83520295613.2809,28095230727.300552,4508001163.964366
537,2023-06-16,83531769676.53441,28219492680.705715,4340707514.359496
538,2023-06-17,83512114862.29964,28340122293.95411,4296509452.015198
539,2023-06-18,83510630760.90634,28337781547.42707,4295216965.444097
540,2023-06-19,83130615716.81691,28345755930.424026,4296486683.845434
541,2023-06-20,83176269486.24306,28459798311.698105,4297412673.256367
542,2023-06-21,83135121982.19963,28523107198.60465,4283344761.9601045
543,2023-06-22,83170086674.34586,28460264104.522892,4263050944.6904407
544,2023-06-23,83172721039.26547,28483323820.18587,4243849995.9346943
545,2023-06-24,83349230026.90846,28467230856.648407,4248306068.8307576
546,2023-06-25,83310443944.22711,28474568747.89871,4241550201.849021
547,2023-06-26,83241756372.50633,28458880892.982502,4246500085.038202
548,2023-06-27,83129801763.55685,28371551696.06862,4212048247.1846504
549,2023-06-28,83283881739.39743,28225577858.940304,4191804645.2374945
550,2023-06-29,83317728409.27911,28123528987.23448,4166739559.3889484
551,2023-06-30,83395956301.867,27953686257.36123,4140093166.013775
552,2023-07-01,83284621552.31244,27367221915.429714,4131128241.124536
553,2023-07-02,83335613301.6225,27391541347.359585,4132649540.2399864
554,2023-07-03,83275413162.65305,27389450379.401768,4130194167.659789
555,2023-07-04,83340559709.13902,27689207015.42962,4128076659.163208
556,2023-07-05,83379982352.33514,27754724322.122437,4125511374.3333316
557,2023-07-06,83318318450.32018,27662665651.91526,4098554085.1179686
558,2023-07-07,83485321161.53781,27577560159.376625,4063144961.013507
559,2023-07-08,83361580540.12299,27490882353.583122,4045898707.682448
560,2023-07-09,83400094970.38133,27520618446.83723,4048773034.7644944
561,2023-07-10,83401941911.69394,27497914255.73119,4048269865.3371263
562,2023-07-11,83357075149.29001,27383207895.857414,4027872726.8990545
563,2023-07-12,83401280506.39957,27372801556.991467,3998433942.742566
564,2023-07-13,83403277912.52115,27274501888.459175,3994705387.675951
565,2023-07-14,83325381227.48358,27379899146.055225,3977718992.139237
566,2023-07-15,83642019367.73041,27253533176.869637,3967496089.7394204
567,2023-07-16,83663934660.37202,27284376844.53866,3969475194.770562
568,2023-07-17,83509799726.48723,27220350352.65345,3963790965.5110106
569,2023-07-18,83743480630.29497,27030808524.69555,3924086417.213998
570,2023-07-19,83790732854.88849,27005085335.15107,3888470099.32127
571,2023-07-20,83734085145.09355,26981643197.491493,3882130010.7542768
572,2023-07-21,83839342615.98102,26923508798.08315,3857738154.4642735
573,2023-07-22,83784332315.95091,26853748455.589447,3849176182.792129
574,2023-07-23,83804674505.69337,26847685807.49093,3852956075.8358793
575,2023-07-24,83755687819.48451,26846574717.002853,3851273393.186586
576,2023-07-25,83792795551.98889,26698348903.09884,3818367301.588061
577,2023-07-26,83790318776.21411,26681213248.21077,3794812602.786387
578,2023-07-27,83895071911.8851,26602988139.91223,3777654142.330166
579,2023-07-28,83781752304.07178,26578209753.918907,3739365987.233806
580,2023-07-29,83827866970.28653,26547001183.58221,3703602853.8691907
581,2023-07-30,83822465176.84192,26545084511.690792,3704739669.861654
582,2023-07-31,83823744370.67871,26538644794.60743,3708764570.276847
583,2023-08-01,83791388839.53244,26489110610.04625,3668239670.118111
584,2023-08-02,83816313473.61049,26320268337.86453,3625474042.3641777
585,2023-08-03,83888527906.0555,26193856239.252094,3538937262.010098
586,2023-08-04,83841060938.9211,26094832146.331715,3495960847.9322786
587,2023-08-05,83719693334.73195,26032430433.790546,3426023082.064194
588,2023-08-06,83816979241.18967,26040360466.607174,3417116501.473985
589,2023-08-07,83751692193.03862,26043142435.79638,3414958068.5806746
590,2023-08-08,83464564710.04935,26135117669.341965,3395118304.396523
591,2023-08-09,83534670798.40623,26308031420.31453,3395543128.2411556
592,2023-08-10,83496944483.02469,26284261152.72976,3391460966.9147196
593,2023-08-11,83445632345.53148,26152601233.99182,3380795156.708855
594,2023-08-12,83313809612.89717,26116498500.47991,3371769026.333961
595,2023-08-13,83355420569.70955,26161944529.388718,3371366634.3943605
596,2023-08-14,83303287526.81169,26180583371.681644,3369387146.131501
597,2023-08-15,83323482665.83325,26004359971.61167,3357144658.6799836
598,2023-08-16,83089141821.30199,26032843936.259975,3336755407.4440064
599,2023-08-17,83061154615.96309,26085565901.880783,3302040513.5017614
600,2023-08-18,82404783281.48492,26011723418.08697,3271089559.4447308
601,2023-08-19,82846348503.31053,25990994493.248333,3245755750.014512
602,2023-08-20,82827386555.77365,25986054890.886066,3242243424.8744206
603,2023-08-21,82764346526.22603,25989247153.045475,3240040424.781133
604,2023-08-22,82809847575.73654,25976853369.848312,3213384371.187875
605,2023-08-23,82886695209.7922,25945490919.80476,3198997552.875876
606,2023-08-24,82864808775.04936,25984996124.790012,3187400627.9305286
607,2023-08-25,82792442087.2895,25893306039.472023,3175955893.6260977
608,2023-08-26,82820074363.93916,25954981302.764843,3145720062.3009224
609,2023-08-27,82787056266.82603,26011880203.37813,3144982473.075535
610,2023-08-28,82810342708.0487,26039627185.448215,3145147982.9488945
611,2023-08-29,82839021147.29135,26044969399.517567,3113040571.8520565
612,2023-08-30,82842798968.823,26236003965.559715,3104543031.3813777
613,2023-08-31,82830657293.57698,26144886649.015316,3072978716.0489774
614,2023-09-01,82859256820.49013,26180791288.094017,2972583336.069528
615,2023-09-02,82873208039.98825,26162323687.851414,2888692650.68479
616,2023-09-03,82890642638.24115,26151762539.142956,2865052093.3447394
617,2023-09-04,82840079833.3502,26197777494.003235,2842604259.0973706
618,2023-09-05,82762724711.13287,26088723898.92023,2842652317.90057
619,2023-09-06,82836564032.4432,26023804217.43841,2742070758.701193
620,2023-09-07,82872091764.68895,26079440198.89429,2678218855.0382338
621,2023-09-08,82848340323.02254,25966326353.015133,2618340446.4093666
622,2023-09-09,82994464811.03418,26103592135.44802,2590755066.673344
623,2023-09-10,82979370479.77487,26124853805.98471,2590306313.0838504
624,2023-09-11,82989331119.54132,26175966421.456493,2583978981.7453423
625,2023-09-12,82963209450.55505,26065403370.223778,2540439882.198649
626,2023-09-13,83082929863.57187,26215663913.467136,2529724757.9535594
627,2023-09-14,83059791981.38634,26221834025.038273,2515662591.945887
628,2023-09-15,83052483552.6998,26139507498.83996,2500107202.7787976
629,2023-09-16,83007465778.7753,26087551766.339985,2485799158.696578
630,2023-09-17,83054852766.11803,26151982760.039,2491789141.309511
631,2023-09-18,83068058627.53192,26176194877.069077,2492194996.4743443
632,2023-09-19,83094733747.16682,26120587799.710514,2471899033.4904003
633,2023-09-20,83176788712.96616,26004718525.38461,2459326938.2250915
634,2023-09-21,83200799692.07854,25965333602.903584,2437642411.963347
635,2023-09-22,83189667143.01106,25782866103.730743,2404401900.2360024
636,2023-09-23,83212195829.16446,25748181806.361767,2381906382.8853455
637,2023-09-24,83210015223.57744,25769013759.58378,2381881473.5690618
638,2023-09-25,83212248384.21696,25772018333.618828,2381666512.3279557
639,2023-09-26,83169840527.08276,25671257667.887608,2343546464.6211815
640,2023-09-27,83161369320.4459,25606528757.866287,2304970183.3790507
641,2023-09-28,83193672937.38235,25482805598.33604,2279310412.8406105
642,2023-09-29,83267423241.87346,25579070003.70084,2265918936.708535
643,2023-09-30,83267971094.07365,25054612501.403458,2259983087.541136
644,2023-10-01,83258001884.50362,25109326927.38972,2259184792.478329
645,2023-10-02,83251476137.94423,25169346026.698467,2259069355.096166
646,2023-10-03,83273336895.26823,25337546387.362267,2259314799.992872
647,2023-10-04,83352369985.82991,25301297057.58337,2245515483.038849
648,2023-10-05,83356125474.97917,25223334165.919975,2238995413.1684885
649,2023-10-06,83359091468.14685,25212207517.18529,2227046513.9804235
650,2023-10-07,83413565108.54599,25496505235.89417,2214460651.1742816
651,2023-10-08,83525460690.77596,25538082195.982513,2214625987.460677
652,2023-10-09,83516000504.2307,25568023260.294346,2215927304.801208
653,2023-10-10,83524066604.36577,25508087590.759346,2202497757.889537
654,2023-10-11,83483900707.36946,25378591457.219128,2145364370.730709
655,2023-10-12,83499673027.41563,25240293496.814953,2144281840.6428335
656,2023-10-13,83483796073.20642,25095845456.891354,2136956862.5765233
657,2023-10-14,83498697221.22173,25094006156.996532,2124249306.6945522
658,2023-10-15,83532889783.10246,25134530786.982433,2124595687.1751328
659,2023-10-16,83559393903.24854,25170230880.28926,2124843763.7558744
660,2023-10-17,83577695008.47903,25251308999.16886,2109914706.5893126
661,2023-10-18,83610268590.54527,25297505584.71008,2108106408.8346481
662,2023-10-19,83694671690.04245,25364965109.563015,2104389854.2181437
663,2023-10-20,83882616971.8118,25498367891.23766,2095198543.5491629
664,2023-10-21,83967018889.96411,25535510780.116554,2094320859.2305446
665,2023-10-22,84189037781.89873,25591119614.64856,2092727402.0188723
666,2023-10-23,84215958770.63538,25560733459.651936,2095735675.758137
667,2023-10-24,84294092789.52823,25480966000.63172,2087968190.3129508
668,2023-10-25,84345202670.72981,25096183294.438423,2079477175.7358942
669,2023-10-26,84259856520.10495,25167836259.603775,2079341539.9426115
670,2023-10-27,84406796218.82835,25084770499.144226,2063177045.2899787
671,2023-10-28,84477164194.58943,24982986543.48889,2061003483.241402
672,2023-10-29,84563580454.19505,24989725023.493893,2058942046.132994
673,2023-10-30,84549233823.18846,25090218770.02984,2059019068.3847508
674,2023-10-31,84560721447.30846,24933126459.845863,2025511348.1896138
675,2023-11-01,84693605222.46228,24741908093.14662,2007384966.9720397
676,2023-11-02,84862316815.83162,24758799496.413044,1998774212.1889632
677,2023-11-03,84913239127.19864,24502658943.57826,1950895048.7918396
678,2023-11-04,85256843614.72348,24526366327.74381,1897542580.570585
679,2023-11-05,85448432838.82634,24584454813.30511,1898070443.9941537
680,2023-11-06,85387153373.57904,24600168083.711346,1894175697.6262982
681,2023-11-07,85371206042.47902,24431902675.71829,1890614909.2400925
682,2023-11-08,85731510405.70334,24411577367.45633,1884468553.5787644
683,2023-11-09,85850353482.25122,24294542586.903748,1882835695.3162322
684,2023-11-10,86220797904.93394,24159633061.116825,1883892096.1892152
685,2023-11-11,86576842243.3467,24158775863.049744,1882314855.6270432
686,2023-11-12,86670329265.5761,24249243007.32187,1871088649.4669557
687,2023-11-13,86893346050.39153,24223270132.200794,1880371813.3372521
688,2023-11-14,86852876182.05913,24042154027.05544,1863775826.8506205
689,2023-11-15,87069254488.00314,23864694246.187305,1849711901.7699232
690,2023-11-16,87330293256.90219,24120206460.06144,1847220235.343469
691,2023-11-17,87433708811.30647,24201135257.05874,1836066061.8143535
692,2023-11-18,87575507814.81499,24378821057.99755,1808552294.0674608
693,2023-11-19,87745529028.2199,24420316630.99237,1808188181.683049
694,2023-11-20,87719871443.19617,24441076129.832485,1803561569.837097
695,2023-11-21,87738748115.10922,24500421249.56664,1796246105.6048849
696,2023-11-22,87923200610.43375,24421879025.45158,1781122588.72486
697,2023-11-23,88395010860.2725,24409910339.213036,1752533848.7784965
698,2023-11-24,88521918320.8052,24439184226.043747,1751236730.6762137
699,2023-11-25,88586091086.36794,24707898245.71678,1740969472.196168
700,2023-11-26,88779808674.98494,24726023156.38283,1741915350.518796
701,2023-11-27,88746412388.52766,24655503697.713364,1740245165.2847178
702,2023-11-28,88794083114.61061,24437977232.68942,1705083951.098988
703,2023-11-29,88902002105.36464,24520971014.615322,1691798052.9843001
704,2023-11-30,89084951252.75563,24430396390.51601,1686667437.001579
705,2023-12-01,89288339819.9511,24507375575.713345,1666487789.421386
706,2023-12-02,89384249584.62776,24560261404.063313,1657993432.1153586
707,2023-12-03,89567299871.82498,24554766694.920906,1652700927.1654484
708,2023-12-04,89672338130.95718,24515071928.781155,1654691220.469623
709,2023-12-05,89712226019.01518,24400386546.350307,1623369879.4479856
710,2023-12-06,89954651881.01256,24289183596.617332,1597799553.7897847
711,2023-12-07,89947739514.69337,24288530916.84322,1582160893.9789832
712,2023-12-08,90118570091.71358,24304813682.964424,1542108053.1011722
713,2023-12-09,90313892604.98276,24500076100.52974,1504505074.639563
714,2023-12-10,90697180084.94415,24572867657.291748,1506454281.131888
715,2023-12-11,90619185009.48459,24563202192.386852,1508197278.9870682
716,2023-12-12,90552653809.92912,24150529201.98002,1461586296.2806888
717,2023-12-13,90618504336.49426,24053290978.334587,1468359715.2235417
718,2023-12-14,90695509418.53244,24291303993.710564,1262096911.1503773
719,2023-12-15,90827525607.944,24498837555.20751,1257600752.0518854
720,2023-12-16,90736741067.09624,24599475290.698605,1204040074.5243094
721,2023-12-17,90854983802.11975,24674549913.833984,1203973109.5469856
722,2023-12-18,90872426679.6594,24604523838.266224,1203772701.6468034
723,2023-12-19,90931108068.30547,24714692366.748455,1191985014.9908948
724,2023-12-20,90960533050.72403,24753586584.127975,1016495218.7525842
725,2023-12-21,90953421967.0991,24901256244.57502,1014752072.9925368
726,2023-12-22,91062560834.52438,24782776096.01221,1015897991.6252917
727,2023-12-23,91196913161.69775,25060302354.99237,1013768584.1754333
728,2023-12-24,91288621400.19968,25066546913.49913,1015924628.7722878
729,2023-12-25,91321270663.5734,25090078779.52218,1012841098.7978059
