,Date,Open,High,Low,Close,Volume,Dividends,Stock Splits,Day
0,2022-01-03 00:00:00-05:00,0.05000000074505806,0.057999998331069946,0.05000000074505806,0.05299999937415123,0,0.0,0.0,2022-01-03
1,2022-01-04 00:00:00-05:00,0.08500000089406967,0.08500000089406967,0.07800000160932541,0.07999999821186066,0,0.0,0.0,2022-01-04
2,2022-01-05 00:00:00-05:00,0.07999999821186066,0.09300000220537186,0.07999999821186066,0.08500000089406967,0,0.0,0.0,2022-01-05
3,2022-01-06 00:00:00-05:00,0.08299999684095383,0.09300000220537186,0.08299999684095383,0.09000000357627869,0,0.0,0.0,2022-01-06
4,2022-01-07 00:00:00-05:00,0.09000000357627869,0.09000000357627869,0.08500000089406967,0.08799999952316284,0,0.0,0.0,2022-01-07
5,2022-01-10 00:00:00-05:00,0.08799999952316284,0.09300000220537186,0.08799999952316284,0.09000000357627869,0,0.0,0.0,2022-01-10
6,2022-01-11 00:00:00-05:00,0.11500000208616257,0.11800000071525574,0.11500000208616257,0.11800000071525574,0,0.0,0.0,2022-01-11
7,2022-01-12 00:00:00-05:00,0.11500000208616257,0.11500000208616257,0.10999999940395355,0.11500000208616257,0,0.0,0.0,2022-01-12
8,2022-01-13 00:00:00-05:00,0.11299999803304672,0.11299999803304672,0.10499999672174454,0.10999999940395355,0,0.0,0.0,2022-01-13
9,2022-01-14 00:00:00-05:00,0.11299999803304672,0.11800000071525574,0.11299999803304672,0.11800000071525574,0,0.0,0.0,2022-01-14
10,2022-01-18 00:00:00-05:00,0.12300000339746475,0.13300000131130219,0.12300000339746475,0.12999999523162842,0,0.0,0.0,2022-01-18
11,2022-01-19 00:00:00-05:00,0.17000000178813934,0.17000000178813934,0.1599999964237213,0.16500000655651093,0,0.0,0.0,2022-01-19
12,2022-01-20 00:00:00-05:00,0.16300000250339508,0.1679999977350235,0.15800000727176666,0.1679999977350235,0,0.0,0.0,2022-01-20
13,2022-01-21 00:00:00-05:00,0.16300000250339508,0.16500000655651093,0.15800000727176666,0.15800000727176666,0,0.0,0.0,2022-01-21
14,2022-01-24 00:00:00-05:00,0.16500000655651093,0.16500000655651093,0.1550000011920929,0.1550000011920929,0,0.0,0.0,2022-01-24
15,2022-01-25 00:00:00-05:00,0.1850000023841858,0.1899999976158142,0.18299999833106995,0.1850000023841858,0,0.0,0.0,2022-01-25
16,2022-01-26 00:00:00-05:00,0.1899999976158142,0.1899999976158142,0.17000000178813934,0.17800000309944153,0,0.0,0.0,2022-01-26
17,2022-01-27 00:00:00-05:00,0.18799999356269836,0.19300000369548798,0.17800000309944153,0.1850000023841858,0,0.0,0.0,2022-01-27
18,2022-01-28 00:00:00-05:00,0.18799999356269836,0.18799999356269836,0.17000000178813934,0.17299999296665192,0,0.0,0.0,2022-01-28
19,2022-01-31 00:00:00-05:00,0.17800000309944153,0.1850000023841858,0.17000000178813934,0.17299999296665192,0,0.0,0.0,2022-01-31
20,2022-02-01 00:00:00-05:00,0.2199999988079071,0.22300000488758087,0.2029999941587448,0.2029999941587448,0,0.0,0.0,2022-02-01
21,2022-02-02 00:00:00-05:00,0.19499999284744263,0.19499999284744263,0.18000000715255737,0.1850000023841858,0,0.0,0.0,2022-02-02
22,2022-02-03 00:00:00-05:00,0.19300000369548798,0.1979999989271164,0.18799999356269836,0.19300000369548798,0,0.0,0.0,2022-02-03
23,2022-02-04 00:00:00-05:00,0.1899999976158142,0.2280000001192093,0.18799999356269836,0.22300000488758087,0,0.0,0.0,2022-02-04
24,2022-02-07 00:00:00-05:00,0.2199999988079071,0.2199999988079071,0.20000000298023224,0.2029999941587448,0,0.0,0.0,2022-02-07
25,2022-02-08 00:00:00-05:00,0.27000001072883606,0.2750000059604645,0.26499998569488525,0.2750000059604645,0,0.0,0.0,2022-02-08
26,2022-02-09 00:00:00-05:00,0.27000001072883606,0.2750000059604645,0.2680000066757202,0.27000001072883606,0,0.0,0.0,2022-02-09
27,2022-02-10 00:00:00-05:00,0.25999999046325684,0.3700000047683716,0.2549999952316284,0.3700000047683716,0,0.0,0.0,2022-02-10
28,2022-02-11 00:00:00-05:00,0.37299999594688416,0.382999986410141,0.3179999887943268,0.33799999952316284,0,0.0,0.0,2022-02-11
29,2022-02-14 00:00:00-05:00,0.35499998927116394,0.3880000114440918,0.3499999940395355,0.36000001430511475,0,0.0,0.0,2022-02-14
30,2022-02-15 00:00:00-05:00,0.41499999165534973,0.41999998688697815,0.39800000190734863,0.4000000059604645,0,0.0,0.0,2022-02-15
31,2022-02-16 00:00:00-05:00,0.4050000011920929,0.4099999964237213,0.3499999940395355,0.37299999594688416,0,0.0,0.0,2022-02-16
32,2022-02-17 00:00:00-05:00,0.36000001430511475,0.36000001430511475,0.33000001311302185,0.3449999988079071,0,0.0,0.0,2022-02-17
33,2022-02-18 00:00:00-05:00,0.328000009059906,0.33500000834465027,0.30799999833106995,0.3179999887943268,0,0.0,0.0,2022-02-18
34,2022-02-22 00:00:00-05:00,0.3199999928474426,0.33000001311302185,0.30799999833106995,0.33000001311302185,0,0.0,0.0,2022-02-22
35,2022-02-23 00:00:00-05:00,0.36500000953674316,0.36500000953674316,0.3179999887943268,0.3400000035762787,0,0.0,0.0,2022-02-23
36,2022-02-24 00:00:00-05:00,0.29499998688697815,0.29499998688697815,0.26499998569488525,0.28299999237060547,0,0.0,0.0,2022-02-24
37,2022-02-25 00:00:00-05:00,0.30300000309944153,0.31299999356269836,0.2800000011920929,0.2980000078678131,0,0.0,0.0,2022-02-25
38,2022-02-28 00:00:00-05:00,0.3100000023841858,0.3100000023841858,0.27300000190734863,0.2879999876022339,0,0.0,0.0,2022-02-28
39,2022-03-01 00:00:00-05:00,0.33000001311302185,0.33799999952316284,0.30000001192092896,0.31299999356269836,0,0.0,0.0,2022-03-01
40,2022-03-02 00:00:00-05:00,0.33000001311302185,0.3449999988079071,0.3179999887943268,0.32499998807907104,0,0.0,0.0,2022-03-02
41,2022-03-03 00:00:00-05:00,0.3100000023841858,0.33500000834465027,0.2980000078678131,0.33500000834465027,0,0.0,0.0,2022-03-03
42,2022-03-04 00:00:00-05:00,0.32499998807907104,0.32499998807907104,0.29499998688697815,0.3050000071525574,0,0.0,0.0,2022-03-04
43,2022-03-07 00:00:00-05:00,0.3149999976158142,0.3199999928474426,0.29499998688697815,0.3050000071525574,0,0.0,0.0,2022-03-07
44,2022-03-08 00:00:00-05:00,0.3630000054836273,0.3630000054836273,0.3499999940395355,0.36000001430511475,0,0.0,0.0,2022-03-08
45,2022-03-09 00:00:00-05:00,0.36000001430511475,0.3700000047683716,0.3479999899864197,0.3700000047683716,0,0.0,0.0,2022-03-09
46,2022-03-10 00:00:00-05:00,0.3700000047683716,0.375,0.3479999899864197,0.36000001430511475,0,0.0,0.0,2022-03-10
47,2022-03-11 00:00:00-05:00,0.36500000953674316,0.36500000953674316,0.3499999940395355,0.36500000953674316,0,0.0,0.0,2022-03-11
48,2022-03-14 00:00:00-04:00,0.37299999594688416,0.3880000114440918,0.3630000054836273,0.3779999911785126,0,0.0,0.0,2022-03-14
49,2022-03-15 00:00:00-04:00,0.44999998807907104,0.44999998807907104,0.4449999928474426,0.4480000138282776,0,0.0,0.0,2022-03-15
50,2022-03-16 00:00:00-04:00,0.46000000834465027,0.4650000035762787,0.4300000071525574,0.43299999833106995,0,0.0,0.0,2022-03-16
51,2022-03-17 00:00:00-04:00,0.3700000047683716,0.37299999594688416,0.3529999852180481,0.36000001430511475,0,0.0,0.0,2022-03-17
52,2022-03-18 00:00:00-04:00,0.3580000102519989,0.38499999046325684,0.3529999852180481,0.382999986410141,0,0.0,0.0,2022-03-18
53,2022-03-21 00:00:00-04:00,0.3799999952316284,0.46799999475479126,0.3799999952316284,0.45500001311302185,0,0.0,0.0,2022-03-21
54,2022-03-22 00:00:00-04:00,0.5429999828338623,0.5450000166893005,0.5149999856948853,0.5199999809265137,0,0.0,0.0,2022-03-22
55,2022-03-23 00:00:00-04:00,0.5099999904632568,0.5099999904632568,0.4779999852180481,0.47999998927116394,0,0.0,0.0,2022-03-23
56,2022-03-24 00:00:00-04:00,0.45500001311302185,0.4880000054836273,0.45500001311302185,0.4830000102519989,0,0.0,0.0,2022-03-24
57,2022-03-25 00:00:00-04:00,0.4880000054836273,0.5329999923706055,0.48500001430511475,0.5199999809265137,0,0.0,0.0,2022-03-25
58,2022-03-28 00:00:00-04:00,0.5230000019073486,0.5249999761581421,0.503000020980835,0.5080000162124634,0,0.0,0.0,2022-03-28
59,2022-03-29 00:00:00-04:00,0.5950000286102295,0.5979999899864197,0.5529999732971191,0.5550000071525574,0,0.0,0.0,2022-03-29
60,2022-03-30 00:00:00-04:00,0.550000011920929,0.5630000233650208,0.5,0.5249999761581421,0,0.0,0.0,2022-03-30
61,2022-03-31 00:00:00-04:00,0.5080000162124634,0.5180000066757202,0.4880000054836273,0.49300000071525574,0,0.0,0.0,2022-03-31
62,2022-04-01 00:00:00-04:00,0.49799999594688416,0.5049999952316284,0.49799999594688416,0.5,0,0.0,0.0,2022-04-01
63,2022-04-04 00:00:00-04:00,0.5,0.5400000214576721,0.5,0.5379999876022339,0,0.0,0.0,2022-04-04
64,2022-04-05 00:00:00-04:00,0.6629999876022339,0.675000011920929,0.6629999876022339,0.6679999828338623,0,0.0,0.0,2022-04-05
65,2022-04-06 00:00:00-04:00,0.6650000214576721,0.6700000166893005,0.6000000238418579,0.6629999876022339,0,0.0,0.0,2022-04-06
66,2022-04-07 00:00:00-04:00,0.6549999713897705,0.6650000214576721,0.6480000019073486,0.6600000262260437,0,0.0,0.0,2022-04-07
67,2022-04-08 00:00:00-04:00,0.6650000214576721,0.6729999780654907,0.6600000262260437,0.6679999828338623,0,0.0,0.0,2022-04-08
68,2022-04-11 00:00:00-04:00,0.675000011920929,0.6930000185966492,0.6729999780654907,0.6800000071525574,0,0.0,0.0,2022-04-11
69,2022-04-12 00:00:00-04:00,0.7649999856948853,0.7680000066757202,0.7099999785423279,0.7379999756813049,0,0.0,0.0,2022-04-12
70,2022-04-13 00:00:00-04:00,0.7350000143051147,0.7400000095367432,0.699999988079071,0.7400000095367432,0,0.0,0.0,2022-04-13
71,2022-04-14 00:00:00-04:00,0.7480000257492065,0.7630000114440918,0.7300000190734863,0.7480000257492065,0,0.0,0.0,2022-04-14
72,2022-04-18 00:00:00-04:00,0.75,0.7580000162124634,0.7300000190734863,0.7549999952316284,0,0.0,0.0,2022-04-18
73,2022-04-19 00:00:00-04:00,0.8399999737739563,0.8450000286102295,0.8230000138282776,0.8330000042915344,0,0.0,0.0,2022-04-19
74,2022-04-20 00:00:00-04:00,0.8299999833106995,0.8450000286102295,0.7900000214576721,0.7950000166893005,0,0.0,0.0,2022-04-20
75,2022-04-21 00:00:00-04:00,0.7799999713897705,0.8080000281333923,0.7749999761581421,0.800000011920929,0,0.0,0.0,2022-04-21
76,2022-04-22 00:00:00-04:00,0.8050000071525574,0.8130000233650208,0.7749999761581421,0.7799999713897705,0,0.0,0.0,2022-04-22
77,2022-04-25 00:00:00-04:00,0.7950000166893005,0.800000011920929,0.7799999713897705,0.7979999780654907,0,0.0,0.0,2022-04-25
78,2022-04-26 00:00:00-04:00,0.8650000095367432,0.8700000047683716,0.8230000138282776,0.8330000042915344,0,0.0,0.0,2022-04-26
79,2022-04-27 00:00:00-04:00,0.8080000281333923,0.8199999928474426,0.800000011920929,0.8080000281333923,0,0.0,0.0,2022-04-27
80,2022-04-28 00:00:00-04:00,0.8130000233650208,0.8149999976158142,0.7699999809265137,0.7850000262260437,0,0.0,0.0,2022-04-28
81,2022-04-29 00:00:00-04:00,0.800000011920929,0.8230000138282776,0.7979999780654907,0.8080000281333923,0,0.0,0.0,2022-04-29
82,2022-05-02 00:00:00-04:00,0.7950000166893005,0.8050000071525574,0.7599999904632568,0.7649999856948853,0,0.0,0.0,2022-05-02
83,2022-05-03 00:00:00-04:00,0.8930000066757202,0.9049999713897705,0.800000011920929,0.8949999809265137,0,0.0,0.0,2022-05-03
84,2022-05-04 00:00:00-04:00,0.9049999713897705,0.9300000071525574,0.800000011920929,0.8330000042915344,0,0.0,0.0,2022-05-04
85,2022-05-05 00:00:00-04:00,0.8029999732971191,0.8450000286102295,0.8029999732971191,0.8029999732971191,0,0.0,0.0,2022-05-05
86,2022-05-06 00:00:00-04:00,0.7799999713897705,0.8149999976158142,0.7749999761581421,0.8149999976158142,0,0.0,0.0,2022-05-06
87,2022-05-09 00:00:00-04:00,0.8080000281333923,0.8149999976158142,0.7730000019073486,0.800000011920929,0,0.0,0.0,2022-05-09
88,2022-05-10 00:00:00-04:00,0.8799999952316284,0.8849999904632568,0.8730000257492065,0.878000020980835,0,0.0,0.0,2022-05-10
89,2022-05-11 00:00:00-04:00,0.8849999904632568,0.8999999761581421,0.8650000095367432,0.8830000162124634,0,0.0,0.0,2022-05-11
90,2022-05-12 00:00:00-04:00,0.8830000162124634,0.9179999828338623,0.8650000095367432,0.9049999713897705,0,0.0,0.0,2022-05-12
91,2022-05-13 00:00:00-04:00,0.9129999876022339,0.9629999995231628,0.9129999876022339,0.9430000185966492,0,0.0,0.0,2022-05-13
92,2022-05-16 00:00:00-04:00,0.9430000185966492,0.9850000143051147,0.9430000185966492,0.9800000190734863,0,0.0,0.0,2022-05-16
93,2022-05-17 00:00:00-04:00,1.024999976158142,1.0429999828338623,1.0149999856948853,1.0379999876022339,0,0.0,0.0,2022-05-17
94,2022-05-18 00:00:00-04:00,1.0379999876022339,1.0399999618530273,0.9980000257492065,1.003000020980835,0,0.0,0.0,2022-05-18
95,2022-05-19 00:00:00-04:00,0.9950000047683716,1.003000020980835,0.9800000190734863,1.0,0,0.0,0.0,2022-05-19
96,2022-05-20 00:00:00-04:00,0.9980000257492065,1.0049999952316284,0.9750000238418579,0.9779999852180481,0,0.0,0.0,2022-05-20
97,2022-05-23 00:00:00-04:00,0.9850000143051147,0.9980000257492065,0.9779999852180481,0.9929999709129333,0,0.0,0.0,2022-05-23
98,2022-05-24 00:00:00-04:00,1.0379999876022339,1.0429999828338623,1.0329999923706055,1.0429999828338623,0,0.0,0.0,2022-05-24
99,2022-05-25 00:00:00-04:00,1.0329999923706055,1.0479999780654907,1.0180000066757202,1.0449999570846558,0,0.0,0.0,2022-05-25
100,2022-05-26 00:00:00-04:00,1.0230000019073486,1.0429999828338623,1.0080000162124634,1.027999997138977,0,0.0,0.0,2022-05-26
101,2022-05-27 00:00:00-04:00,1.0329999923706055,1.0399999618530273,1.0099999904632568,1.024999976158142,0,0.0,0.0,2022-05-27
102,2022-05-31 00:00:00-04:00,1.0379999876022339,1.0449999570846558,1.0130000114440918,1.0299999713897705,0,0.0,0.0,2022-05-31
103,2022-06-01 00:00:00-04:00,1.1100000143051147,1.1100000143051147,1.0980000495910645,1.1030000448226929,0,0.0,0.0,2022-06-01
104,2022-06-02 00:00:00-04:00,1.0829999446868896,1.1150000095367432,1.0829999446868896,1.1130000352859497,0,0.0,0.0,2022-06-02
105,2022-06-03 00:00:00-04:00,1.0980000495910645,1.1399999856948853,1.0980000495910645,1.1349999904632568,0,0.0,0.0,2022-06-03
106,2022-06-06 00:00:00-04:00,1.128000020980835,1.1729999780654907,1.128000020980835,1.159999966621399,0,0.0,0.0,2022-06-06
107,2022-06-07 00:00:00-04:00,1.225000023841858,1.2280000448226929,1.2230000495910645,1.225000023841858,0,0.0,0.0,2022-06-07
108,2022-06-08 00:00:00-04:00,1.2300000190734863,1.2450000047683716,1.215000033378601,1.2330000400543213,0,0.0,0.0,2022-06-08
109,2022-06-09 00:00:00-04:00,1.2400000095367432,1.2430000305175781,1.218000054359436,1.2380000352859497,0,0.0,0.0,2022-06-09
110,2022-06-10 00:00:00-04:00,1.2430000305175781,1.2879999876022339,1.225000023841858,1.2879999876022339,0,0.0,0.0,2022-06-10
111,2022-06-13 00:00:00-04:00,1.3350000381469727,1.5,1.3350000381469727,1.4980000257492065,0,0.0,0.0,2022-06-13
112,2022-06-14 00:00:00-04:00,1.7050000429153442,1.7430000305175781,1.7000000476837158,1.7430000305175781,0,0.0,0.0,2022-06-14
113,2022-06-15 00:00:00-04:00,1.7430000305175781,1.7649999856948853,1.659999966621399,1.6950000524520874,0,0.0,0.0,2022-06-15
114,2022-06-16 00:00:00-04:00,1.5829999446868896,1.6030000448226929,1.4630000591278076,1.4830000400543213,0,0.0,0.0,2022-06-16
115,2022-06-17 00:00:00-04:00,1.4630000591278076,1.5180000066757202,1.4500000476837158,1.5099999904632568,0,0.0,0.0,2022-06-17
116,2022-06-21 00:00:00-04:00,1.5429999828338623,1.5429999828338623,1.4550000429153442,1.4880000352859497,0,0.0,0.0,2022-06-21
117,2022-06-22 00:00:00-04:00,1.5850000381469727,1.600000023841858,1.5130000114440918,1.5449999570846558,0,0.0,0.0,2022-06-22
118,2022-06-23 00:00:00-04:00,1.5,1.5679999589920044,1.475000023841858,1.559999942779541,0,0.0,0.0,2022-06-23
119,2022-06-24 00:00:00-04:00,1.5679999589920044,1.6100000143051147,1.5399999618530273,1.5980000495910645,0,0.0,0.0,2022-06-24
120,2022-06-27 00:00:00-04:00,1.6030000448226929,1.6330000162124634,1.590000033378601,1.6330000162124634,0,0.0,0.0,2022-06-27
121,2022-06-28 00:00:00-04:00,1.7380000352859497,1.7430000305175781,1.7350000143051147,1.7380000352859497,0,0.0,0.0,2022-06-28
122,2022-06-29 00:00:00-04:00,1.7300000190734863,1.7480000257492065,1.6950000524520874,1.7050000429153442,0,0.0,0.0,2022-06-29
123,2022-06-30 00:00:00-04:00,1.659999966621399,1.6729999780654907,1.590000033378601,1.600000023841858,0,0.0,0.0,2022-06-30
124,2022-07-01 00:00:00-04:00,1.6100000143051147,1.628000020980835,1.5729999542236328,1.6030000448226929,0,0.0,0.0,2022-07-01
125,2022-07-05 00:00:00-04:00,1.6130000352859497,1.652999997138977,1.6030000448226929,1.6299999952316284,0,0.0,0.0,2022-07-05
126,2022-07-06 00:00:00-04:00,1.8380000591278076,1.8580000400543213,1.7999999523162842,1.840000033378601,0,0.0,0.0,2022-07-06
127,2022-07-07 00:00:00-04:00,1.812999963760376,1.8630000352859497,1.8049999475479126,1.8530000448226929,0,0.0,0.0,2022-07-07
128,2022-07-08 00:00:00-04:00,1.8329999446868896,1.8680000305175781,1.8250000476837158,1.843000054359436,0,0.0,0.0,2022-07-08
129,2022-07-11 00:00:00-04:00,1.8530000448226929,1.965000033378601,1.843000054359436,1.9529999494552612,0,0.0,0.0,2022-07-11
130,2022-07-12 00:00:00-04:00,2.1080000400543213,2.128000020980835,2.0850000381469727,2.11299991607666,0,0.0,0.0,2022-07-12
131,2022-07-13 00:00:00-04:00,2.118000030517578,2.322999954223633,2.0950000286102295,2.322999954223633,0,0.0,0.0,2022-07-13
132,2022-07-14 00:00:00-04:00,2.309999942779541,2.36299991607666,2.255000114440918,2.2730000019073486,0,0.0,0.0,2022-07-14
133,2022-07-15 00:00:00-04:00,2.240000009536743,2.2880001068115234,2.2149999141693115,2.240000009536743,0,0.0,0.0,2022-07-15
134,2022-07-18 00:00:00-04:00,2.253000020980835,2.302999973297119,2.247999906539917,2.259999990463257,0,0.0,0.0,2022-07-18
135,2022-07-19 00:00:00-04:00,2.430000066757202,2.450000047683716,2.3980000019073486,2.450000047683716,0,0.0,0.0,2022-07-19
136,2022-07-20 00:00:00-04:00,2.3980000019073486,2.4049999713897705,2.378000020980835,2.378000020980835,0,0.0,0.0,2022-07-20
137,2022-07-21 00:00:00-04:00,2.4130001068115234,2.4149999618530273,2.3329999446868896,2.359999895095825,0,0.0,0.0,2022-07-21
138,2022-07-22 00:00:00-04:00,2.3550000190734863,2.375,2.302999973297119,2.3550000190734863,0,0.0,0.0,2022-07-22
139,2022-07-25 00:00:00-04:00,2.390000104904175,2.427999973297119,2.365000009536743,2.3929998874664307,0,0.0,0.0,2022-07-25
140,2022-07-26 00:00:00-04:00,2.4800000190734863,2.484999895095825,2.125,2.4749999046325684,0,0.0,0.0,2022-07-26
141,2022-07-27 00:00:00-04:00,2.4600000381469727,2.4630000591278076,2.318000078201294,2.382999897003174,0,0.0,0.0,2022-07-27
142,2022-07-28 00:00:00-04:00,2.3480000495910645,2.3480000495910645,2.257999897003174,2.308000087738037,0,0.0,0.0,2022-07-28
143,2022-07-29 00:00:00-04:00,2.2899999618530273,2.318000078201294,2.2730000019073486,2.2980000972747803,0,0.0,0.0,2022-07-29
144,2022-08-01 00:00:00-04:00,2.2899999618530273,2.312999963760376,2.263000011444092,2.265000104904175,0,0.0,0.0,2022-08-01
145,2022-08-02 00:00:00-04:00,2.437999963760376,2.4649999141693115,2.4179999828338623,2.4630000591278076,0,0.0,0.0,2022-08-02
146,2022-08-03 00:00:00-04:00,2.443000078201294,2.4700000286102295,2.3980000019073486,2.427999973297119,0,0.0,0.0,2022-08-03
147,2022-08-04 00:00:00-04:00,2.372999906539917,2.388000011444092,2.3480000495910645,2.378000020980835,0,0.0,0.0,2022-08-04
148,2022-08-05 00:00:00-04:00,2.372999906539917,2.424999952316284,2.328000068664551,2.4100000858306885,0,0.0,0.0,2022-08-05
149,2022-08-08 00:00:00-04:00,2.433000087738037,2.4700000286102295,2.424999952316284,2.4600000381469727,0,0.0,0.0,2022-08-08
150,2022-08-09 00:00:00-04:00,2.575000047683716,2.578000068664551,2.5350000858306885,2.569999933242798,0,0.0,0.0,2022-08-09
151,2022-08-10 00:00:00-04:00,2.572999954223633,2.578000068664551,2.48799991607666,2.5350000858306885,0,0.0,0.0,2022-08-10
152,2022-08-11 00:00:00-04:00,2.497999906539917,2.497999906539917,2.443000078201294,2.490000009536743,0,0.0,0.0,2022-08-11
153,2022-08-12 00:00:00-04:00,2.4830000400543213,2.503000020980835,2.4549999237060547,2.5,0,0.0,0.0,2022-08-12
154,2022-08-15 00:00:00-04:00,2.48799991607666,2.513000011444092,2.444999933242798,2.513000011444092,0,0.0,0.0,2022-08-15
155,2022-08-16 00:00:00-04:00,2.6029999256134033,2.609999895095825,2.5980000495910645,2.5980000495910645,0,0.0,0.0,2022-08-16
156,2022-08-17 00:00:00-04:00,2.5,2.628000020980835,2.5,2.568000078201294,0,0.0,0.0,2022-08-17
157,2022-08-18 00:00:00-04:00,2.5480000972747803,2.568000078201294,2.5380001068115234,2.565000057220459,0,0.0,0.0,2022-08-18
158,2022-08-19 00:00:00-04:00,2.572999954223633,2.5799999237060547,2.558000087738037,2.5799999237060547,0,0.0,0.0,2022-08-19
159,2022-08-22 00:00:00-04:00,2.5850000381469727,2.674999952316284,2.5850000381469727,2.6480000019073486,0,0.0,0.0,2022-08-22
160,2022-08-23 00:00:00-04:00,2.7179999351501465,2.7200000286102295,2.6549999713897705,2.703000068664551,0,0.0,0.0,2022-08-23
161,2022-08-24 00:00:00-04:00,2.697999954223633,2.7149999141693115,2.6649999618530273,2.7130000591278076,0,0.0,0.0,2022-08-24
162,2022-08-25 00:00:00-04:00,2.7049999237060547,2.7300000190734863,2.700000047683716,2.7300000190734863,0,0.0,0.0,2022-08-25
163,2022-08-26 00:00:00-04:00,2.73799991607666,2.755000114440918,2.697999954223633,2.755000114440918,0,0.0,0.0,2022-08-26
164,2022-08-29 00:00:00-04:00,2.75,2.812999963760376,2.75,2.7980000972747803,0,0.0,0.0,2022-08-29
165,2022-08-30 00:00:00-04:00,2.865000009536743,2.9030001163482666,2.8529999256134033,2.872999906539917,0,0.0,0.0,2022-08-30
166,2022-08-31 00:00:00-04:00,2.86299991607666,2.869999885559082,2.8399999141693115,2.859999895095825,0,0.0,0.0,2022-08-31
167,2022-09-01 00:00:00-04:00,2.859999895095825,2.869999885559082,2.8480000495910645,2.86299991607666,0,0.0,0.0,2022-09-01
168,2022-09-02 00:00:00-04:00,2.8350000381469727,2.8480000495910645,2.799999952316284,2.819999933242798,0,0.0,0.0,2022-09-02
169,2022-09-06 00:00:00-04:00,2.822999954223633,2.86299991607666,2.818000078201294,2.8450000286102295,0,0.0,0.0,2022-09-06
170,2022-09-07 00:00:00-04:00,2.9679999351501465,2.9679999351501465,2.9079999923706055,2.933000087738037,0,0.0,0.0,2022-09-07
171,2022-09-08 00:00:00-04:00,2.947999954223633,2.9649999141693115,2.933000087738037,2.950000047683716,0,0.0,0.0,2022-09-08
172,2022-09-09 00:00:00-04:00,2.9549999237060547,2.9730000495910645,2.934999942779541,2.9679999351501465,0,0.0,0.0,2022-09-09
173,2022-09-12 00:00:00-04:00,2.943000078201294,3.0,2.943000078201294,2.994999885559082,0,0.0,0.0,2022-09-12
174,2022-09-13 00:00:00-04:00,3.072999954223633,3.2130000591278076,3.0250000953674316,3.1530001163482666,0,0.0,0.0,2022-09-13
175,2022-09-14 00:00:00-04:00,3.1679999828338623,3.187999963760376,3.0,3.128000020980835,0,0.0,0.0,2022-09-14
176,2022-09-15 00:00:00-04:00,3.138000011444092,3.1429998874664307,3.075000047683716,3.0950000286102295,0,0.0,0.0,2022-09-15
177,2022-09-16 00:00:00-04:00,3.0950000286102295,3.0950000286102295,3.049999952316284,3.069999933242798,0,0.0,0.0,2022-09-16
178,2022-09-19 00:00:00-04:00,3.069999933242798,3.0929999351501465,3.0179998874664307,3.0350000858306885,0,0.0,0.0,2022-09-19
179,2022-09-20 00:00:00-04:00,3.259999990463257,3.263000011444092,3.2100000381469727,3.243000030517578,0,0.0,0.0,2022-09-20
180,2022-09-21 00:00:00-04:00,3.243000030517578,3.253000020980835,3.190000057220459,3.190000057220459,0,0.0,0.0,2022-09-21
181,2022-09-22 00:00:00-04:00,3.184999942779541,3.184999942779541,3.130000114440918,3.130000114440918,0,0.0,0.0,2022-09-22
182,2022-09-23 00:00:00-04:00,3.1480000019073486,3.1480000019073486,3.0799999237060547,3.1080000400543213,0,0.0,0.0,2022-09-23
183,2022-09-26 00:00:00-04:00,3.11299991607666,3.1679999828338623,3.0980000495910645,3.1649999618530273,0,0.0,0.0,2022-09-26
184,2022-09-27 00:00:00-04:00,3.265000104904175,3.265000104904175,3.2179999351501465,3.25,0,0.0,0.0,2022-09-27
185,2022-09-28 00:00:00-04:00,3.2149999141693115,3.234999895095825,3.200000047683716,3.2300000190734863,0,0.0,0.0,2022-09-28
186,2022-09-29 00:00:00-04:00,3.2249999046325684,3.243000030517578,3.184999942779541,3.2179999351501465,0,0.0,0.0,2022-09-29
187,2022-09-30 00:00:00-04:00,3.2049999237060547,3.234999895095825,3.1649999618530273,3.180000066757202,0,0.0,0.0,2022-09-30
188,2022-10-03 00:00:00-04:00,3.1649999618530273,3.190000057220459,3.140000104904175,3.1500000953674316,0,0.0,0.0,2022-10-03
189,2022-10-04 00:00:00-04:00,3.305000066757202,3.319999933242798,3.259999990463257,3.315000057220459,0,0.0,0.0,2022-10-04
190,2022-10-05 00:00:00-04:00,3.2899999618530273,3.315000057220459,3.2899999618530273,3.2929999828338623,0,0.0,0.0,2022-10-05
191,2022-10-06 00:00:00-04:00,3.2850000858306885,3.2980000972747803,3.263000011444092,3.2880001068115234,0,0.0,0.0,2022-10-06
192,2022-10-07 00:00:00-04:00,3.2730000019073486,3.2950000762939453,3.2330000400543213,3.2929999828338623,0,0.0,0.0,2022-10-07
193,2022-10-10 00:00:00-04:00,3.2850000858306885,3.2850000858306885,3.2850000858306885,3.2850000858306885,0,0.0,0.0,2022-10-10
194,2022-10-11 00:00:00-04:00,3.2929999828338623,3.3399999141693115,3.2829999923706055,3.3399999141693115,0,0.0,0.0,2022-10-11
195,2022-10-12 00:00:00-04:00,3.5250000953674316,3.5399999618530273,3.4749999046325684,3.5329999923706055,0,0.0,0.0,2022-10-12
196,2022-10-13 00:00:00-04:00,3.515000104904175,3.6029999256134033,3.484999895095825,3.5829999446868896,0,0.0,0.0,2022-10-13
197,2022-10-14 00:00:00-04:00,3.6029999256134033,3.640000104904175,3.5799999237060547,3.628000020980835,0,0.0,0.0,2022-10-14
198,2022-10-17 00:00:00-04:00,3.5999999046325684,3.687999963760376,3.5950000286102295,3.687999963760376,0,0.0,0.0,2022-10-17
199,2022-10-18 00:00:00-04:00,3.815000057220459,3.8350000381469727,3.755000114440918,3.8329999446868896,0,0.0,0.0,2022-10-18
200,2022-10-19 00:00:00-04:00,3.8350000381469727,3.9100000858306885,3.812999963760376,3.8929998874664307,0,0.0,0.0,2022-10-19
201,2022-10-20 00:00:00-04:00,3.8949999809265137,3.9030001163482666,3.8550000190734863,3.890000104904175,0,0.0,0.0,2022-10-20
202,2022-10-21 00:00:00-04:00,3.8980000019073486,3.9000000953674316,3.8450000286102295,3.884999990463257,0,0.0,0.0,2022-10-21
203,2022-10-24 00:00:00-04:00,3.882999897003174,3.9130001068115234,3.859999895095825,3.9130001068115234,0,0.0,0.0,2022-10-24
204,2022-10-25 00:00:00-04:00,3.9749999046325684,3.9749999046325684,3.940000057220459,3.9649999141693115,0,0.0,0.0,2022-10-25
205,2022-10-26 00:00:00-04:00,3.9630000591278076,3.9630000591278076,3.890000104904175,3.930000066757202,0,0.0,0.0,2022-10-26
206,2022-10-27 00:00:00-04:00,3.9130001068115234,3.930000066757202,3.882999897003174,3.930000066757202,0,0.0,0.0,2022-10-27
207,2022-10-28 00:00:00-04:00,3.947999954223633,3.9730000495910645,3.943000078201294,3.9700000286102295,0,0.0,0.0,2022-10-28
208,2022-10-31 00:00:00-04:00,3.950000047683716,3.994999885559082,3.950000047683716,3.9749999046325684,0,0.0,0.0,2022-10-31
209,2022-11-01 00:00:00-04:00,4.0329999923706055,4.054999828338623,4.019999980926514,4.050000190734863,0,0.0,0.0,2022-11-01
210,2022-11-02 00:00:00-04:00,4.0279998779296875,4.058000087738037,3.947999954223633,4.025000095367432,0,0.0,0.0,2022-11-02
211,2022-11-03 00:00:00-04:00,4.025000095367432,4.0279998779296875,4.007999897003174,4.025000095367432,0,0.0,0.0,2022-11-03
212,2022-11-04 00:00:00-04:00,4.019999980926514,4.0279998779296875,3.990000009536743,4.013000011444092,0,0.0,0.0,2022-11-04
213,2022-11-07 00:00:00-05:00,4.010000228881836,4.010000228881836,3.9679999351501465,3.9830000400543213,0,0.0,0.0,2022-11-07
214,2022-11-08 00:00:00-05:00,4.09499979019165,4.09499979019165,4.065000057220459,4.090000152587891,0,0.0,0.0,2022-11-08
215,2022-11-09 00:00:00-05:00,4.079999923706055,4.09499979019165,4.0,4.0929999351501465,0,0.0,0.0,2022-11-09
216,2022-11-10 00:00:00-05:00,4.09499979019165,4.09499979019165,3.947999954223633,4.054999828338623,0,0.0,0.0,2022-11-10
217,2022-11-11 00:00:00-05:00,4.063000202178955,4.063000202178955,4.063000202178955,4.063000202178955,0,0.0,0.0,2022-11-11
218,2022-11-14 00:00:00-05:00,4.078000068664551,4.090000152587891,4.050000190734863,4.067999839782715,0,0.0,0.0,2022-11-14
219,2022-11-15 00:00:00-05:00,4.125,4.130000114440918,4.105000019073486,4.130000114440918,0,0.0,0.0,2022-11-15
220,2022-11-16 00:00:00-05:00,4.119999885559082,4.130000114440918,4.050000190734863,4.125,0,0.0,0.0,2022-11-16
221,2022-11-17 00:00:00-05:00,4.127999782562256,4.135000228881836,4.0879998207092285,4.11299991607666,0,0.0,0.0,2022-11-17
222,2022-11-18 00:00:00-05:00,4.123000144958496,4.138000011444092,4.123000144958496,4.135000228881836,0,0.0,0.0,2022-11-18
223,2022-11-21 00:00:00-05:00,4.123000144958496,4.130000114440918,4.083000183105469,4.0980000495910645,0,0.0,0.0,2022-11-21
224,2022-11-22 00:00:00-05:00,4.199999809265137,4.203000068664551,4.190000057220459,4.197999954223633,0,0.0,0.0,2022-11-22
225,2022-11-23 00:00:00-05:00,4.204999923706055,4.215000152587891,4.168000221252441,4.199999809265137,0,0.0,0.0,2022-11-23
226,2022-11-25 00:00:00-05:00,4.175000190734863,4.188000202178955,4.144999980926514,4.175000190734863,0,0.0,0.0,2022-11-25
227,2022-11-28 00:00:00-05:00,4.175000190734863,4.190000057220459,4.1479997634887695,4.183000087738037,0,0.0,0.0,2022-11-28
228,2022-11-29 00:00:00-05:00,4.275000095367432,4.28000020980835,4.239999771118164,4.252999782562256,0,0.0,0.0,2022-11-29
229,2022-11-30 00:00:00-05:00,4.252999782562256,4.269999980926514,4.199999809265137,4.252999782562256,0,0.0,0.0,2022-11-30
230,2022-12-01 00:00:00-05:00,4.2129998207092285,4.2230000495910645,4.168000221252441,4.192999839782715,0,0.0,0.0,2022-12-01
231,2022-12-02 00:00:00-05:00,4.170000076293945,4.210000038146973,4.14300012588501,4.208000183105469,0,0.0,0.0,2022-12-02
232,2022-12-05 00:00:00-05:00,4.177999973297119,4.195000171661377,4.15500020980835,4.1579999923706055,0,0.0,0.0,2022-12-05
233,2022-12-06 00:00:00-05:00,4.244999885559082,4.25,4.199999809265137,4.21999979019165,0,0.0,0.0,2022-12-06
234,2022-12-07 00:00:00-05:00,4.208000183105469,4.215000152587891,4.15500020980835,4.183000087738037,0,0.0,0.0,2022-12-07
235,2022-12-08 00:00:00-05:00,4.179999828338623,4.183000087738037,4.105000019073486,4.150000095367432,0,0.0,0.0,2022-12-08
236,2022-12-09 00:00:00-05:00,4.14300012588501,4.175000190734863,4.119999885559082,4.172999858856201,0,0.0,0.0,2022-12-09
237,2022-12-12 00:00:00-05:00,4.175000190734863,4.179999828338623,4.132999897003174,4.168000221252441,0,0.0,0.0,2022-12-12
238,2022-12-13 00:00:00-05:00,4.289999961853027,4.289999961853027,4.2129998207092285,4.248000144958496,0,0.0,0.0,2022-12-13
239,2022-12-14 00:00:00-05:00,4.230000019073486,4.239999771118164,4.197999954223633,4.21999979019165,0,0.0,0.0,2022-12-14
240,2022-12-15 00:00:00-05:00,4.2179999351501465,4.2179999351501465,4.175000190734863,4.2129998207092285,0,0.0,0.0,2022-12-15
241,2022-12-16 00:00:00-05:00,4.175000190734863,4.183000087738037,4.15500020980835,4.163000106811523,0,0.0,0.0,2022-12-16
242,2022-12-19 00:00:00-05:00,4.183000087738037,4.184999942779541,4.1479997634887695,4.163000106811523,0,0.0,0.0,2022-12-19
243,2022-12-20 00:00:00-05:00,4.252999782562256,4.255000114440918,4.2129998207092285,4.230000019073486,0,0.0,0.0,2022-12-20
244,2022-12-21 00:00:00-05:00,4.210000038146973,4.2230000495910645,4.199999809265137,4.204999923706055,0,0.0,0.0,2022-12-21
245,2022-12-22 00:00:00-05:00,4.195000171661377,4.2129998207092285,4.177999973297119,4.208000183105469,0,0.0,0.0,2022-12-22
246,2022-12-23 00:00:00-05:00,4.195000171661377,4.208000183105469,4.183000087738037,4.192999839782715,0,0.0,0.0,2022-12-23
247,2022-12-27 00:00:00-05:00,4.197999954223633,4.2230000495910645,4.1529998779296875,4.195000171661377,0,0.0,0.0,2022-12-27
248,2022-12-28 00:00:00-05:00,4.3379998207092285,4.3429999351501465,4.328000068664551,4.3379998207092285,0,0.0,0.0,2022-12-28
249,2022-12-29 00:00:00-05:00,4.333000183105469,4.333000183105469,4.295000076293945,4.295000076293945,0,0.0,0.0,2022-12-29
250,2022-12-30 00:00:00-05:00,4.297999858856201,4.300000190734863,4.2230000495910645,4.260000228881836,0,0.0,0.0,2022-12-30
251,2023-01-03 00:00:00-05:00,4.260000228881836,4.260000228881836,4.224999904632568,4.255000114440918,0,0.0,0.0,2023-01-03
252,2023-01-04 00:00:00-05:00,4.389999866485596,4.400000095367432,4.377999782562256,4.400000095367432,0,0.0,0.0,2023-01-04
253,2023-01-05 00:00:00-05:00,4.4079999923706055,4.5,4.400000095367432,4.498000144958496,0,0.0,0.0,2023-01-05
254,2023-01-06 00:00:00-05:00,4.510000228881836,4.519999980926514,4.454999923706055,4.493000030517578,0,0.0,0.0,2023-01-06
255,2023-01-09 00:00:00-05:00,4.489999771118164,4.502999782562256,4.458000183105469,4.482999801635742,0,0.0,0.0,2023-01-09
256,2023-01-10 00:00:00-05:00,4.552999973297119,4.579999923706055,4.525000095367432,4.565000057220459,0,0.0,0.0,2023-01-10
257,2023-01-11 00:00:00-05:00,4.550000190734863,4.570000171661377,4.5,4.554999828338623,0,0.0,0.0,2023-01-11
258,2023-01-12 00:00:00-05:00,4.543000221252441,4.543000221252441,4.447999954223633,4.474999904632568,0,0.0,0.0,2023-01-12
259,2023-01-13 00:00:00-05:00,4.480000019073486,4.48799991607666,4.449999809265137,4.48799991607666,0,0.0,0.0,2023-01-13
260,2023-01-17 00:00:00-05:00,4.489999771118164,4.507999897003174,4.4679999351501465,4.493000030517578,0,0.0,0.0,2023-01-17
261,2023-01-18 00:00:00-05:00,4.543000221252441,4.550000190734863,4.400000095367432,4.53000020980835,0,0.0,0.0,2023-01-18
262,2023-01-19 00:00:00-05:00,4.534999847412109,4.552999973297119,4.465000152587891,4.525000095367432,0,0.0,0.0,2023-01-19
263,2023-01-20 00:00:00-05:00,4.525000095367432,4.539999961853027,4.519999980926514,4.538000106811523,0,0.0,0.0,2023-01-20
264,2023-01-23 00:00:00-05:00,4.5329999923706055,4.543000221252441,4.525000095367432,4.534999847412109,0,0.0,0.0,2023-01-23
265,2023-01-24 00:00:00-05:00,4.574999809265137,4.578000068664551,4.567999839782715,4.572999954223633,0,0.0,0.0,2023-01-24
266,2023-01-25 00:00:00-05:00,4.563000202178955,4.565000057220459,4.545000076293945,4.545000076293945,0,0.0,0.0,2023-01-25
267,2023-01-26 00:00:00-05:00,4.539999961853027,4.550000190734863,4.5329999923706055,4.543000221252441,0,0.0,0.0,2023-01-26
268,2023-01-27 00:00:00-05:00,4.538000106811523,4.547999858856201,4.519999980926514,4.547999858856201,0,0.0,0.0,2023-01-27
269,2023-01-30 00:00:00-05:00,4.545000076293945,4.545000076293945,4.534999847412109,4.534999847412109,0,0.0,0.0,2023-01-30
270,2023-01-31 00:00:00-05:00,4.579999923706055,4.579999923706055,4.565000057220459,4.570000171661377,0,0.0,0.0,2023-01-31
271,2023-02-01 00:00:00-05:00,4.559999942779541,4.559999942779541,4.5,4.519999980926514,0,0.0,0.0,2023-02-01
272,2023-02-02 00:00:00-05:00,4.513000011444092,4.5229997634887695,4.474999904632568,4.510000228881836,0,0.0,0.0,2023-02-02
273,2023-02-03 00:00:00-05:00,4.498000144958496,4.53000020980835,4.454999923706055,4.5229997634887695,0,0.0,0.0,2023-02-03
274,2023-02-06 00:00:00-05:00,4.5329999923706055,4.539999961853027,4.514999866485596,4.5329999923706055,0,0.0,0.0,2023-02-06
275,2023-02-07 00:00:00-05:00,4.570000171661377,4.574999809265137,4.563000202178955,4.570000171661377,0,0.0,0.0,2023-02-07
276,2023-02-08 00:00:00-05:00,4.570000171661377,4.5879998207092285,4.5,4.585000038146973,0,0.0,0.0,2023-02-08
277,2023-02-09 00:00:00-05:00,4.578000068664551,4.61299991607666,4.572999954223633,4.61299991607666,0,0.0,0.0,2023-02-09
278,2023-02-10 00:00:00-05:00,4.625,4.64300012588501,4.614999771118164,4.635000228881836,0,0.0,0.0,2023-02-10
279,2023-02-13 00:00:00-05:00,4.639999866485596,4.6529998779296875,4.632999897003174,4.644999980926514,0,0.0,0.0,2023-02-13
280,2023-02-14 00:00:00-05:00,4.663000106811523,4.670000076293945,4.644999980926514,4.659999847412109,0,0.0,0.0,2023-02-14
281,2023-02-15 00:00:00-05:00,4.650000095367432,4.65500020980835,4.64300012588501,4.64300012588501,0,0.0,0.0,2023-02-15
282,2023-02-16 00:00:00-05:00,4.644999980926514,4.670000076293945,4.639999866485596,4.664999961853027,0,0.0,0.0,2023-02-16
283,2023-02-17 00:00:00-05:00,4.675000190734863,4.690000057220459,4.672999858856201,4.679999828338623,0,0.0,0.0,2023-02-17
284,2023-02-21 00:00:00-05:00,4.679999828338623,4.695000171661377,4.679999828338623,4.688000202178955,0,0.0,0.0,2023-02-21
285,2023-02-22 00:00:00-05:00,4.704999923706055,4.708000183105469,4.690000057220459,4.695000171661377,0,0.0,0.0,2023-02-22
286,2023-02-23 00:00:00-05:00,4.690000057220459,4.697999954223633,4.679999828338623,4.690000057220459,0,0.0,0.0,2023-02-23
287,2023-02-24 00:00:00-05:00,4.684999942779541,4.710000038146973,4.684999942779541,4.703000068664551,0,0.0,0.0,2023-02-24
288,2023-02-27 00:00:00-05:00,4.690000057220459,4.699999809265137,4.6479997634887695,4.664999961853027,0,0.0,0.0,2023-02-27
289,2023-02-28 00:00:00-05:00,4.71999979019165,4.730000019073486,4.710000038146973,4.710000038146973,0,0.0,0.0,2023-02-28
290,2023-03-01 00:00:00-05:00,4.715000152587891,4.735000133514404,4.699999809265137,4.724999904632568,0,0.0,0.0,2023-03-01
291,2023-03-02 00:00:00-05:00,4.71999979019165,4.732999801635742,4.7129998207092285,4.7230000495910645,0,0.0,0.0,2023-03-02
292,2023-03-03 00:00:00-05:00,4.708000183105469,4.728000164031982,4.704999923706055,4.7179999351501465,0,0.0,0.0,2023-03-03
293,2023-03-06 00:00:00-05:00,4.7179999351501465,4.730000019073486,4.7129998207092285,4.728000164031982,0,0.0,0.0,2023-03-06
294,2023-03-07 00:00:00-05:00,4.752999782562256,4.84499979019165,4.752999782562256,4.84499979019165,0,0.0,0.0,2023-03-07
295,2023-03-08 00:00:00-05:00,4.855000019073486,4.882999897003174,4.699999809265137,4.882999897003174,0,0.0,0.0,2023-03-08
296,2023-03-09 00:00:00-05:00,4.86299991607666,4.875,4.828000068664551,4.8480000495910645,0,0.0,0.0,2023-03-09
297,2023-03-10 00:00:00-05:00,4.817999839782715,4.829999923706055,4.728000164031982,4.802999973297119,0,0.0,0.0,2023-03-10
298,2023-03-13 00:00:00-04:00,4.438000202178955,4.7179999351501465,4.418000221252441,4.6579999923706055,0,0.0,0.0,2023-03-13
299,2023-03-14 00:00:00-04:00,4.743000030517578,4.784999847412109,4.632999897003174,4.679999828338623,0,0.0,0.0,2023-03-14
300,2023-03-15 00:00:00-04:00,4.563000202178955,4.61299991607666,4.498000144958496,4.558000087738037,0,0.0,0.0,2023-03-15
301,2023-03-16 00:00:00-04:00,4.570000171661377,4.59499979019165,4.454999923706055,4.53000020980835,0,0.0,0.0,2023-03-16
302,2023-03-17 00:00:00-04:00,4.505000114440918,4.510000228881836,4.248000144958496,4.293000221252441,0,0.0,0.0,2023-03-17
303,2023-03-20 00:00:00-04:00,4.257999897003174,4.46999979019165,4.257999897003174,4.465000152587891,0,0.0,0.0,2023-03-20
304,2023-03-21 00:00:00-04:00,4.668000221252441,4.677999973297119,4.545000076293945,4.605000019073486,0,0.0,0.0,2023-03-21
305,2023-03-22 00:00:00-04:00,4.610000133514404,4.614999771118164,4.5,4.563000202178955,0,0.0,0.0,2023-03-22
306,2023-03-23 00:00:00-04:00,4.538000106811523,4.567999839782715,4.449999809265137,4.502999782562256,0,0.0,0.0,2023-03-23
307,2023-03-24 00:00:00-04:00,4.400000095367432,4.51800012588501,4.389999866485596,4.502999782562256,0,0.0,0.0,2023-03-24
308,2023-03-27 00:00:00-04:00,4.559999942779541,4.632999897003174,4.558000087738037,4.583000183105469,0,0.0,0.0,2023-03-27
309,2023-03-28 00:00:00-04:00,4.632999897003174,4.6479997634887695,4.578000068664551,4.627999782562256,0,0.0,0.0,2023-03-28
310,2023-03-29 00:00:00-04:00,4.61299991607666,4.632999897003174,4.400000095367432,4.630000114440918,0,0.0,0.0,2023-03-29
311,2023-03-30 00:00:00-04:00,4.627999782562256,4.664999961853027,4.574999809265137,4.664999961853027,0,0.0,0.0,2023-03-30
312,2023-03-31 00:00:00-04:00,4.635000228881836,4.644999980926514,4.579999923706055,4.585000038146973,0,0.0,0.0,2023-03-31
313,2023-04-03 00:00:00-04:00,4.618000030517578,4.639999866485596,4.559999942779541,4.570000171661377,0,0.0,0.0,2023-04-03
314,2023-04-04 00:00:00-04:00,4.757999897003174,4.760000228881836,4.724999904632568,4.728000164031982,0,0.0,0.0,2023-04-04
315,2023-04-05 00:00:00-04:00,4.704999923706055,4.7129998207092285,4.599999904632568,4.704999923706055,0,0.0,0.0,2023-04-05
316,2023-04-06 00:00:00-04:00,4.675000190734863,4.7179999351501465,4.668000221252441,4.710000038146973,0,0.0,0.0,2023-04-06
317,2023-04-10 00:00:00-04:00,4.748000144958496,4.869999885559082,4.7230000495910645,4.8379998207092285,0,0.0,0.0,2023-04-10
318,2023-04-11 00:00:00-04:00,4.9029998779296875,4.909999847412109,4.860000133514404,4.880000114440918,0,0.0,0.0,2023-04-11
319,2023-04-12 00:00:00-04:00,4.877999782562256,4.89300012588501,4.650000095367432,4.860000133514404,0,0.0,0.0,2023-04-12
320,2023-04-13 00:00:00-04:00,4.8379998207092285,4.857999801635742,4.820000171661377,4.855000019073486,0,0.0,0.0,2023-04-13
321,2023-04-14 00:00:00-04:00,4.84499979019165,4.9029998779296875,4.809999942779541,4.9029998779296875,0,0.0,0.0,2023-04-14
322,2023-04-17 00:00:00-04:00,4.89300012588501,4.993000030517578,4.889999866485596,4.922999858856201,0,0.0,0.0,2023-04-17
323,2023-04-18 00:00:00-04:00,5.019999980926514,5.039999961853027,5.005000114440918,5.03000020980835,0,0.0,0.0,2023-04-18
324,2023-04-19 00:00:00-04:00,5.034999847412109,5.038000106811523,4.985000133514404,4.994999885559082,0,0.0,0.0,2023-04-19
325,2023-04-20 00:00:00-04:00,4.960000038146973,4.965000152587891,4.9029998779296875,4.945000171661377,0,0.0,0.0,2023-04-20
326,2023-04-21 00:00:00-04:00,4.940000057220459,4.958000183105469,4.89300012588501,4.949999809265137,0,0.0,0.0,2023-04-21
327,2023-04-24 00:00:00-04:00,4.945000171661377,4.985000133514404,4.8429999351501465,4.873000144958496,0,0.0,0.0,2023-04-24
328,2023-04-25 00:00:00-04:00,4.989999771118164,5.005000114440918,4.929999828338623,4.953000068664551,0,0.0,0.0,2023-04-25
329,2023-04-26 00:00:00-04:00,4.9679999351501465,5.0,4.900000095367432,4.985000133514404,0,0.0,0.0,2023-04-26
330,2023-04-27 00:00:00-04:00,4.9730000495910645,5.045000076293945,4.96999979019165,5.0,0,0.0,0.0,2023-04-27
331,2023-04-28 00:00:00-04:00,4.982999801635742,4.998000144958496,4.922999858856201,4.922999858856201,0,0.0,0.0,2023-04-28
332,2023-05-01 00:00:00-04:00,4.927999973297119,4.949999809265137,4.860000133514404,4.864999771118164,0,0.0,0.0,2023-05-01
333,2023-05-02 00:00:00-04:00,5.067999839782715,5.0879998207092285,5.014999866485596,5.039999961853027,0,0.0,0.0,2023-05-02
334,2023-05-03 00:00:00-04:00,5.072999954223633,5.09499979019165,4.900000095367432,5.09499979019165,0,0.0,0.0,2023-05-03
335,2023-05-04 00:00:00-04:00,5.047999858856201,5.139999866485596,5.007999897003174,5.054999828338623,0,0.0,0.0,2023-05-04
336,2023-05-05 00:00:00-04:00,5.054999828338623,5.118000030517578,5.0279998779296875,5.079999923706055,0,0.0,0.0,2023-05-05
337,2023-05-08 00:00:00-04:00,5.090000152587891,5.090000152587891,5.063000202178955,5.083000183105469,0,0.0,0.0,2023-05-08
338,2023-05-09 00:00:00-04:00,5.105000019073486,5.130000114440918,5.039999961853027,5.123000144958496,0,0.0,0.0,2023-05-09
339,2023-05-10 00:00:00-04:00,5.118000030517578,5.118000030517578,5.058000087738037,5.065000057220459,0,0.0,0.0,2023-05-10
340,2023-05-11 00:00:00-04:00,5.058000087738037,5.058000087738037,4.998000144958496,5.014999866485596,0,0.0,0.0,2023-05-11
341,2023-05-12 00:00:00-04:00,5.005000114440918,5.0329999923706055,4.994999885559082,5.0279998779296875,0,0.0,0.0,2023-05-12
342,2023-05-15 00:00:00-04:00,5.034999847412109,5.038000106811523,4.989999771118164,5.0,0,0.0,0.0,2023-05-15
343,2023-05-16 00:00:00-04:00,5.038000106811523,5.058000087738037,5.014999866485596,5.058000087738037,0,0.0,0.0,2023-05-16
344,2023-05-17 00:00:00-04:00,5.054999828338623,5.099999904632568,4.900000095367432,5.0879998207092285,0,0.0,0.0,2023-05-17
345,2023-05-18 00:00:00-04:00,5.078000068664551,5.125,5.043000221252441,5.125,0,0.0,0.0,2023-05-18
346,2023-05-19 00:00:00-04:00,5.059999942779541,5.119999885559082,5.059999942779541,5.085000038146973,0,0.0,0.0,2023-05-19
347,2023-05-22 00:00:00-04:00,5.0980000495910645,5.119999885559082,5.063000202178955,5.09499979019165,0,0.0,0.0,2023-05-22
348,2023-05-23 00:00:00-04:00,5.204999923706055,5.21999979019165,5.150000095367432,5.1529998779296875,0,0.0,0.0,2023-05-23
349,2023-05-24 00:00:00-04:00,5.150000095367432,5.197999954223633,5.0,5.184999942779541,0,0.0,0.0,2023-05-24
350,2023-05-25 00:00:00-04:00,5.183000087738037,5.210000038146973,5.1579999923706055,5.163000106811523,0,0.0,0.0,2023-05-25
351,2023-05-26 00:00:00-04:00,5.1479997634887695,5.163000106811523,5.085000038146973,5.114999771118164,0,0.0,0.0,2023-05-26
352,2023-05-30 00:00:00-04:00,5.110000133514404,5.150000095367432,5.105000019073486,5.14300012588501,0,0.0,0.0,2023-05-30
353,2023-05-31 00:00:00-04:00,5.23799991607666,5.275000095367432,5.0,5.248000144958496,0,0.0,0.0,2023-05-31
354,2023-06-01 00:00:00-04:00,5.2230000495910645,5.224999904632568,5.144999980926514,5.203000068664551,0,0.0,0.0,2023-06-01
355,2023-06-02 00:00:00-04:00,5.192999839782715,5.248000144958496,5.184999942779541,5.215000152587891,0,0.0,0.0,2023-06-02
356,2023-06-05 00:00:00-04:00,5.199999809265137,5.203000068664551,5.138000011444092,5.14300012588501,0,0.0,0.0,2023-06-05
357,2023-06-06 00:00:00-04:00,5.159999847412109,5.192999839782715,5.118000030517578,5.1579999923706055,0,0.0,0.0,2023-06-06
358,2023-06-07 00:00:00-04:00,5.144999980926514,5.164999961853027,5.099999904632568,5.1529998779296875,0,0.0,0.0,2023-06-07
359,2023-06-08 00:00:00-04:00,5.14300012588501,5.144999980926514,5.0929999351501465,5.099999904632568,0,0.0,0.0,2023-06-08
360,2023-06-09 00:00:00-04:00,5.090000152587891,5.107999801635742,5.085000038146973,5.09499979019165,0,0.0,0.0,2023-06-09
361,2023-06-12 00:00:00-04:00,5.0980000495910645,5.105000019073486,5.083000183105469,5.09499979019165,0,0.0,0.0,2023-06-12
362,2023-06-13 00:00:00-04:00,5.130000114440918,5.130000114440918,5.039999961853027,5.099999904632568,0,0.0,0.0,2023-06-13
363,2023-06-14 00:00:00-04:00,5.0929999351501465,5.105000019073486,5.0,5.079999923706055,0,0.0,0.0,2023-06-14
364,2023-06-15 00:00:00-04:00,5.070000171661377,5.078000068664551,5.054999828338623,5.054999828338623,0,0.0,0.0,2023-06-15
365,2023-06-16 00:00:00-04:00,5.059999942779541,5.070000171661377,5.045000076293945,5.065000057220459,0,0.0,0.0,2023-06-16
366,2023-06-20 00:00:00-04:00,5.065000057220459,5.079999923706055,5.065000057220459,5.074999809265137,0,0.0,0.0,2023-06-20
367,2023-06-21 00:00:00-04:00,5.130000114440918,5.139999866485596,5.0,5.135000228881836,0,0.0,0.0,2023-06-21
368,2023-06-22 00:00:00-04:00,5.130000114440918,5.138000011444092,5.118000030517578,5.135000228881836,0,0.0,0.0,2023-06-22
369,2023-06-23 00:00:00-04:00,5.118000030517578,5.139999866485596,5.118000030517578,5.138000011444092,0,0.0,0.0,2023-06-23
370,2023-06-26 00:00:00-04:00,5.138000011444092,5.159999847412109,5.132999897003174,5.15500020980835,0,0.0,0.0,2023-06-26
371,2023-06-27 00:00:00-04:00,5.179999828338623,5.184999942779541,5.175000190734863,5.179999828338623,0,0.0,0.0,2023-06-27
372,2023-06-28 00:00:00-04:00,5.168000221252441,5.175000190734863,5.164999961853027,5.170000076293945,0,0.0,0.0,2023-06-28
373,2023-06-29 00:00:00-04:00,5.163000106811523,5.184999942779541,5.163000106811523,5.175000190734863,0,0.0,0.0,2023-06-29
374,2023-06-30 00:00:00-04:00,5.168000221252441,5.168000221252441,5.139999866485596,5.1529998779296875,0,0.0,0.0,2023-06-30
375,2023-07-03 00:00:00-04:00,5.138000011444092,5.150000095367432,5.127999782562256,5.144999980926514,0,0.0,0.0,2023-07-03
376,2023-07-05 00:00:00-04:00,5.203000068664551,5.203000068664551,5.172999858856201,5.192999839782715,0,0.0,0.0,2023-07-05
377,2023-07-06 00:00:00-04:00,5.208000183105469,5.21999979019165,5.199999809265137,5.2129998207092285,0,0.0,0.0,2023-07-06
378,2023-07-07 00:00:00-04:00,5.215000152587891,5.2179999351501465,5.204999923706055,5.2129998207092285,0,0.0,0.0,2023-07-07
379,2023-07-10 00:00:00-04:00,5.208000183105469,5.228000164031982,5.184999942779541,5.224999904632568,0,0.0,0.0,2023-07-10
380,2023-07-11 00:00:00-04:00,5.239999771118164,5.25,5.239999771118164,5.243000030517578,0,0.0,0.0,2023-07-11
381,2023-07-12 00:00:00-04:00,5.239999771118164,5.239999771118164,5.099999904632568,5.230000019073486,0,0.0,0.0,2023-07-12
382,2023-07-13 00:00:00-04:00,5.2179999351501465,5.230000019073486,5.204999923706055,5.2230000495910645,0,0.0,0.0,2023-07-13
383,2023-07-14 00:00:00-04:00,5.2230000495910645,5.232999801635742,5.208000183105469,5.215000152587891,0,0.0,0.0,2023-07-14
384,2023-07-17 00:00:00-04:00,5.2230000495910645,5.23799991607666,5.2179999351501465,5.232999801635742,0,0.0,0.0,2023-07-17
385,2023-07-18 00:00:00-04:00,5.243000030517578,5.248000144958496,5.243000030517578,5.248000144958496,0,0.0,0.0,2023-07-18
386,2023-07-19 00:00:00-04:00,5.244999885559082,5.25,5.099999904632568,5.244999885559082,0,0.0,0.0,2023-07-19
387,2023-07-20 00:00:00-04:00,5.244999885559082,5.248000144958496,5.239999771118164,5.243000030517578,0,0.0,0.0,2023-07-20
388,2023-07-21 00:00:00-04:00,5.243000030517578,5.248000144958496,5.239999771118164,5.248000144958496,0,0.0,0.0,2023-07-21
389,2023-07-24 00:00:00-04:00,5.252999782562256,5.255000114440918,5.25,5.25,0,0.0,0.0,2023-07-24
390,2023-07-25 00:00:00-04:00,5.264999866485596,5.26800012588501,5.260000228881836,5.264999866485596,0,0.0,0.0,2023-07-25
391,2023-07-26 00:00:00-04:00,5.269999980926514,5.2779998779296875,5.099999904632568,5.26800012588501,0,0.0,0.0,2023-07-26
392,2023-07-27 00:00:00-04:00,5.264999866485596,5.2729997634887695,5.244999885559082,5.26800012588501,0,0.0,0.0,2023-07-27
393,2023-07-28 00:00:00-04:00,5.257999897003174,5.263000011444092,5.244999885559082,5.255000114440918,0,0.0,0.0,2023-07-28
394,2023-07-31 00:00:00-04:00,5.255000114440918,5.257999897003174,5.244999885559082,5.248000144958496,0,0.0,0.0,2023-07-31
395,2023-08-01 00:00:00-04:00,5.269999980926514,5.275000095367432,5.260000228881836,5.260000228881836,0,0.0,0.0,2023-08-01
396,2023-08-02 00:00:00-04:00,5.263000011444092,5.264999866485596,5.260000228881836,5.260000228881836,0,0.0,0.0,2023-08-02
397,2023-08-03 00:00:00-04:00,5.252999782562256,5.26800012588501,5.2179999351501465,5.257999897003174,0,0.0,0.0,2023-08-03
398,2023-08-04 00:00:00-04:00,5.252999782562256,5.255000114440918,5.25,5.252999782562256,0,0.0,0.0,2023-08-04
399,2023-08-07 00:00:00-04:00,5.244999885559082,5.260000228881836,5.244999885559082,5.260000228881836,0,0.0,0.0,2023-08-07
400,2023-08-08 00:00:00-04:00,5.2779998779296875,5.2829999923706055,5.269999980926514,5.275000095367432,0,0.0,0.0,2023-08-08
401,2023-08-09 00:00:00-04:00,5.284999847412109,5.284999847412109,5.099999904632568,5.28000020980835,0,0.0,0.0,2023-08-09
402,2023-08-10 00:00:00-04:00,5.2729997634887695,5.2729997634887695,5.244999885559082,5.26800012588501,0,0.0,0.0,2023-08-10
403,2023-08-11 00:00:00-04:00,5.255000114440918,5.2729997634887695,5.252999782562256,5.264999866485596,0,0.0,0.0,2023-08-11
404,2023-08-14 00:00:00-04:00,5.264999866485596,5.2729997634887695,5.264999866485596,5.269999980926514,0,0.0,0.0,2023-08-14
405,2023-08-15 00:00:00-04:00,5.28000020980835,5.284999847412109,5.269999980926514,5.28000020980835,0,0.0,0.0,2023-08-15
406,2023-08-16 00:00:00-04:00,5.28000020980835,5.284999847412109,5.28000020980835,5.284999847412109,0,0.0,0.0,2023-08-16
407,2023-08-17 00:00:00-04:00,5.2829999923706055,5.2829999923706055,5.264999866485596,5.2779998779296875,0,0.0,0.0,2023-08-17
408,2023-08-18 00:00:00-04:00,5.269999980926514,5.2779998779296875,5.264999866485596,5.2779998779296875,0,0.0,0.0,2023-08-18
409,2023-08-21 00:00:00-04:00,5.2779998779296875,5.2829999923706055,5.275000095367432,5.28000020980835,0,0.0,0.0,2023-08-21
410,2023-08-22 00:00:00-04:00,5.293000221252441,5.300000190734863,5.293000221252441,5.295000076293945,0,0.0,0.0,2023-08-22
411,2023-08-23 00:00:00-04:00,5.289999961853027,5.297999858856201,5.269999980926514,5.295000076293945,0,0.0,0.0,2023-08-23
412,2023-08-24 00:00:00-04:00,5.295000076293945,5.302999973297119,5.289999961853027,5.302999973297119,0,0.0,0.0,2023-08-24
413,2023-08-25 00:00:00-04:00,5.297999858856201,5.315000057220459,5.297999858856201,5.315000057220459,0,0.0,0.0,2023-08-25
414,2023-08-28 00:00:00-04:00,5.320000171661377,5.324999809265137,5.317999839782715,5.322999954223633,0,0.0,0.0,2023-08-28
415,2023-08-29 00:00:00-04:00,5.335000038146973,5.340000152587891,5.317999839782715,5.320000171661377,0,0.0,0.0,2023-08-29
416,2023-08-30 00:00:00-04:00,5.317999839782715,5.317999839782715,5.309999942779541,5.315000057220459,0,0.0,0.0,2023-08-30
417,2023-08-31 00:00:00-04:00,5.304999828338623,5.313000202178955,5.295000076293945,5.297999858856201,0,0.0,0.0,2023-08-31
418,2023-09-01 00:00:00-04:00,5.288000106811523,5.288000106811523,5.21999979019165,5.26800012588501,0,0.0,0.0,2023-09-01
419,2023-09-05 00:00:00-04:00,5.2729997634887695,5.284999847412109,5.248000144958496,5.2779998779296875,0,0.0,0.0,2023-09-05
420,2023-09-06 00:00:00-04:00,5.308000087738037,5.309999942779541,5.199999809265137,5.300000190734863,0,0.0,0.0,2023-09-06
421,2023-09-07 00:00:00-04:00,5.293000221252441,5.293000221252441,5.2829999923706055,5.2829999923706055,0,0.0,0.0,2023-09-07
422,2023-09-08 00:00:00-04:00,5.2829999923706055,5.293000221252441,5.275000095367432,5.293000221252441,0,0.0,0.0,2023-09-08
423,2023-09-11 00:00:00-04:00,5.288000106811523,5.300000190734863,5.288000106811523,5.293000221252441,0,0.0,0.0,2023-09-11
424,2023-09-12 00:00:00-04:00,5.304999828338623,5.308000087738037,5.304999828338623,5.304999828338623,0,0.0,0.0,2023-09-12
425,2023-09-13 00:00:00-04:00,5.313000202178955,5.315000057220459,5.26800012588501,5.304999828338623,0,0.0,0.0,2023-09-13
426,2023-09-14 00:00:00-04:00,5.297999858856201,5.304999828338623,5.284999847412109,5.295000076293945,0,0.0,0.0,2023-09-14
427,2023-09-15 00:00:00-04:00,5.297999858856201,5.302999973297119,5.293000221252441,5.297999858856201,0,0.0,0.0,2023-09-15
428,2023-09-18 00:00:00-04:00,5.297999858856201,5.304999828338623,5.297999858856201,5.300000190734863,0,0.0,0.0,2023-09-18
429,2023-09-19 00:00:00-04:00,5.304999828338623,5.313000202178955,5.304999828338623,5.309999942779541,0,0.0,0.0,2023-09-19
430,2023-09-20 00:00:00-04:00,5.315000057220459,5.320000171661377,5.199999809265137,5.315000057220459,0,0.0,0.0,2023-09-20
431,2023-09-21 00:00:00-04:00,5.304999828338623,5.309999942779541,5.295000076293945,5.304999828338623,0,0.0,0.0,2023-09-21
432,2023-09-22 00:00:00-04:00,5.304999828338623,5.313000202178955,5.297999858856201,5.304999828338623,0,0.0,0.0,2023-09-22
433,2023-09-25 00:00:00-04:00,5.313000202178955,5.315000057220459,5.302999973297119,5.313000202178955,0,0.0,0.0,2023-09-25
434,2023-09-26 00:00:00-04:00,5.322999954223633,5.324999809265137,5.313000202178955,5.324999809265137,0,0.0,0.0,2023-09-26
435,2023-09-27 00:00:00-04:00,5.324999809265137,5.333000183105469,5.309999942779541,5.329999923706055,0,0.0,0.0,2023-09-27
436,2023-09-28 00:00:00-04:00,5.333000183105469,5.333000183105469,5.308000087738037,5.308000087738037,0,0.0,0.0,2023-09-28
437,2023-09-29 00:00:00-04:00,5.295000076293945,5.304999828338623,5.288000106811523,5.300000190734863,0,0.0,0.0,2023-09-29
438,2023-10-02 00:00:00-04:00,5.309999942779541,5.320000171661377,5.309999942779541,5.315000057220459,0,0.0,0.0,2023-10-02
439,2023-10-03 00:00:00-04:00,5.335000038146973,5.340000152587891,5.333000183105469,5.340000152587891,0,0.0,0.0,2023-10-03
440,2023-10-04 00:00:00-04:00,5.329999923706055,5.335000038146973,5.199999809265137,5.335000038146973,0,0.0,0.0,2023-10-04
441,2023-10-05 00:00:00-04:00,5.328000068664551,5.333000183105469,5.322999954223633,5.324999809265137,0,0.0,0.0,2023-10-05
442,2023-10-06 00:00:00-04:00,5.333000183105469,5.3480000495910645,5.329999923706055,5.3480000495910645,0,0.0,0.0,2023-10-06
443,2023-10-09 00:00:00-04:00,5.3480000495910645,5.3480000495910645,5.3480000495910645,5.3480000495910645,0,0.0,0.0,2023-10-09
444,2023-10-10 00:00:00-04:00,5.320000171661377,5.328000068664551,5.317999839782715,5.322999954223633,0,0.0,0.0,2023-10-10
445,2023-10-11 00:00:00-04:00,5.340000152587891,5.3480000495910645,5.199999809265137,5.335000038146973,0,0.0,0.0,2023-10-11
446,2023-10-12 00:00:00-04:00,5.328000068664551,5.340000152587891,5.324999809265137,5.335000038146973,0,0.0,0.0,2023-10-12
447,2023-10-13 00:00:00-04:00,5.333000183105469,5.333000183105469,5.320000171661377,5.328000068664551,0,0.0,0.0,2023-10-13
448,2023-10-16 00:00:00-04:00,5.329999923706055,5.333000183105469,5.324999809265137,5.328000068664551,0,0.0,0.0,2023-10-16
449,2023-10-17 00:00:00-04:00,5.335000038146973,5.340000152587891,5.333000183105469,5.340000152587891,0,0.0,0.0,2023-10-17
450,2023-10-18 00:00:00-04:00,5.3379998207092285,5.340000152587891,5.324999809265137,5.329999923706055,0,0.0,0.0,2023-10-18
451,2023-10-19 00:00:00-04:00,5.328000068664551,5.328000068664551,5.304999828338623,5.309999942779541,0,0.0,0.0,2023-10-19
452,2023-10-20 00:00:00-04:00,5.297999858856201,5.300000190734863,5.293000221252441,5.300000190734863,0,0.0,0.0,2023-10-20
453,2023-10-23 00:00:00-04:00,5.297999858856201,5.302999973297119,5.289999961853027,5.293000221252441,0,0.0,0.0,2023-10-23
454,2023-10-24 00:00:00-04:00,5.309999942779541,5.315000057220459,5.304999828338623,5.308000087738037,0,0.0,0.0,2023-10-24
455,2023-10-25 00:00:00-04:00,5.308000087738037,5.315000057220459,5.199999809265137,5.315000057220459,0,0.0,0.0,2023-10-25
456,2023-10-26 00:00:00-04:00,5.313000202178955,5.313000202178955,5.297999858856201,5.300000190734863,0,0.0,0.0,2023-10-26
457,2023-10-27 00:00:00-04:00,5.300000190734863,5.308000087738037,5.300000190734863,5.304999828338623,0,0.0,0.0,2023-10-27
458,2023-10-30 00:00:00-04:00,5.304999828338623,5.313000202178955,5.302999973297119,5.313000202178955,0,0.0,0.0,2023-10-30
459,2023-10-31 00:00:00-04:00,5.317999839782715,5.322999954223633,5.317999839782715,5.320000171661377,0,0.0,0.0,2023-10-31
460,2023-11-01 00:00:00-04:00,5.317999839782715,5.322999954223633,5.257999897003174,5.300000190734863,0,0.0,0.0,2023-11-01
461,2023-11-02 00:00:00-04:00,5.289999961853027,5.289999961853027,5.263000011444092,5.269999980926514,0,0.0,0.0,2023-11-02
462,2023-11-03 00:00:00-04:00,5.263000011444092,5.263000011444092,5.230000019073486,5.252999782562256,0,0.0,0.0,2023-11-03
463,2023-11-06 00:00:00-05:00,5.257999897003174,5.264999866485596,5.257999897003174,5.260000228881836,0,0.0,0.0,2023-11-06
464,2023-11-07 00:00:00-05:00,5.275000095367432,5.2779998779296875,5.2729997634887695,5.2729997634887695,0,0.0,0.0,2023-11-07
465,2023-11-08 00:00:00-05:00,5.275000095367432,5.2779998779296875,5.26800012588501,5.26800012588501,0,0.0,0.0,2023-11-08
466,2023-11-09 00:00:00-05:00,5.26800012588501,5.26800012588501,5.255000114440918,5.263000011444092,0,0.0,0.0,2023-11-09
467,2023-11-10 00:00:00-05:00,5.257999897003174,5.257999897003174,5.244999885559082,5.25,0,0.0,0.0,2023-11-10
468,2023-11-13 00:00:00-05:00,5.248000144958496,5.260000228881836,5.248000144958496,5.260000228881836,0,0.0,0.0,2023-11-13
469,2023-11-14 00:00:00-05:00,5.28000020980835,5.28000020980835,5.248000144958496,5.252999782562256,0,0.0,0.0,2023-11-14
470,2023-11-15 00:00:00-05:00,5.25,5.257999897003174,5.224999904632568,5.255000114440918,0,0.0,0.0,2023-11-15
471,2023-11-16 00:00:00-05:00,5.248000144958496,5.248000144958496,5.230000019073486,5.243000030517578,0,0.0,0.0,2023-11-16
472,2023-11-17 00:00:00-05:00,5.232999801635742,5.23799991607666,5.230000019073486,5.232999801635742,0,0.0,0.0,2023-11-17
473,2023-11-20 00:00:00-05:00,5.232999801635742,5.239999771118164,5.232999801635742,5.23799991607666,0,0.0,0.0,2023-11-20
474,2023-11-21 00:00:00-05:00,5.263000011444092,5.263000011444092,5.252999782562256,5.255000114440918,0,0.0,0.0,2023-11-21
475,2023-11-22 00:00:00-05:00,5.260000228881836,5.269999980926514,5.099999904632568,5.264999866485596,0,0.0,0.0,2023-11-22
476,2023-11-24 00:00:00-05:00,5.257999897003174,5.257999897003174,5.25,5.252999782562256,0,0.0,0.0,2023-11-24
477,2023-11-27 00:00:00-05:00,5.257999897003174,5.263000011444092,5.257999897003174,5.257999897003174,0,0.0,0.0,2023-11-27
478,2023-11-28 00:00:00-05:00,5.269999980926514,5.269999980926514,5.255000114440918,5.260000228881836,0,0.0,0.0,2023-11-28
479,2023-11-29 00:00:00-05:00,5.252999782562256,5.252999782562256,5.23799991607666,5.239999771118164,0,0.0,0.0,2023-11-29
480,2023-11-30 00:00:00-05:00,5.23799991607666,5.244999885559082,5.230000019073486,5.23799991607666,0,0.0,0.0,2023-11-30
481,2023-12-01 00:00:00-05:00,5.230000019073486,5.232999801635742,5.204999923706055,5.215000152587891,0,0.0,0.0,2023-12-01
482,2023-12-04 00:00:00-05:00,5.2230000495910645,5.228000164031982,5.2230000495910645,5.2230000495910645,0,0.0,0.0,2023-12-04
483,2023-12-05 00:00:00-05:00,5.23799991607666,5.243000030517578,5.235000133514404,5.243000030517578,0,0.0,0.0,2023-12-05
484,2023-12-06 00:00:00-05:00,5.244999885559082,5.244999885559082,5.239999771118164,5.243000030517578,0,0.0,0.0,2023-12-06
485,2023-12-07 00:00:00-05:00,5.239999771118164,5.239999771118164,5.228000164031982,5.232999801635742,0,0.0,0.0,2023-12-07
486,2023-12-08 00:00:00-05:00,5.230000019073486,5.235000133514404,5.208000183105469,5.232999801635742,0,0.0,0.0,2023-12-08
487,2023-12-11 00:00:00-05:00,5.235000133514404,5.235000133514404,5.2230000495910645,5.232999801635742,0,0.0,0.0,2023-12-11
488,2023-12-12 00:00:00-05:00,5.257999897003174,5.260000228881836,5.23799991607666,5.248000144958496,0,0.0,0.0,2023-12-12
489,2023-12-13 00:00:00-05:00,5.248000144958496,5.25,5.192999839782715,5.2230000495910645,0,0.0,0.0,2023-12-13
490,2023-12-14 00:00:00-05:00,5.204999923706055,5.215000152587891,5.199999809265137,5.215000152587891,0,0.0,0.0,2023-12-14
491,2023-12-15 00:00:00-05:00,5.208000183105469,5.228000164031982,5.208000183105469,5.224999904632568,0,0.0,0.0,2023-12-15
492,2023-12-18 00:00:00-05:00,5.21999979019165,5.230000019073486,5.2179999351501465,5.224999904632568,0,0.0,0.0,2023-12-18
493,2023-12-19 00:00:00-05:00,5.243000030517578,5.243000030517578,5.235000133514404,5.23799991607666,0,0.0,0.0,2023-12-19
494,2023-12-20 00:00:00-05:00,5.240000247955322,5.243000030517578,5.099999904632568,5.230000019073486,0,0.0,0.0,2023-12-20
