,Day,Lending Rate,USDC Supplied
0,2020-12-02 00:00:00.000 UTC,0.03236145827308532,10103.280622
1,2020-12-03 00:00:00.000 UTC,2.6538334906727354,472095.6732390001
2,2020-12-04 00:00:00.000 UTC,6.913974327433675,254170.07622999998
3,2020-12-05 00:00:00.000 UTC,8.722476358854992,645417.0544650002
4,2020-12-06 00:00:00.000 UTC,7.978266437275704,1529638.1786290002
5,2020-12-07 00:00:00.000 UTC,5.298398945838378,2595560.3511340003
6,2020-12-08 00:00:00.000 UTC,7.19566539328002,833360.905475
7,2020-12-09 00:00:00.000 UTC,8.850769769379884,1403285.9240519998
8,2020-12-10 00:00:00.000 UTC,7.295820649548352,499823.315353
9,2020-12-11 00:00:00.000 UTC,3.6852888077695702,509056.745988
10,2020-12-12 00:00:00.000 UTC,4.1213700755080485,114208.27593
11,2020-12-13 00:00:00.000 UTC,5.630473651744393,2841053.5682249996
12,2020-12-14 00:00:00.000 UTC,5.210857766318604,1014312.617311
13,2020-12-15 00:00:00.000 UTC,9.488367744404764,1489316.3517550002
14,2020-12-16 00:00:00.000 UTC,5.164339839994206,726127.377077
15,2020-12-17 00:00:00.000 UTC,10.142251390144839,564805.312014
16,2020-12-18 00:00:00.000 UTC,5.672634255753183,975490.5877579999
17,2020-12-19 00:00:00.000 UTC,6.509541753357048,597296.181376
18,2020-12-20 00:00:00.000 UTC,5.785698365103926,897935.0895340001
19,2020-12-21 00:00:00.000 UTC,11.90373999018017,1191310.261253
20,2020-12-22 00:00:00.000 UTC,10.548521945785684,4388090.718458
21,2020-12-23 00:00:00.000 UTC,8.116192946967885,208046.47796599998
22,2020-12-24 00:00:00.000 UTC,7.952733845810633,1074261.911801
23,2020-12-25 00:00:00.000 UTC,8.607720523726273,602965.104392
24,2020-12-26 00:00:00.000 UTC,5.715386703449628,499165.80853700003
25,2020-12-27 00:00:00.000 UTC,6.458201109178032,1053212.6286610002
26,2020-12-28 00:00:00.000 UTC,9.946791738756456,786416.9047310001
27,2020-12-29 00:00:00.000 UTC,3.5769506414686627,11189148.287403999
28,2020-12-30 00:00:00.000 UTC,6.697296096968635,7479009.971747
29,2020-12-31 00:00:00.000 UTC,5.035317848728265,5175367.096099
30,2021-01-01 00:00:00.000 UTC,5.736943169271171,4854364.982108002
31,2021-01-02 00:00:00.000 UTC,7.708678269795073,8014651.52898
32,2021-01-03 00:00:00.000 UTC,11.202380421587883,4261187.695495999
33,2021-01-04 00:00:00.000 UTC,8.941643132434374,4677124.893449999
34,2021-01-05 00:00:00.000 UTC,6.821724870870922,6981951.738115
35,2021-01-06 00:00:00.000 UTC,21.684178843032466,10721994.454408001
36,2021-01-07 00:00:00.000 UTC,8.27706269756556,9161678.685203
37,2021-01-08 00:00:00.000 UTC,9.6758356701214,6799795.71673
38,2021-01-09 00:00:00.000 UTC,8.833808108817006,5313033.093360999
39,2021-01-10 00:00:00.000 UTC,6.339493981645267,9966204.045789
40,2021-01-11 00:00:00.000 UTC,4.761094439588191,3696006.6002619993
41,2021-01-12 00:00:00.000 UTC,6.161696325318715,5658530.330887999
42,2021-01-13 00:00:00.000 UTC,5.932070491333452,5207476.916924
43,2021-01-14 00:00:00.000 UTC,6.128823910138108,9141467.421276
44,2021-01-15 00:00:00.000 UTC,8.976293951360388,2625866.9691040004
45,2021-01-16 00:00:00.000 UTC,6.761498939347589,8707288.737586001
46,2021-01-17 00:00:00.000 UTC,11.717261417055974,6048767.544662
47,2021-01-18 00:00:00.000 UTC,7.816009402537979,6382442.381795
48,2021-01-19 00:00:00.000 UTC,11.120519281869267,14104234.819944996
49,2021-01-20 00:00:00.000 UTC,9.129359910415548,3707962.1371479994
50,2021-01-21 00:00:00.000 UTC,7.2888783853648045,8981993.532967001
51,2021-01-22 00:00:00.000 UTC,9.376503242214712,11126010.681789001
52,2021-01-23 00:00:00.000 UTC,7.813394529025038,12732381.157125005
53,2021-01-24 00:00:00.000 UTC,11.383468858798455,7553385.064797
54,2021-01-25 00:00:00.000 UTC,7.857410798756122,12059590.181234
55,2021-01-26 00:00:00.000 UTC,5.7056328633381534,9046508.35802
56,2021-01-27 00:00:00.000 UTC,6.073461571480651,7118962.709854
57,2021-01-28 00:00:00.000 UTC,5.432919657514303,24134744.636891
58,2021-01-29 00:00:00.000 UTC,6.506169396548171,6907851.271861
59,2021-01-30 00:00:00.000 UTC,8.32433774648031,8587026.861771997
60,2021-01-31 00:00:00.000 UTC,8.34861734995827,10076887.666216003
61,2021-02-01 00:00:00.000 UTC,6.290526796998189,21626761.617189005
62,2021-02-02 00:00:00.000 UTC,11.974998959474702,9943713.642064
63,2021-02-03 00:00:00.000 UTC,15.189735697832036,9436547.058195
64,2021-02-04 00:00:00.000 UTC,10.931861744915862,11303408.216609
65,2021-02-05 00:00:00.000 UTC,11.899450948762786,13041090.018110001
66,2021-02-06 00:00:00.000 UTC,8.156474943125023,10293376.530317
67,2021-02-07 00:00:00.000 UTC,5.6180860046665755,5853236.569929999
68,2021-02-08 00:00:00.000 UTC,14.00077075629712,181631110.50707
69,2021-02-09 00:00:00.000 UTC,20.536971656156403,13953119.802113
70,2021-02-10 00:00:00.000 UTC,19.04634727886036,13486697.501016002
71,2021-02-11 00:00:00.000 UTC,20.01959965612239,24888028.773500003
72,2021-02-12 00:00:00.000 UTC,12.287777827778172,8480317.412820004
73,2021-02-13 00:00:00.000 UTC,8.744647073064838,18474486.620880995
74,2021-02-14 00:00:00.000 UTC,8.985371015204251,20383153.323948998
75,2021-02-15 00:00:00.000 UTC,9.327008489079702,10353745.878101
76,2021-02-16 00:00:00.000 UTC,13.967264185165492,10319404.184441999
77,2021-02-17 00:00:00.000 UTC,12.593662032820069,13765306.334343001
78,2021-02-18 00:00:00.000 UTC,16.099019688888095,16865013.447495002
79,2021-02-19 00:00:00.000 UTC,10.603297014171773,9163456.957887001
80,2021-02-20 00:00:00.000 UTC,9.27986025853369,24490374.368312
81,2021-02-21 00:00:00.000 UTC,8.684527148566236,10859880.272707999
82,2021-02-22 00:00:00.000 UTC,7.361993787652766,28045197.659231998
83,2021-02-23 00:00:00.000 UTC,6.445721487041358,12108495.580146994
84,2021-02-24 00:00:00.000 UTC,7.424288555483196,15209010.124454003
85,2021-02-25 00:00:00.000 UTC,10.012488588267205,11726804.947978
86,2021-02-26 00:00:00.000 UTC,5.974260969886767,18873788.713462994
87,2021-02-27 00:00:00.000 UTC,5.922642034787166,5978926.495997
88,2021-02-28 00:00:00.000 UTC,5.85779578324459,44120248.967269994
89,2021-03-01 00:00:00.000 UTC,5.534714786184023,22163701.532324
90,2021-03-02 00:00:00.000 UTC,6.089634916817032,11589246.727784004
91,2021-03-03 00:00:00.000 UTC,8.597163365353966,14692438.581843996
92,2021-03-04 00:00:00.000 UTC,6.718420708444416,19050801.798668005
93,2021-03-05 00:00:00.000 UTC,5.491747759171691,7164239.859877995
94,2021-03-06 00:00:00.000 UTC,5.607529296830535,5147156.5251589995
95,2021-03-07 00:00:00.000 UTC,14.644267992742064,34297890.18421901
96,2021-03-08 00:00:00.000 UTC,13.950434050851925,48521253.55399197
97,2021-03-09 00:00:00.000 UTC,14.383226893373173,13637483.118868
98,2021-03-10 00:00:00.000 UTC,21.455703929604706,10401981.303751001
99,2021-03-11 00:00:00.000 UTC,21.54719435144377,19472568.63350699
100,2021-03-12 00:00:00.000 UTC,9.94417649230429,29845578.07039
101,2021-03-13 00:00:00.000 UTC,6.783156237248334,6235579.391562
102,2021-03-14 00:00:00.000 UTC,7.230144334522088,16210523.874108
103,2021-03-15 00:00:00.000 UTC,6.542666137476266,9843852.008772
104,2021-03-16 00:00:00.000 UTC,7.52058161624872,8972899.983409999
105,2021-03-17 00:00:00.000 UTC,9.672773725027827,6415900.150932999
106,2021-03-18 00:00:00.000 UTC,13.50195884506453,12877839.499209998
107,2021-03-19 00:00:00.000 UTC,7.908079793027054,8712590.616390003
108,2021-03-20 00:00:00.000 UTC,6.888182968760686,18744169.166119
109,2021-03-21 00:00:00.000 UTC,5.986786471314359,37485485.384501
110,2021-03-22 00:00:00.000 UTC,5.927194548238882,11323601.815266002
111,2021-03-23 00:00:00.000 UTC,6.030090450208747,7476624.627829001
112,2021-03-24 00:00:00.000 UTC,7.247630835007272,7717062.424784
113,2021-03-25 00:00:00.000 UTC,6.036259353387633,29752220.994672
114,2021-03-26 00:00:00.000 UTC,6.005566654385337,32666293.025941994
115,2021-03-27 00:00:00.000 UTC,6.761352622611318,1932310.7963319998
116,2021-03-28 00:00:00.000 UTC,8.131972539148046,8426150.619015
117,2021-03-29 00:00:00.000 UTC,6.922119490310459,13493621.227058
118,2021-03-30 00:00:00.000 UTC,7.388218766805244,6636285.547076998
119,2021-03-31 00:00:00.000 UTC,10.53190666793151,5245265.911878
120,2021-04-01 00:00:00.000 UTC,6.4593630446846495,21147320.980366997
121,2021-04-02 00:00:00.000 UTC,8.21630281679236,10856258.279094001
122,2021-04-03 00:00:00.000 UTC,14.046533363860089,10795444.353520002
123,2021-04-04 00:00:00.000 UTC,13.869687927042282,11274941.570470002
124,2021-04-05 00:00:00.000 UTC,11.556349078454325,6348677.183303001
125,2021-04-06 00:00:00.000 UTC,9.195537504214558,4145485.046408
126,2021-04-07 00:00:00.000 UTC,8.813240474282647,13077098.938229
127,2021-04-08 00:00:00.000 UTC,9.315327484439923,6346615.662816001
128,2021-04-09 00:00:00.000 UTC,8.785053040163609,6112287.289527999
129,2021-04-10 00:00:00.000 UTC,12.104101811967023,4218845.262801999
130,2021-04-11 00:00:00.000 UTC,11.604346233534553,5474094.844379
131,2021-04-12 00:00:00.000 UTC,9.815129510965658,8555052.691331001
132,2021-04-13 00:00:00.000 UTC,9.788807510007743,10635946.756386
133,2021-04-14 00:00:00.000 UTC,10.152347486487656,12681150.481255
134,2021-04-15 00:00:00.000 UTC,12.929747147972957,6331896.39422
135,2021-04-16 00:00:00.000 UTC,12.024620027121061,34116518.09873401
136,2021-04-17 00:00:00.000 UTC,8.53407659776943,10394442.095975002
137,2021-04-18 00:00:00.000 UTC,6.723350577566483,44864723.497515984
138,2021-04-19 00:00:00.000 UTC,7.0750261173177575,19659996.774917
139,2021-04-20 00:00:00.000 UTC,6.087316552967884,26093297.722361997
140,2021-04-21 00:00:00.000 UTC,6.5133791420649425,8537568.131995
141,2021-04-22 00:00:00.000 UTC,8.094883019653098,10457714.528648999
142,2021-04-23 00:00:00.000 UTC,6.273291012068989,6416836.790973
143,2021-04-24 00:00:00.000 UTC,5.653609730542069,21790957.959842
144,2021-04-25 00:00:00.000 UTC,8.041401680885238,48072851.196318015
145,2021-04-26 00:00:00.000 UTC,8.961565369010126,1031293188.8768117
146,2021-04-27 00:00:00.000 UTC,4.491405992200764,539487198.4857678
147,2021-04-28 00:00:00.000 UTC,4.016601109538209,214569271.83744797
148,2021-04-29 00:00:00.000 UTC,5.573661461079336,436915048.7975329
149,2021-04-30 00:00:00.000 UTC,6.553297480923326,411844597.2164701
150,2021-05-01 00:00:00.000 UTC,5.593435630277907,109329987.06122304
151,2021-05-02 00:00:00.000 UTC,5.047476336274332,25969892.677949995
152,2021-05-03 00:00:00.000 UTC,14.260768564259362,140892906.72256696
153,2021-05-04 00:00:00.000 UTC,8.347550689593879,184002907.51160008
154,2021-05-05 00:00:00.000 UTC,5.507695000779118,416114879.23670185
155,2021-05-06 00:00:00.000 UTC,10.353508344208906,320442572.398946
156,2021-05-07 00:00:00.000 UTC,11.009811194015406,40621585.133667
157,2021-05-08 00:00:00.000 UTC,10.031218205446724,27915556.414660998
158,2021-05-09 00:00:00.000 UTC,5.978311323701222,15967041.217659999
159,2021-05-10 00:00:00.000 UTC,7.56713457879647,32614028.718822002
160,2021-05-11 00:00:00.000 UTC,9.182538831421068,22632263.008107997
161,2021-05-12 00:00:00.000 UTC,11.505966578737711,16855272.652241997
162,2021-05-13 00:00:00.000 UTC,8.633788565379955,110064489.40103298
163,2021-05-14 00:00:00.000 UTC,8.378109368557817,157077319.69048098
164,2021-05-15 00:00:00.000 UTC,7.02822735737681,55689139.712882996
165,2021-05-16 00:00:00.000 UTC,4.618242166009643,55035616.89537501
166,2021-05-17 00:00:00.000 UTC,5.007067107315741,77132252.39855501
167,2021-05-18 00:00:00.000 UTC,3.4990928792564064,119626205.233854
168,2021-05-19 00:00:00.000 UTC,5.628146564390583,105912304.14336501
169,2021-05-20 00:00:00.000 UTC,3.2239566649962876,262055650.74819702
170,2021-05-21 00:00:00.000 UTC,2.9790916250482855,428419607.8352702
171,2021-05-22 00:00:00.000 UTC,2.9178450407946657,541334543.284544
172,2021-05-23 00:00:00.000 UTC,2.727405977976021,60382934.41901002
173,2021-05-24 00:00:00.000 UTC,2.537691051239588,167950846.78202295
174,2021-05-25 00:00:00.000 UTC,2.4722106725758635,97983360.22935897
175,2021-05-26 00:00:00.000 UTC,2.3910280382022617,115632662.59234601
176,2021-05-27 00:00:00.000 UTC,2.330038318924018,859342887.814456
177,2021-05-28 00:00:00.000 UTC,2.2654126188024155,32758609.805461004
178,2021-05-29 00:00:00.000 UTC,2.0367904115273365,571026243.3367239
179,2021-05-30 00:00:00.000 UTC,1.9614918778215735,359026325.871377
180,2021-05-31 00:00:00.000 UTC,2.001581747694214,30539356.507883
181,2021-06-01 00:00:00.000 UTC,2.049012299163783,43214944.873978004
182,2021-06-02 00:00:00.000 UTC,2.038954870257783,19300764.987488
183,2021-06-03 00:00:00.000 UTC,2.067296092925417,86306018.829324
184,2021-06-04 00:00:00.000 UTC,2.084130975676433,42840991.687255
185,2021-06-05 00:00:00.000 UTC,2.068943009308948,51366503.30488702
186,2021-06-06 00:00:00.000 UTC,2.061778671063421,16760642.104484
187,2021-06-07 00:00:00.000 UTC,2.2001974835790716,90063100.41856197
188,2021-06-08 00:00:00.000 UTC,2.269665206812348,104641777.92420296
189,2021-06-09 00:00:00.000 UTC,2.230364418921,46128414.588922985
190,2021-06-10 00:00:00.000 UTC,2.24529307169248,21144802.19354001
191,2021-06-11 00:00:00.000 UTC,2.254509137528567,23230198.291146997
192,2021-06-12 00:00:00.000 UTC,2.272583368896494,77816489.30770999
193,2021-06-13 00:00:00.000 UTC,2.27008555169617,43455286.4768
194,2021-06-14 00:00:00.000 UTC,2.2796115708025084,31865704.28007201
195,2021-06-15 00:00:00.000 UTC,2.3278170443851844,46107417.00523802
196,2021-06-16 00:00:00.000 UTC,2.3370699022206036,27767248.83538901
197,2021-06-17 00:00:00.000 UTC,2.350793534652675,73573732.71473601
198,2021-06-18 00:00:00.000 UTC,2.3129596981665412,126784022.21290699
199,2021-06-19 00:00:00.000 UTC,2.2805880772925895,76461412.08148599
200,2021-06-20 00:00:00.000 UTC,2.2396671211855614,35277886.686647
201,2021-06-21 00:00:00.000 UTC,2.1637817620265745,174282298.857216
202,2021-06-22 00:00:00.000 UTC,2.024695821011329,69863505.656515
203,2021-06-23 00:00:00.000 UTC,2.0267286389695607,57121655.627382
204,2021-06-24 00:00:00.000 UTC,2.0390637307903505,227124613.06956998
205,2021-06-25 00:00:00.000 UTC,2.0457642682609136,38622741.146175005
206,2021-06-26 00:00:00.000 UTC,2.037711686734609,8447458.262473
207,2021-06-27 00:00:00.000 UTC,2.009045318843397,44981136.58702301
208,2021-06-28 00:00:00.000 UTC,1.994036171319202,63041454.871087015
209,2021-06-29 00:00:00.000 UTC,1.9747199608114936,126175239.03839104
210,2021-06-30 00:00:00.000 UTC,2.064554548607184,40132017.628584005
211,2021-07-01 00:00:00.000 UTC,2.106526842042317,39486997.827827014
212,2021-07-02 00:00:00.000 UTC,2.099003014214583,40040391.429910004
213,2021-07-03 00:00:00.000 UTC,2.092258117241197,16840000.559217002
214,2021-07-04 00:00:00.000 UTC,2.104092848733024,19909038.735416003
215,2021-07-05 00:00:00.000 UTC,2.099317039665615,36624144.095422
216,2021-07-06 00:00:00.000 UTC,2.087674362713111,56175862.50043999
217,2021-07-07 00:00:00.000 UTC,2.0073117629957276,101637048.90846398
218,2021-07-08 00:00:00.000 UTC,1.9942807039707615,39340351.691543
219,2021-07-09 00:00:00.000 UTC,1.974798103961711,99515792.98169397
220,2021-07-10 00:00:00.000 UTC,1.9892133618985095,180729493.13233304
221,2021-07-11 00:00:00.000 UTC,2.0069159134227306,13621914.476997
222,2021-07-12 00:00:00.000 UTC,2.018784660426221,52429982.014144
223,2021-07-13 00:00:00.000 UTC,2.0396858148992116,98326250.01971403
224,2021-07-14 00:00:00.000 UTC,2.060345011365315,100507822.413755
225,2021-07-15 00:00:00.000 UTC,2.0251045190576327,523106635.78283894
226,2021-07-16 00:00:00.000 UTC,2.022072382693493,1145019093.77886
227,2021-07-17 00:00:00.000 UTC,2.205377087532961,35941302.982245006
228,2021-07-18 00:00:00.000 UTC,2.1927000367207174,29241045.59117701
229,2021-07-19 00:00:00.000 UTC,2.1667210835753092,27181806.489825018
230,2021-07-20 00:00:00.000 UTC,2.143920052221354,26112177.207629003
231,2021-07-21 00:00:00.000 UTC,2.125421157945709,31200679.570118994
232,2021-07-22 00:00:00.000 UTC,2.1332732480696213,41075653.48542001
233,2021-07-23 00:00:00.000 UTC,2.177234930326352,24004745.151769996
234,2021-07-24 00:00:00.000 UTC,2.1773353923918344,16466301.358974
235,2021-07-25 00:00:00.000 UTC,2.1704312322165866,71804382.31896402
236,2021-07-26 00:00:00.000 UTC,2.1881450981223685,58670662.89087501
237,2021-07-27 00:00:00.000 UTC,2.1944547304469473,37346029.60468
238,2021-07-28 00:00:00.000 UTC,2.19469124157737,22813766.246130005
239,2021-07-29 00:00:00.000 UTC,2.1922448692690693,39692948.686220005
240,2021-07-30 00:00:00.000 UTC,2.1947067311105695,20241019.971728
241,2021-07-31 00:00:00.000 UTC,2.2226279999825795,56894100.255557
242,2021-08-01 00:00:00.000 UTC,2.251423584806553,18809737.554803
243,2021-08-02 00:00:00.000 UTC,2.2578417549400984,31678263.37497001
244,2021-08-03 00:00:00.000 UTC,2.2274678260585024,201154116.35143197
245,2021-08-04 00:00:00.000 UTC,2.20747643560238,21843376.978391003
246,2021-08-05 00:00:00.000 UTC,2.2422471758355123,18745718.411261007
247,2021-08-06 00:00:00.000 UTC,2.3496383772889873,71756682.57038799
248,2021-08-07 00:00:00.000 UTC,2.3978211164071057,27483120.698414996
249,2021-08-08 00:00:00.000 UTC,2.4422356441377353,32642334.793888003
250,2021-08-09 00:00:00.000 UTC,2.464061279810619,377647113.027422
251,2021-08-10 00:00:00.000 UTC,2.4899798047083475,37734819.558571
252,2021-08-11 00:00:00.000 UTC,2.6005011331440375,217082843.68700907
253,2021-08-12 00:00:00.000 UTC,2.656188770522838,24493429.401566997
254,2021-08-13 00:00:00.000 UTC,2.8282093960231314,123432043.72679903
255,2021-08-14 00:00:00.000 UTC,3.039105906380131,329411238.3313149
256,2021-08-15 00:00:00.000 UTC,3.060189311096027,7200283.853068001
257,2021-08-16 00:00:00.000 UTC,3.0837554243955165,58493616.45793499
258,2021-08-17 00:00:00.000 UTC,3.07136539300189,57759340.546256
259,2021-08-18 00:00:00.000 UTC,3.1120674571494837,10500949.148786997
260,2021-08-19 00:00:00.000 UTC,3.1472092829479346,27342762.17016299
261,2021-08-20 00:00:00.000 UTC,3.689920673686701,38799274.947854
262,2021-08-21 00:00:00.000 UTC,5.994017283189075,43983234.271786
263,2021-08-22 00:00:00.000 UTC,7.1274424935436365,21940395.565984994
264,2021-08-23 00:00:00.000 UTC,7.209827076900578,127343376.01806502
265,2021-08-24 00:00:00.000 UTC,4.007148248946051,53730047.929479
266,2021-08-25 00:00:00.000 UTC,4.984853694815833,35388758.785078995
267,2021-08-26 00:00:00.000 UTC,4.08009119839293,33621553.417089
268,2021-08-27 00:00:00.000 UTC,4.20883380934616,15016821.738776
269,2021-08-28 00:00:00.000 UTC,4.865151918296885,8059299.5144030005
270,2021-08-29 00:00:00.000 UTC,5.135873943287041,14015511.471600004
271,2021-08-30 00:00:00.000 UTC,5.781252802381458,26315115.858582
272,2021-08-31 00:00:00.000 UTC,6.143919090468972,39091945.513303995
273,2021-09-01 00:00:00.000 UTC,5.156121710051467,37688439.479269
274,2021-09-02 00:00:00.000 UTC,6.827797260453307,28836403.783834998
275,2021-09-03 00:00:00.000 UTC,7.766102016705943,134107851.374897
276,2021-09-04 00:00:00.000 UTC,4.880196488965246,114917741.68508402
277,2021-09-05 00:00:00.000 UTC,3.955266713806925,24070549.1774
278,2021-09-06 00:00:00.000 UTC,7.741736051391212,50243825.58252899
279,2021-09-07 00:00:00.000 UTC,7.18041927744478,18769142.820304003
280,2021-09-08 00:00:00.000 UTC,3.448810111114471,31307898.457377
281,2021-09-09 00:00:00.000 UTC,5.0632463657718185,42646967.16682701
282,2021-09-10 00:00:00.000 UTC,5.484649371878758,37806944.57311699
283,2021-09-11 00:00:00.000 UTC,4.9242130143438105,10078152.305396002
284,2021-09-12 00:00:00.000 UTC,6.056882882544176,73426572.365444
285,2021-09-13 00:00:00.000 UTC,7.326555938809505,16829643.735823996
286,2021-09-14 00:00:00.000 UTC,4.493585410307661,10680792.699954996
287,2021-09-15 00:00:00.000 UTC,3.2192401263673376,32225884.729766
288,2021-09-16 00:00:00.000 UTC,3.3319297399952403,9747008.549820999
289,2021-09-17 00:00:00.000 UTC,4.437725442092909,41311111.460875
290,2021-09-18 00:00:00.000 UTC,4.771928024573826,25324523.899781
291,2021-09-19 00:00:00.000 UTC,4.377938384486735,36178057.475117005
292,2021-09-20 00:00:00.000 UTC,3.732958233249727,176945187.65620598
293,2021-09-21 00:00:00.000 UTC,4.053387336254636,27854989.980072
294,2021-09-22 00:00:00.000 UTC,4.174859294476158,20224371.954361003
295,2021-09-23 00:00:00.000 UTC,5.116431668719446,9243771.07719
296,2021-09-24 00:00:00.000 UTC,5.688775194724131,44294270.28947101
297,2021-09-25 00:00:00.000 UTC,4.1126152272187095,79314723.71068601
298,2021-09-26 00:00:00.000 UTC,3.192940983692114,118608595.82602097
299,2021-09-27 00:00:00.000 UTC,4.730857029503663,695467644.2826049
300,2021-09-28 00:00:00.000 UTC,3.7153184579775007,14127105.227149
301,2021-09-29 00:00:00.000 UTC,4.437839752700789,30393286.913325004
302,2021-09-30 00:00:00.000 UTC,3.993591764998551,97963737.80353399
303,2021-10-01 00:00:00.000 UTC,4.358250805200836,34409701.880485
304,2021-10-02 00:00:00.000 UTC,6.0443294838414845,91180773.822585
305,2021-10-03 00:00:00.000 UTC,5.865978560616363,122559661.92680201
306,2021-10-04 00:00:00.000 UTC,5.829428247381829,49564878.45289901
307,2021-10-05 00:00:00.000 UTC,7.104662764593243,19761356.818577997
308,2021-10-06 00:00:00.000 UTC,7.291389891593655,27312666.342703998
309,2021-10-07 00:00:00.000 UTC,6.832568944523677,48955767.183031
310,2021-10-08 00:00:00.000 UTC,5.231508999833374,52727342.44733301
311,2021-10-09 00:00:00.000 UTC,4.613208760652014,8009275.838434
312,2021-10-10 00:00:00.000 UTC,5.183295433202967,5902102.608033998
313,2021-10-11 00:00:00.000 UTC,6.0342034323915925,33420963.156634
314,2021-10-12 00:00:00.000 UTC,5.615553095171588,22001326.506897006
315,2021-10-13 00:00:00.000 UTC,6.413988213321709,29212803.868505
316,2021-10-14 00:00:00.000 UTC,6.7498111678996,21634572.886608005
317,2021-10-15 00:00:00.000 UTC,7.6485641252061916,89390391.251629
318,2021-10-16 00:00:00.000 UTC,6.419142245137342,37131181.996289
319,2021-10-17 00:00:00.000 UTC,7.548788899895143,18386602.089959998
320,2021-10-18 00:00:00.000 UTC,9.501966546050413,31338622.253374994
321,2021-10-19 00:00:00.000 UTC,9.100731383103668,55803912.962457
322,2021-10-20 00:00:00.000 UTC,6.127345506285103,38911097.095961995
323,2021-10-21 00:00:00.000 UTC,8.361101445027742,149119228.41795298
324,2021-10-22 00:00:00.000 UTC,5.341013849412977,24780935.298757
325,2021-10-23 00:00:00.000 UTC,3.356665213487003,34259687.924890995
326,2021-10-24 00:00:00.000 UTC,5.077795439553499,16427489.138791999
327,2021-10-25 00:00:00.000 UTC,6.099653171073341,16547760.122789001
328,2021-10-26 00:00:00.000 UTC,5.536503618176023,16041486.026189001
329,2021-10-27 00:00:00.000 UTC,5.862328331888129,45362624.766663
330,2021-10-28 00:00:00.000 UTC,5.1687475430535965,23773296.155911
331,2021-10-29 00:00:00.000 UTC,24.58158581979771,65044843.22480601
332,2021-10-30 00:00:00.000 UTC,6.778760032179317,34051841.678077005
333,2021-10-31 00:00:00.000 UTC,23.880157454127993,90561213.20160401
334,2021-11-01 00:00:00.000 UTC,7.892554870044155,113072116.26548699
335,2021-11-02 00:00:00.000 UTC,4.311845222178277,278389177.72918797
336,2021-11-03 00:00:00.000 UTC,7.158083464199527,213609593.041966
337,2021-11-04 00:00:00.000 UTC,3.561320354628992,398599334.292357
338,2021-11-05 00:00:00.000 UTC,3.237348449461968,76299783.154454
339,2021-11-06 00:00:00.000 UTC,3.2524861509980387,16856795.635479
340,2021-11-07 00:00:00.000 UTC,3.2749279949880745,12996131.490498997
341,2021-11-08 00:00:00.000 UTC,3.5292952739195407,79683058.35238501
342,2021-11-09 00:00:00.000 UTC,4.021788579855871,17909310.420631997
343,2021-11-10 00:00:00.000 UTC,3.917696009796881,48778140.209324
344,2021-11-11 00:00:00.000 UTC,3.385770613899597,87135390.657657
345,2021-11-12 00:00:00.000 UTC,3.45868532505066,53465160.598097004
346,2021-11-13 00:00:00.000 UTC,3.6270711109071643,23568380.287245
347,2021-11-14 00:00:00.000 UTC,3.3635891061250343,58931735.147221
348,2021-11-15 00:00:00.000 UTC,3.3664302210424846,17605493.511148997
349,2021-11-16 00:00:00.000 UTC,3.339041364874981,50550519.375439
350,2021-11-17 00:00:00.000 UTC,3.1418648625693,38618105.434361
351,2021-11-18 00:00:00.000 UTC,3.039452811407689,48827393.227191
352,2021-11-19 00:00:00.000 UTC,3.0223405741350926,63767936.601042
353,2021-11-20 00:00:00.000 UTC,3.036459383233898,57992176.80178301
354,2021-11-21 00:00:00.000 UTC,3.0557491828552767,77511958.634801
355,2021-11-22 00:00:00.000 UTC,3.0296884249675085,23544604.607570004
356,2021-11-23 00:00:00.000 UTC,3.074145767869692,19493432.364213
357,2021-11-24 00:00:00.000 UTC,3.1331536364618384,23266066.681110002
358,2021-11-25 00:00:00.000 UTC,3.160851950838338,29974145.385170005
359,2021-11-26 00:00:00.000 UTC,3.1443074140561356,17600243.197019003
360,2021-11-27 00:00:00.000 UTC,3.0459865460729643,45327247.056724004
361,2021-11-28 00:00:00.000 UTC,3.0289388343766372,150644944.51327097
362,2021-11-29 00:00:00.000 UTC,3.088805539635374,28857033.027811002
363,2021-11-30 00:00:00.000 UTC,3.1216631145804805,46028190.47763801
364,2021-12-01 00:00:00.000 UTC,3.1513976301600124,39451547.42666999
365,2021-12-02 00:00:00.000 UTC,3.176909353522381,11864278.211707998
366,2021-12-03 00:00:00.000 UTC,3.2820188401907306,12408011.430676
367,2021-12-04 00:00:00.000 UTC,3.2841827870597142,28769081.889937
368,2021-12-05 00:00:00.000 UTC,3.215992928771483,39613471.296631
369,2021-12-06 00:00:00.000 UTC,3.1860380569056375,30896825.679039
370,2021-12-07 00:00:00.000 UTC,3.1830531379638667,52554171.291701
371,2021-12-08 00:00:00.000 UTC,3.230883055584813,24848797.885420993
372,2021-12-09 00:00:00.000 UTC,3.175967527196067,33998653.410812
373,2021-12-10 00:00:00.000 UTC,3.139924876367229,59753677.679507
374,2021-12-11 00:00:00.000 UTC,3.0895856192088944,179227779.06025702
375,2021-12-12 00:00:00.000 UTC,2.925904737490717,109129098.971949
376,2021-12-13 00:00:00.000 UTC,2.862236673044657,172515420.42117703
377,2021-12-14 00:00:00.000 UTC,2.8068305197012995,103404172.845251
378,2021-12-15 00:00:00.000 UTC,2.8158163831221183,35381089.79696499
379,2021-12-16 00:00:00.000 UTC,2.8450082557784047,102647864.13544302
380,2021-12-17 00:00:00.000 UTC,2.7979547518440304,70433391.06744102
381,2021-12-18 00:00:00.000 UTC,2.813991682614917,19816715.910618
382,2021-12-19 00:00:00.000 UTC,2.841491557315323,43989031.836328
383,2021-12-20 00:00:00.000 UTC,2.8106086946772346,5924356.957021
384,2021-12-21 00:00:00.000 UTC,2.8835894556786132,1666061.069201
385,2021-12-22 00:00:00.000 UTC,3.002588850644,61617035.95011299
386,2021-12-23 00:00:00.000 UTC,3.0117112529855015,35324078.880272
387,2021-12-24 00:00:00.000 UTC,3.0083836294170245,4410217.016261
388,2021-12-25 00:00:00.000 UTC,3.063940373001655,215420400.652215
389,2021-12-26 00:00:00.000 UTC,3.0998061350275132,76669237.64605899
390,2021-12-27 00:00:00.000 UTC,3.1058625983998644,7625142.975256002
391,2021-12-28 00:00:00.000 UTC,3.0901292023292966,15398005.630400999
392,2021-12-29 00:00:00.000 UTC,3.037232695984727,51666013.205721006
393,2021-12-30 00:00:00.000 UTC,3.014423417612268,3626138.931736
394,2021-12-31 00:00:00.000 UTC,3.0280986017027955,4230355.900637999
395,2022-01-01 00:00:00.000 UTC,3.157818944526497,110529861.27974701
396,2022-01-02 00:00:00.000 UTC,3.238486596468891,1049603.8011440001
397,2022-01-03 00:00:00.000 UTC,3.234779652655802,11892673.820197001
398,2022-01-04 00:00:00.000 UTC,3.2297434074090936,24754893.800975
399,2022-01-05 00:00:00.000 UTC,3.253642598414859,5869960.385961
400,2022-01-06 00:00:00.000 UTC,3.16362610209972,14072974.273717
401,2022-01-07 00:00:00.000 UTC,3.0392467993598054,64119026.50402701
402,2022-01-08 00:00:00.000 UTC,2.9723123786745,9906137.72824
403,2022-01-09 00:00:00.000 UTC,2.989924946665674,16518454.465715
404,2022-01-10 00:00:00.000 UTC,2.960894400537635,11554215.578353003
405,2022-01-11 00:00:00.000 UTC,3.0037702698935904,22320445.049622994
406,2022-01-12 00:00:00.000 UTC,3.077983446276102,16961071.292999998
407,2022-01-13 00:00:00.000 UTC,3.1234828498160896,6251043.2127330005
408,2022-01-14 00:00:00.000 UTC,3.1192789147670728,36643336.017681
409,2022-01-15 00:00:00.000 UTC,3.140693238529431,5654267.583942001
410,2022-01-16 00:00:00.000 UTC,3.185891836185252,138437325.738467
411,2022-01-17 00:00:00.000 UTC,3.184707239779088,22373824.609335
412,2022-01-18 00:00:00.000 UTC,2.979567805464489,350812846.40468395
413,2022-01-19 00:00:00.000 UTC,2.6824748472768443,80587757.62691298
414,2022-01-20 00:00:00.000 UTC,2.5925141119814854,14393864.686774997
415,2022-01-21 00:00:00.000 UTC,2.5258252291764633,131898676.74830002
416,2022-01-22 00:00:00.000 UTC,2.303667590931493,131995842.40570897
417,2022-01-23 00:00:00.000 UTC,2.15518555782368,13257698.468923999
418,2022-01-24 00:00:00.000 UTC,2.312771788360494,24781402.293071996
419,2022-01-25 00:00:00.000 UTC,2.2422289014768797,22547062.460334
420,2022-01-26 00:00:00.000 UTC,2.355241626649625,72743270.00423901
421,2022-01-27 00:00:00.000 UTC,2.3499570940649215,64394990.690593004
422,2022-01-28 00:00:00.000 UTC,2.292311970203556,18222588.754659
423,2022-01-29 00:00:00.000 UTC,2.252792660266784,6992728.321421999
424,2022-01-30 00:00:00.000 UTC,2.1742393454271776,101909909.755588
425,2022-01-31 00:00:00.000 UTC,2.13763394079759,16703649.573610999
426,2022-02-01 00:00:00.000 UTC,2.152298218780679,48848100.668931
427,2022-02-02 00:00:00.000 UTC,2.139734153837272,15878240.608651
428,2022-02-03 00:00:00.000 UTC,2.2759879127846925,80455688.41835901
429,2022-02-04 00:00:00.000 UTC,2.337366680298204,25336177.591252
430,2022-02-05 00:00:00.000 UTC,2.1294229148514483,252913250.46295205
431,2022-02-06 00:00:00.000 UTC,2.0107185556904947,80005016.11388499
432,2022-02-07 00:00:00.000 UTC,1.9577509883742006,70525219.889238
433,2022-02-08 00:00:00.000 UTC,1.9242206528197734,6884353.514221001
434,2022-02-09 00:00:00.000 UTC,1.945594089602002,6472546.8063389985
435,2022-02-10 00:00:00.000 UTC,2.003152206785902,221251764.29598302
436,2022-02-11 00:00:00.000 UTC,2.0039810901209902,189843314.11866802
437,2022-02-12 00:00:00.000 UTC,1.7851810775767512,78329874.733239
438,2022-02-13 00:00:00.000 UTC,1.803421041666128,25990196.040377006
439,2022-02-14 00:00:00.000 UTC,1.8048889162201756,42348186.00342099
440,2022-02-15 00:00:00.000 UTC,1.8417598866841662,7788270.4381490005
441,2022-02-16 00:00:00.000 UTC,1.847836159685196,16749864.556016
442,2022-02-17 00:00:00.000 UTC,1.8335461166668232,52800703.149855
443,2022-02-18 00:00:00.000 UTC,1.7961904590530247,69550534.28508401
444,2022-02-19 00:00:00.000 UTC,1.7953646794372313,9512859.81815
445,2022-02-20 00:00:00.000 UTC,1.789232295089324,8783679.657166999
446,2022-02-21 00:00:00.000 UTC,1.6988118503254035,39051142.63015001
447,2022-02-22 00:00:00.000 UTC,1.4859193928794463,13145870.809999
448,2022-02-23 00:00:00.000 UTC,1.4572181722685016,26269966.656798
449,2022-02-24 00:00:00.000 UTC,1.3839305130881918,30845641.360322002
450,2022-02-25 00:00:00.000 UTC,1.3904618849273613,33190882.885521997
451,2022-02-26 00:00:00.000 UTC,1.4192271745076437,10292940.111188
452,2022-02-27 00:00:00.000 UTC,1.3463172729787505,20380420.301288
453,2022-02-28 00:00:00.000 UTC,1.4086622207504873,870453.985534
454,2022-03-01 00:00:00.000 UTC,1.4613870061252092,17386628.735822
455,2022-03-02 00:00:00.000 UTC,1.4550555312971865,27887197.87647
456,2022-03-03 00:00:00.000 UTC,1.5464670953159894,20312542.314199008
457,2022-03-04 00:00:00.000 UTC,1.5718376633345905,2929140.5316329994
458,2022-03-05 00:00:00.000 UTC,1.5626544568104872,3079300.4432010003
459,2022-03-06 00:00:00.000 UTC,1.5758853842557028,12551940.173446
460,2022-03-07 00:00:00.000 UTC,1.5863281358515373,8890826.110106
461,2022-03-08 00:00:00.000 UTC,1.6101516782966596,18918576.71004
462,2022-03-09 00:00:00.000 UTC,1.6561157553553036,8557542.489967
463,2022-03-10 00:00:00.000 UTC,1.665005333629643,8555753.415544
464,2022-03-11 00:00:00.000 UTC,1.6334012850191022,24576256.540744
465,2022-03-12 00:00:00.000 UTC,1.9453099331188257,81586977.57548
466,2022-03-13 00:00:00.000 UTC,1.8797899643855633,6705587.248851999
467,2022-03-14 00:00:00.000 UTC,1.8489485008275626,14175867.667831998
468,2022-03-15 00:00:00.000 UTC,1.8746422481756468,14742629.082384
469,2022-03-16 00:00:00.000 UTC,1.870966722154681,45339043.472692996
470,2022-03-17 00:00:00.000 UTC,1.8343171177253688,27990289.535223003
471,2022-03-18 00:00:00.000 UTC,1.8125237209064624,13352178.866261998
472,2022-03-19 00:00:00.000 UTC,1.634559032518896,27584642.918472
473,2022-03-20 00:00:00.000 UTC,1.7008855623125754,2521220.2403869997
474,2022-03-21 00:00:00.000 UTC,1.7916904897420516,136668190.32383996
475,2022-03-22 00:00:00.000 UTC,1.9079042770963086,182737147.57581604
476,2022-03-23 00:00:00.000 UTC,1.9824552546586218,12107801.898145
477,2022-03-24 00:00:00.000 UTC,2.095209578078139,10317648.989056
478,2022-03-25 00:00:00.000 UTC,2.259072419382971,83061690.110322
479,2022-03-26 00:00:00.000 UTC,2.3694097577805664,17180755.855656
480,2022-03-27 00:00:00.000 UTC,2.3841937453092745,28991991.467824996
481,2022-03-28 00:00:00.000 UTC,2.5317869938028257,245689079.015848
482,2022-03-29 00:00:00.000 UTC,2.5455294640424166,137657756.166187
483,2022-03-30 00:00:00.000 UTC,2.442131021102608,10701695.951170003
484,2022-03-31 00:00:00.000 UTC,2.544627800967654,111259274.942721
485,2022-04-01 00:00:00.000 UTC,2.6234804725485694,24750740.397258002
486,2022-04-02 00:00:00.000 UTC,2.638516933085945,10384875.770349
487,2022-04-03 00:00:00.000 UTC,2.6211048431973345,7179605.421584002
488,2022-04-04 00:00:00.000 UTC,2.648391693861358,16185833.566489002
489,2022-04-05 00:00:00.000 UTC,2.422051675358047,272920637.831415
490,2022-04-06 00:00:00.000 UTC,2.401064568633106,88076991.011572
491,2022-04-07 00:00:00.000 UTC,2.3683952427977797,74176931.833228
492,2022-04-08 00:00:00.000 UTC,2.536160574805441,118349984.566441
493,2022-04-09 00:00:00.000 UTC,2.5573829853216217,5537745.471073
494,2022-04-10 00:00:00.000 UTC,2.5584433904148995,26785653.822703
495,2022-04-11 00:00:00.000 UTC,2.524848297955273,24119460.544122994
496,2022-04-12 00:00:00.000 UTC,2.5051621640053736,138585682.34786898
497,2022-04-13 00:00:00.000 UTC,2.388110900299748,30442760.038209
498,2022-04-14 00:00:00.000 UTC,2.409977198494185,16703501.849125002
499,2022-04-15 00:00:00.000 UTC,2.467728416597195,25499816.162487
500,2022-04-16 00:00:00.000 UTC,2.487096025053544,16737715.268248001
501,2022-04-17 00:00:00.000 UTC,2.466662146052726,10162056.230519999
502,2022-04-18 00:00:00.000 UTC,2.471904950805461,40126832.143529
503,2022-04-19 00:00:00.000 UTC,2.4934345148690644,16877281.791608
504,2022-04-20 00:00:00.000 UTC,2.518614181713827,26486116.000834
505,2022-04-21 00:00:00.000 UTC,2.524516829857433,70323529.81091401
506,2022-04-22 00:00:00.000 UTC,2.489841931122777,27474917.287509
507,2022-04-23 00:00:00.000 UTC,2.4496555014099752,20060259.835040998
508,2022-04-24 00:00:00.000 UTC,2.393764701721075,92926267.09909299
509,2022-04-25 00:00:00.000 UTC,2.2385838733846533,65758449.705650985
510,2022-04-26 00:00:00.000 UTC,2.156790241142858,139672833.500334
511,2022-04-27 00:00:00.000 UTC,2.089989712188721,21484127.319306
512,2022-04-28 00:00:00.000 UTC,2.0451449178036367,31059700.031955
513,2022-04-29 00:00:00.000 UTC,2.046170341151086,23414390.479189
514,2022-04-30 00:00:00.000 UTC,1.9890826967765687,51184169.13131898
515,2022-05-01 00:00:00.000 UTC,1.9194949488358946,18189685.587448
516,2022-05-02 00:00:00.000 UTC,1.8218281249624955,107985575.809866
517,2022-05-03 00:00:00.000 UTC,1.7881757046872362,37867130.06024199
518,2022-05-04 00:00:00.000 UTC,1.795577511447401,33580060.486577995
519,2022-05-05 00:00:00.000 UTC,1.8115725509801508,36590901.69971701
520,2022-05-06 00:00:00.000 UTC,1.8202684153693791,26875196.176939998
521,2022-05-07 00:00:00.000 UTC,1.8163039432143984,41301847.08213501
522,2022-05-08 00:00:00.000 UTC,1.7773636765158431,53342559.67931798
523,2022-05-09 00:00:00.000 UTC,1.4520966123070858,101840676.327356
524,2022-05-10 00:00:00.000 UTC,1.5394517376895496,107833368.667815
525,2022-05-11 00:00:00.000 UTC,1.5130492875842967,329492242.068063
526,2022-05-12 00:00:00.000 UTC,1.7167877089070513,280845933.51260996
527,2022-05-13 00:00:00.000 UTC,2.4207223002058544,204907122.916161
528,2022-05-14 00:00:00.000 UTC,2.194955867568692,60359543.326081
529,2022-05-15 00:00:00.000 UTC,2.1821306578541115,41388227.220708
530,2022-05-16 00:00:00.000 UTC,2.2051538959069528,74803081.976349
531,2022-05-17 00:00:00.000 UTC,2.0040806797313797,139184177.575774
532,2022-05-18 00:00:00.000 UTC,1.6831345310511863,97263760.89860299
533,2022-05-19 00:00:00.000 UTC,1.4356972321808537,207542378.95746398
534,2022-05-20 00:00:00.000 UTC,1.4750423043101224,53386130.72988202
535,2022-05-21 00:00:00.000 UTC,1.4326332568561624,13928941.208837999
536,2022-05-22 00:00:00.000 UTC,1.3379064659331643,309031754.782202
537,2022-05-23 00:00:00.000 UTC,0.9646541798794946,266346281.63251707
538,2022-05-24 00:00:00.000 UTC,0.9286991129425044,23116640.427787002
539,2022-05-25 00:00:00.000 UTC,0.9445945362615038,113534820.89585398
540,2022-05-26 00:00:00.000 UTC,0.9269933682146443,58184924.69608901
541,2022-05-27 00:00:00.000 UTC,0.9658716484066375,163599332.09310997
542,2022-05-28 00:00:00.000 UTC,0.9371620624254204,24760839.882491995
543,2022-05-29 00:00:00.000 UTC,0.9271139407242163,8107659.803595001
544,2022-05-30 00:00:00.000 UTC,0.9955280472851613,55978791.374838
545,2022-05-31 00:00:00.000 UTC,0.9600128602251948,5778695.329403997
546,2022-06-01 00:00:00.000 UTC,1.0246241581249371,33958790.96431701
547,2022-06-02 00:00:00.000 UTC,1.0691852774284754,18192644.496353
548,2022-06-03 00:00:00.000 UTC,1.0674901248961717,42556286.138743006
549,2022-06-04 00:00:00.000 UTC,1.040860589551009,1876440.402184
550,2022-06-05 00:00:00.000 UTC,1.0467239371676362,31265482.596264
551,2022-06-06 00:00:00.000 UTC,1.0450825169154658,15225402.685167002
552,2022-06-07 00:00:00.000 UTC,1.0448771835950454,51173885.56676201
553,2022-06-08 00:00:00.000 UTC,1.0470237296885399,23614788.758742005
554,2022-06-09 00:00:00.000 UTC,1.053612811854772,39006214.320416994
555,2022-06-10 00:00:00.000 UTC,1.0581965381081866,33689767.32215501
556,2022-06-11 00:00:00.000 UTC,1.0410799276024327,47791239.19779299
557,2022-06-12 00:00:00.000 UTC,0.9315048990908393,10625897.650053002
558,2022-06-13 00:00:00.000 UTC,0.8113487497250856,91661332.77082705
559,2022-06-14 00:00:00.000 UTC,1.165354910252218,184581435.54158399
560,2022-06-15 00:00:00.000 UTC,0.9306990277864429,162627093.08686897
561,2022-06-16 00:00:00.000 UTC,0.9317145718558193,68781944.999803
562,2022-06-17 00:00:00.000 UTC,0.8966630743252582,40111492.83013898
563,2022-06-18 00:00:00.000 UTC,0.9022690008415101,50435519.14446801
564,2022-06-19 00:00:00.000 UTC,0.8180018931077273,125782904.32293399
565,2022-06-20 00:00:00.000 UTC,0.8366000806484372,136380001.56351903
566,2022-06-21 00:00:00.000 UTC,0.7959453167050098,59916063.242361
567,2022-06-22 00:00:00.000 UTC,0.7473426887936063,120826652.255656
568,2022-06-23 00:00:00.000 UTC,0.6457491697618548,115533976.80163097
569,2022-06-24 00:00:00.000 UTC,0.6419704329750003,136154091.87378404
570,2022-06-25 00:00:00.000 UTC,0.5795650970368732,138839509.919648
571,2022-06-26 00:00:00.000 UTC,0.5922902141084914,20198692.478359997
572,2022-06-27 00:00:00.000 UTC,0.5944784448456092,40877920.511154994
573,2022-06-28 00:00:00.000 UTC,0.6261109766422736,43353877.40495901
574,2022-06-29 00:00:00.000 UTC,0.6882457093292774,46116086.822636
575,2022-06-30 00:00:00.000 UTC,0.747323464090101,45005950.60167699
576,2022-07-01 00:00:00.000 UTC,0.7223612917414595,58550043.116939
577,2022-07-02 00:00:00.000 UTC,0.6628121904259903,84942972.931012
578,2022-07-03 00:00:00.000 UTC,0.5693732915035546,9139782.707681
579,2022-07-04 00:00:00.000 UTC,0.47697234855076975,44031899.734923
580,2022-07-05 00:00:00.000 UTC,0.4613981682841499,39618369.695596
581,2022-07-06 00:00:00.000 UTC,0.41055510223526304,95543188.377623
582,2022-07-07 00:00:00.000 UTC,0.3812934635316437,26749088.729635004
583,2022-07-08 00:00:00.000 UTC,0.5685609390209335,11843802.115965001
584,2022-07-09 00:00:00.000 UTC,0.6883867957640537,14819801.292036999
585,2022-07-10 00:00:00.000 UTC,0.7032976982539451,13059585.981738998
586,2022-07-11 00:00:00.000 UTC,0.6012171104055413,7181051.976222002
587,2022-07-12 00:00:00.000 UTC,0.4379592315423499,11870929.815899
588,2022-07-13 00:00:00.000 UTC,0.3852002101896344,38673215.357827
589,2022-07-14 00:00:00.000 UTC,0.4116136910154267,21189240.287842996
590,2022-07-15 00:00:00.000 UTC,0.4193315243227081,29048685.946263008
591,2022-07-16 00:00:00.000 UTC,0.43637924448289983,19310120.237779997
592,2022-07-17 00:00:00.000 UTC,0.44684235501005576,25278356.779512003
593,2022-07-18 00:00:00.000 UTC,0.45008842428165263,47564807.89907499
594,2022-07-19 00:00:00.000 UTC,0.4675151963519368,20554713.054663997
595,2022-07-20 00:00:00.000 UTC,0.47198073774696275,19834436.083734006
596,2022-07-21 00:00:00.000 UTC,0.467879622747948,30307383.4597
597,2022-07-22 00:00:00.000 UTC,0.47694687915613365,74202633.45168102
598,2022-07-23 00:00:00.000 UTC,0.4796145495365116,9099955.484229997
599,2022-07-24 00:00:00.000 UTC,0.48653844603518887,7836144.070071001
600,2022-07-25 00:00:00.000 UTC,0.5042039831192067,27031758.259360008
601,2022-07-26 00:00:00.000 UTC,0.524010199313629,50500813.666549
602,2022-07-27 00:00:00.000 UTC,0.5429752237965556,24687066.806388997
603,2022-07-28 00:00:00.000 UTC,0.5645486892913805,37541549.295697
604,2022-07-29 00:00:00.000 UTC,0.5725292946584946,32352181.982812
605,2022-07-30 00:00:00.000 UTC,0.6403796211127919,11950495.740945999
606,2022-07-31 00:00:00.000 UTC,0.6330065590393178,64023359.45942601
607,2022-08-01 00:00:00.000 UTC,0.6278727020743035,59757225.881899014
608,2022-08-02 00:00:00.000 UTC,0.6258364918832267,50422229.07410902
609,2022-08-03 00:00:00.000 UTC,0.6523255672728459,32978513.318447005
610,2022-08-04 00:00:00.000 UTC,0.6599077285643311,8224435.471665001
611,2022-08-05 00:00:00.000 UTC,0.6711079205548024,12967559.612639003
612,2022-08-06 00:00:00.000 UTC,0.6679068945139002,9303988.213789
613,2022-08-07 00:00:00.000 UTC,0.6601729510018051,5715450.398317
614,2022-08-08 00:00:00.000 UTC,0.6402193586800583,82299796.271273
615,2022-08-09 00:00:00.000 UTC,0.5938518482246923,77981858.65637802
616,2022-08-10 00:00:00.000 UTC,0.5994155905146493,78232241.089628
617,2022-08-11 00:00:00.000 UTC,0.5498591078313265,166974935.04787004
618,2022-08-12 00:00:00.000 UTC,0.4774909992360433,49535534.83236801
619,2022-08-13 00:00:00.000 UTC,0.46506571581430833,62137125.62358399
620,2022-08-14 00:00:00.000 UTC,0.479802179872977,77310392.483478
621,2022-08-15 00:00:00.000 UTC,0.5083745424429222,63362934.389607
622,2022-08-16 00:00:00.000 UTC,0.5009639617549179,165990405.548063
623,2022-08-17 00:00:00.000 UTC,0.4740202792745029,56130578.988953
624,2022-08-18 00:00:00.000 UTC,0.4701247829546721,8755886.974340003
625,2022-08-19 00:00:00.000 UTC,0.42296721308351326,67888675.06552002
626,2022-08-20 00:00:00.000 UTC,0.3910882747694973,71281516.97923297
627,2022-08-21 00:00:00.000 UTC,0.3781108841924135,23002765.104585
628,2022-08-22 00:00:00.000 UTC,0.42543335933047716,32586432.58293
629,2022-08-23 00:00:00.000 UTC,0.4102365367760147,55426255.83967599
630,2022-08-24 00:00:00.000 UTC,0.40405740566083254,17149491.12536
631,2022-08-25 00:00:00.000 UTC,0.43060465090560707,24969426.083527997
632,2022-08-26 00:00:00.000 UTC,0.45124006724542537,53675647.568661004
633,2022-08-27 00:00:00.000 UTC,0.45922599286734966,8800121.353776999
634,2022-08-28 00:00:00.000 UTC,0.4310196022402652,176048984.56726
635,2022-08-29 00:00:00.000 UTC,0.37724457617976614,19113065.168452002
636,2022-08-30 00:00:00.000 UTC,0.3649580951596226,71727233.434676
637,2022-08-31 00:00:00.000 UTC,0.35016835814138564,106471839.04725
638,2022-09-01 00:00:00.000 UTC,0.334719994049912,24100517.542532
639,2022-09-02 00:00:00.000 UTC,0.3344753922276914,42071117.644132
640,2022-09-03 00:00:00.000 UTC,0.34371713884693755,24789572.059415005
641,2022-09-04 00:00:00.000 UTC,0.3235099345041468,74635092.61815603
642,2022-09-05 00:00:00.000 UTC,0.31283976492845184,63309400.44263401
643,2022-09-06 00:00:00.000 UTC,0.26412567875868853,148670200.09682804
644,2022-09-07 00:00:00.000 UTC,0.24796223611257157,84971928.068751
645,2022-09-08 00:00:00.000 UTC,0.24480084115197423,30783445.187247995
646,2022-09-09 00:00:00.000 UTC,0.25090935938767833,30087858.275828004
647,2022-09-10 00:00:00.000 UTC,0.2485546955361101,99665245.909085
648,2022-09-11 00:00:00.000 UTC,0.2479366101244151,29598575.162179004
649,2022-09-12 00:00:00.000 UTC,0.2354748580542787,68142805.06422299
650,2022-09-13 00:00:00.000 UTC,0.22192049494090002,209195104.28473103
651,2022-09-14 00:00:00.000 UTC,0.19538865058318086,171388959.27340996
652,2022-09-15 00:00:00.000 UTC,0.2538756441792385,35719623.772363
653,2022-09-16 00:00:00.000 UTC,0.34304144795825614,24728238.502576
654,2022-09-17 00:00:00.000 UTC,0.38710371937906257,6189923.647000999
655,2022-09-18 00:00:00.000 UTC,0.39025487600850284,2117355.7278150003
656,2022-09-19 00:00:00.000 UTC,0.4028055261135442,46216089.58217001
657,2022-09-20 00:00:00.000 UTC,0.4177506180287608,10799051.563292
658,2022-09-21 00:00:00.000 UTC,0.42398211965143934,36265080.657627985
659,2022-09-22 00:00:00.000 UTC,0.4099308902331174,40476062.70393899
660,2022-09-23 00:00:00.000 UTC,0.39135672284952816,70488074.58395898
661,2022-09-24 00:00:00.000 UTC,0.38594245391113435,34607515.467011005
662,2022-09-25 00:00:00.000 UTC,0.3897225796234406,5624414.9241080005
663,2022-09-26 00:00:00.000 UTC,0.432014242227721,38202945.835709006
664,2022-09-27 00:00:00.000 UTC,0.479045990924135,7206621.703808
665,2022-09-28 00:00:00.000 UTC,0.4944692607530569,20195952.443135004
666,2022-09-29 00:00:00.000 UTC,0.49974706495102994,13451528.300837
667,2022-09-30 00:00:00.000 UTC,0.5296490488217637,24627318.389553
668,2022-10-01 00:00:00.000 UTC,0.5354559078816287,83653198.617274
669,2022-10-02 00:00:00.000 UTC,0.5301410111402746,20626790.848833993
670,2022-10-03 00:00:00.000 UTC,0.5434143303138143,83335598.445988
671,2022-10-04 00:00:00.000 UTC,0.5882022794152982,32951785.168600995
672,2022-10-05 00:00:00.000 UTC,0.5956637233065579,40347695.436558
673,2022-10-06 00:00:00.000 UTC,0.583970172675933,66729963.87452599
674,2022-10-07 00:00:00.000 UTC,0.5834946434951006,32462025.212297
675,2022-10-08 00:00:00.000 UTC,0.5864527698898714,23001604.746061
676,2022-10-09 00:00:00.000 UTC,0.5891117720903362,11363825.641159
677,2022-10-10 00:00:00.000 UTC,0.591101471223123,14333745.331075002
678,2022-10-11 00:00:00.000 UTC,0.6046365674800455,22559083.659278005
679,2022-10-12 00:00:00.000 UTC,0.614056281743181,13773039.464812998
680,2022-10-13 00:00:00.000 UTC,0.6329669306176741,16535228.105021002
681,2022-10-14 00:00:00.000 UTC,0.8355716722664729,42009235.522718996
682,2022-10-15 00:00:00.000 UTC,0.8391661213640466,31057165.810207
683,2022-10-16 00:00:00.000 UTC,0.8483669937823588,10839695.109952
684,2022-10-17 00:00:00.000 UTC,0.8922696417384903,73602815.960087
685,2022-10-18 00:00:00.000 UTC,0.9733518772298129,28003702.283531994
686,2022-10-19 00:00:00.000 UTC,0.9871412034805467,8109237.638018999
687,2022-10-20 00:00:00.000 UTC,0.9901849884786637,13705680.547353
688,2022-10-21 00:00:00.000 UTC,0.9593266145693197,74465905.49731001
689,2022-10-22 00:00:00.000 UTC,0.9629119674785099,15230995.15978
690,2022-10-23 00:00:00.000 UTC,0.972477514358941,23505281.663491003
691,2022-10-24 00:00:00.000 UTC,0.959385408852468,36732051.441300005
692,2022-10-25 00:00:00.000 UTC,0.8901383391826132,74134698.541185
693,2022-10-26 00:00:00.000 UTC,0.8652406835004869,61124866.24597
694,2022-10-27 00:00:00.000 UTC,0.9026749996123155,32704950.655902997
695,2022-10-28 00:00:00.000 UTC,0.9132227424096161,42330481.442419
696,2022-10-29 00:00:00.000 UTC,0.9564888446025939,31938457.503465004
697,2022-10-30 00:00:00.000 UTC,0.9418683347873016,33950515.205127
698,2022-10-31 00:00:00.000 UTC,0.9381870111603123,45155392.705405
699,2022-11-01 00:00:00.000 UTC,0.9633792253719162,22510424.112983
700,2022-11-02 00:00:00.000 UTC,1.0038428375381985,57135468.63514499
701,2022-11-03 00:00:00.000 UTC,1.0131575357228084,20197045.199975
702,2022-11-04 00:00:00.000 UTC,0.9545594756742318,68133056.743343
703,2022-11-05 00:00:00.000 UTC,0.9385367542346726,39844907.582802
704,2022-11-06 00:00:00.000 UTC,0.9266574676031133,14184400.64759
705,2022-11-07 00:00:00.000 UTC,0.9350243098696135,73208561.81661402
706,2022-11-08 00:00:00.000 UTC,1.062081657577085,96405874.02510199
707,2022-11-09 00:00:00.000 UTC,1.1609048738235213,278859788.223141
708,2022-11-10 00:00:00.000 UTC,1.651309230390889,506718824.13919365
709,2022-11-11 00:00:00.000 UTC,1.9227534299497786,170623004.635495
710,2022-11-12 00:00:00.000 UTC,1.6935530624314108,142749055.95991594
711,2022-11-13 00:00:00.000 UTC,1.5058907444715408,98627282.54181997
712,2022-11-14 00:00:00.000 UTC,1.011367673625024,76871328.74967101
713,2022-11-15 00:00:00.000 UTC,0.8113712896974024,33617592.103638
714,2022-11-16 00:00:00.000 UTC,0.7858623828758312,122271747.83761105
715,2022-11-17 00:00:00.000 UTC,0.7821158051231544,56664154.906859
716,2022-11-18 00:00:00.000 UTC,0.8283531937302905,41589745.553399
717,2022-11-19 00:00:00.000 UTC,0.8833755164821285,119770774.65038699
718,2022-11-20 00:00:00.000 UTC,0.8583790050841666,90677536.170377
719,2022-11-21 00:00:00.000 UTC,1.0299722293643923,94193535.77116503
720,2022-11-22 00:00:00.000 UTC,0.9797298232693689,222846959.40067008
721,2022-11-23 00:00:00.000 UTC,0.8932564790540605,85937148.41091101
722,2022-11-24 00:00:00.000 UTC,1.004321046284417,62500063.26083301
723,2022-11-25 00:00:00.000 UTC,1.0372835684227875,89785428.95691206
724,2022-11-26 00:00:00.000 UTC,1.038222105915559,23589627.472048998
725,2022-11-27 00:00:00.000 UTC,1.0458275245868844,54478776.34417802
726,2022-11-28 00:00:00.000 UTC,1.0678768449579168,32792871.057862006
727,2022-11-29 00:00:00.000 UTC,1.071731569469611,75876630.60576001
728,2022-11-30 00:00:00.000 UTC,1.042467766576718,47403616.849511996
729,2022-12-01 00:00:00.000 UTC,1.163397195230093,47709803.951063
730,2022-12-02 00:00:00.000 UTC,1.1988781776109847,20951052.375919998
731,2022-12-03 00:00:00.000 UTC,1.1354491709687333,40685932.67184201
732,2022-12-04 00:00:00.000 UTC,1.1555572034693238,14678607.63550699
733,2022-12-05 00:00:00.000 UTC,1.1471648539471029,30660615.81308301
734,2022-12-06 00:00:00.000 UTC,1.2057228354910952,25879202.185370006
735,2022-12-07 00:00:00.000 UTC,1.2314803381569122,31754615.771713987
736,2022-12-08 00:00:00.000 UTC,1.2066565788339088,27486209.440659
737,2022-12-09 00:00:00.000 UTC,1.2096868836088865,28325983.999685995
738,2022-12-10 00:00:00.000 UTC,1.2085303108436618,8099017.886582
739,2022-12-11 00:00:00.000 UTC,1.2202024999327494,21037714.168954004
740,2022-12-12 00:00:00.000 UTC,1.2405181870491564,34769548.211745985
741,2022-12-13 00:00:00.000 UTC,1.1799736918642683,86733898.15553498
742,2022-12-14 00:00:00.000 UTC,1.1691330742416055,57742083.798178
743,2022-12-15 00:00:00.000 UTC,1.147810315446064,24821141.24219
744,2022-12-16 00:00:00.000 UTC,1.1601516105644634,45044515.272552006
745,2022-12-17 00:00:00.000 UTC,1.1481538729808756,47763984.03434801
746,2022-12-18 00:00:00.000 UTC,1.1597743516627501,13822413.821113998
747,2022-12-19 00:00:00.000 UTC,1.1578970014442322,31186628.12012199
748,2022-12-20 00:00:00.000 UTC,1.137998300388881,9395889.449554002
749,2022-12-21 00:00:00.000 UTC,1.1337231880909684,22717460.195398003
750,2022-12-22 00:00:00.000 UTC,1.1603914015895656,8943693.665788
751,2022-12-23 00:00:00.000 UTC,1.1878715645180173,15226867.357162002
752,2022-12-24 00:00:00.000 UTC,1.1971244730745005,12511331.088329
753,2022-12-25 00:00:00.000 UTC,1.1778985653750422,13066593.563424002
754,2022-12-26 00:00:00.000 UTC,1.167907462626731,2796088.555158
755,2022-12-27 00:00:00.000 UTC,1.1864824641858782,34552182.34398499
756,2022-12-28 00:00:00.000 UTC,1.2004986492193424,24177014.701630004
757,2022-12-29 00:00:00.000 UTC,1.2204257999949542,25490042.390376
758,2022-12-30 00:00:00.000 UTC,1.189626138140284,18346917.397195
759,2022-12-31 00:00:00.000 UTC,1.193473492278722,10498068.339484
760,2023-01-01 00:00:00.000 UTC,1.196792234916603,18119347.164944
761,2023-01-02 00:00:00.000 UTC,1.1867456915493897,4191629.3896850008
762,2023-01-03 00:00:00.000 UTC,1.1895936892132641,6322736.717261001
763,2023-01-04 00:00:00.000 UTC,1.198941721103964,18179893.668333
764,2023-01-05 00:00:00.000 UTC,1.1930810199771027,12705638.941418998
765,2023-01-06 00:00:00.000 UTC,1.1833439459747963,9608059.477202
766,2023-01-07 00:00:00.000 UTC,1.179445982070715,13009137.794771997
767,2023-01-08 00:00:00.000 UTC,1.1818865008473285,26264956.434178002
768,2023-01-09 00:00:00.000 UTC,1.1614478165692503,23532321.259452008
769,2023-01-10 00:00:00.000 UTC,1.1321908376422833,4205300.968295
770,2023-01-11 00:00:00.000 UTC,1.140564534118352,22142818.007000003
771,2023-01-12 00:00:00.000 UTC,1.1455599735860933,23551676.627874997
772,2023-01-13 00:00:00.000 UTC,1.1624929408707017,41284389.78877999
773,2023-01-14 00:00:00.000 UTC,1.2278536863437792,37554882.16819599
774,2023-01-15 00:00:00.000 UTC,1.3386900543162035,4496826.869294999
775,2023-01-16 00:00:00.000 UTC,1.4250436658249739,16254360.409260001
776,2023-01-17 00:00:00.000 UTC,1.4666722428849028,10323206.953904998
777,2023-01-18 00:00:00.000 UTC,1.4666835348911509,87306513.883425
778,2023-01-19 00:00:00.000 UTC,1.5665389435445087,14518860.193313003
779,2023-01-20 00:00:00.000 UTC,1.5749244717210023,11745076.710089004
780,2023-01-21 00:00:00.000 UTC,1.6697067265637884,24573669.734540004
781,2023-01-22 00:00:00.000 UTC,1.8290028292416987,21313945.648238003
782,2023-01-23 00:00:00.000 UTC,1.87154810716448,27909973.747957
783,2023-01-24 00:00:00.000 UTC,1.8714602609986974,45916970.55859999
784,2023-01-25 00:00:00.000 UTC,1.8282315707893788,56880758.49249101
785,2023-01-26 00:00:00.000 UTC,1.6913853018727176,23132219.440833002
786,2023-01-27 00:00:00.000 UTC,1.6890608434345393,2859355.3459550003
787,2023-01-28 00:00:00.000 UTC,1.720995372558738,2198183.1652450003
788,2023-01-29 00:00:00.000 UTC,1.755809407442011,27357996.014286
789,2023-01-30 00:00:00.000 UTC,1.8658326014895965,36537797.906824
790,2023-01-31 00:00:00.000 UTC,1.886356981346512,33985416.821238
791,2023-02-01 00:00:00.000 UTC,1.7554666538524548,19472630.439746
792,2023-02-02 00:00:00.000 UTC,1.844442844561269,87830805.170304
793,2023-02-03 00:00:00.000 UTC,1.972341684862578,15935166.597823996
794,2023-02-04 00:00:00.000 UTC,2.1021103706691937,12947008.008947996
795,2023-02-05 00:00:00.000 UTC,2.1209769169005064,20007860.552921
796,2023-02-06 00:00:00.000 UTC,2.0403335443883424,23057922.591604996
797,2023-02-07 00:00:00.000 UTC,2.0176963459194766,57713880.007929005
798,2023-02-08 00:00:00.000 UTC,1.9897040785655726,43888143.631937996
799,2023-02-09 00:00:00.000 UTC,1.8874974849619675,50890973.727771
800,2023-02-10 00:00:00.000 UTC,1.952164239932327,21758379.365155
801,2023-02-11 00:00:00.000 UTC,1.9931046055065496,8593833.062704999
802,2023-02-12 00:00:00.000 UTC,1.8794912180140169,9767696.183773998
803,2023-02-13 00:00:00.000 UTC,2.1178718635351754,121507201.758268
804,2023-02-14 00:00:00.000 UTC,2.226995704665638,12809763.646908995
805,2023-02-15 00:00:00.000 UTC,2.264354554722248,91444624.126714
806,2023-02-16 00:00:00.000 UTC,2.061822593829974,69644448.449547
807,2023-02-17 00:00:00.000 UTC,1.9313353614046633,21706000.232418
808,2023-02-18 00:00:00.000 UTC,1.7543818807575697,77761869.204691
809,2023-02-19 00:00:00.000 UTC,1.7885901270846367,6895024.993668
810,2023-02-20 00:00:00.000 UTC,1.799407751064125,13579429.274218
811,2023-02-21 00:00:00.000 UTC,1.892411500601095,10690392.352366997
812,2023-02-22 00:00:00.000 UTC,1.9638190996805893,12358728.439362997
813,2023-02-23 00:00:00.000 UTC,2.060228995854609,13395878.057327
814,2023-02-24 00:00:00.000 UTC,2.0738987557921673,42670608.47910699
815,2023-02-25 00:00:00.000 UTC,1.987652428300655,17315762.353214
816,2023-02-26 00:00:00.000 UTC,1.9580468982256831,10964088.236183
817,2023-02-27 00:00:00.000 UTC,2.0013647591731747,18205008.201704
818,2023-02-28 00:00:00.000 UTC,1.8199736039899068,61941282.968298
819,2023-03-01 00:00:00.000 UTC,2.097806123214345,24227359.964447003
820,2023-03-02 00:00:00.000 UTC,2.007895514592221,23098599.355207
821,2023-03-03 00:00:00.000 UTC,2.1330677445398867,16763698.359404996
822,2023-03-04 00:00:00.000 UTC,1.9914489872270582,113343153.189739
823,2023-03-05 00:00:00.000 UTC,1.5505568958090379,24373411.097801007
824,2023-03-06 00:00:00.000 UTC,1.5863369732991568,18238498.138815
825,2023-03-07 00:00:00.000 UTC,1.7088553189376383,21312039.117058
826,2023-03-08 00:00:00.000 UTC,1.5577952590367328,63907672.42049899
827,2023-03-09 00:00:00.000 UTC,1.2308699552382656,113817800.27344203
828,2023-03-10 00:00:00.000 UTC,1.5518281344382323,75851006.001518
829,2023-03-11 00:00:00.000 UTC,1.7059653632413811,627887737.674457
830,2023-03-12 00:00:00.000 UTC,1.2696625118047842,238312360.6279859
831,2023-03-13 00:00:00.000 UTC,1.4362797361334552,175453877.210266
832,2023-03-14 00:00:00.000 UTC,1.7054379879480268,219934514.78140903
833,2023-03-15 00:00:00.000 UTC,1.4467418999087418,190326095.860228
834,2023-03-16 00:00:00.000 UTC,1.571578033291657,25370175.455272004
835,2023-03-17 00:00:00.000 UTC,1.5901621714340235,120566182.79509896
836,2023-03-18 00:00:00.000 UTC,1.3796501671639183,106205356.299392
837,2023-03-19 00:00:00.000 UTC,1.3063394935926775,24552917.758014
838,2023-03-20 00:00:00.000 UTC,1.1586515508942752,49525922.97410901
839,2023-03-21 00:00:00.000 UTC,1.2580076097183022,29664518.993433993
840,2023-03-22 00:00:00.000 UTC,1.2582298386438888,46979177.876834005
841,2023-03-23 00:00:00.000 UTC,1.1995163161133102,47997964.394036
842,2023-03-24 00:00:00.000 UTC,1.535943420748306,32691854.883108005
843,2023-03-25 00:00:00.000 UTC,1.7251259545034077,5819801.480449999
844,2023-03-26 00:00:00.000 UTC,1.4364764714600782,38012023.65173901
845,2023-03-27 00:00:00.000 UTC,1.6508773088112065,34689143.415558994
846,2023-03-28 00:00:00.000 UTC,1.589385251125354,28764511.041417003
847,2023-03-29 00:00:00.000 UTC,1.7611300285195255,39629929.799799
848,2023-03-30 00:00:00.000 UTC,1.9482696502422154,26770234.920928
849,2023-03-31 00:00:00.000 UTC,1.8875147734043607,32550359.812186
850,2023-04-01 00:00:00.000 UTC,1.977836247200379,8265495.690630999
851,2023-04-02 00:00:00.000 UTC,2.0625005262764127,3733884.7379030003
852,2023-04-03 00:00:00.000 UTC,2.0772504671713388,19903396.668672
853,2023-04-04 00:00:00.000 UTC,2.0398729171573002,9848478.069678
854,2023-04-05 00:00:00.000 UTC,1.8965687861100984,43930465.778366
855,2023-04-06 00:00:00.000 UTC,1.8418155788576447,7063763.368882999
856,2023-04-07 00:00:00.000 UTC,1.949152060708253,6962011.283425
857,2023-04-08 00:00:00.000 UTC,1.969965162841683,7565283.759678
858,2023-04-09 00:00:00.000 UTC,1.9828498686835652,8198555.630197999
859,2023-04-10 00:00:00.000 UTC,1.77811334813376,63509531.013668
860,2023-04-11 00:00:00.000 UTC,1.7255762519042184,15949297.635364998
861,2023-04-12 00:00:00.000 UTC,1.8465487079715122,6653329.249303999
862,2023-04-13 00:00:00.000 UTC,2.2648034153368424,80404170.100932
863,2023-04-14 00:00:00.000 UTC,2.1759292943376387,50712930.14895699
864,2023-04-15 00:00:00.000 UTC,2.0756296762337185,39956137.177719
865,2023-04-16 00:00:00.000 UTC,1.962222564944253,13763250.162456999
866,2023-04-17 00:00:00.000 UTC,1.9354749138362368,34724443.326721996
867,2023-04-18 00:00:00.000 UTC,1.9702582666938888,6062117.967948
868,2023-04-19 00:00:00.000 UTC,2.2571238571371985,7652181.744298001
869,2023-04-20 00:00:00.000 UTC,2.512527991744297,3725989.2782030003
870,2023-04-21 00:00:00.000 UTC,2.655354738837197,19756745.736402005
871,2023-04-22 00:00:00.000 UTC,2.640097303126926,7538275.167525999
872,2023-04-23 00:00:00.000 UTC,2.702453448835144,3272887.2902150005
873,2023-04-24 00:00:00.000 UTC,2.729653843350416,10458390.495463
874,2023-04-25 00:00:00.000 UTC,2.6811999235152753,15259510.871275
875,2023-04-26 00:00:00.000 UTC,2.5812317125608657,14862822.894353
876,2023-04-27 00:00:00.000 UTC,2.585458244936624,21257102.766908996
877,2023-04-28 00:00:00.000 UTC,2.8209468904798034,1822887.5556390001
878,2023-04-29 00:00:00.000 UTC,2.956768494869958,15615244.709983006
879,2023-04-30 00:00:00.000 UTC,2.78076946120067,34542823.62454501
880,2023-05-01 00:00:00.000 UTC,2.8677706806882264,16973805.355444998
881,2023-05-02 00:00:00.000 UTC,2.952217121479885,6158745.707049001
882,2023-05-03 00:00:00.000 UTC,2.95797380466087,6118377.546846
883,2023-05-04 00:00:00.000 UTC,3.027580029431551,6678066.389912
884,2023-05-05 00:00:00.000 UTC,2.9197046614914712,98877262.929901
885,2023-05-06 00:00:00.000 UTC,2.3335007868328232,18819912.776815
886,2023-05-07 00:00:00.000 UTC,2.356738503671212,1719077.744334
887,2023-05-08 00:00:00.000 UTC,2.9407496368070034,12319716.048391001
888,2023-05-09 00:00:00.000 UTC,3.026086183905251,25965460.279170007
889,2023-05-10 00:00:00.000 UTC,2.955247053161181,11908489.928438
890,2023-05-11 00:00:00.000 UTC,3.0283153443901014,14591375.100442998
891,2023-05-12 00:00:00.000 UTC,2.8710252718063347,15619800.885257002
892,2023-05-13 00:00:00.000 UTC,2.766247225036408,5399495.921508
893,2023-05-14 00:00:00.000 UTC,2.7661578672645293,2555289.64723
894,2023-05-15 00:00:00.000 UTC,2.768615782185756,6892708.366843
895,2023-05-16 00:00:00.000 UTC,2.6627994455435515,12404069.500203
896,2023-05-17 00:00:00.000 UTC,2.6829244344438954,14374397.392848
897,2023-05-18 00:00:00.000 UTC,2.7257956665876737,1959976.800228
898,2023-05-19 00:00:00.000 UTC,2.860982558467913,16226497.29186
899,2023-05-20 00:00:00.000 UTC,2.8307956858046963,4722833.924005
900,2023-05-21 00:00:00.000 UTC,2.6482238137177596,28971124.93084
901,2023-05-22 00:00:00.000 UTC,2.583501976598809,17152409.838492
902,2023-05-23 00:00:00.000 UTC,2.598720626772722,13675568.861224
903,2023-05-24 00:00:00.000 UTC,2.5700189864576704,14866876.673204001
904,2023-05-25 00:00:00.000 UTC,2.5950492315547904,8302415.617652
905,2023-05-26 00:00:00.000 UTC,2.687588802178529,4348740.500248999
906,2023-05-27 00:00:00.000 UTC,2.674120463878131,8483038.591464002
907,2023-05-28 00:00:00.000 UTC,2.5375460228299533,14278020.979651
908,2023-05-29 00:00:00.000 UTC,2.505699860018337,13046171.977117002
909,2023-05-30 00:00:00.000 UTC,2.524767266387697,9812804.208590997
910,2023-05-31 00:00:00.000 UTC,2.608643818979414,10466946.551417
911,2023-06-01 00:00:00.000 UTC,2.554096843078028,7886067.153468003
912,2023-06-02 00:00:00.000 UTC,2.578105466716931,9764061.379993
913,2023-06-03 00:00:00.000 UTC,2.6748183787135558,3849837.618101
914,2023-06-04 00:00:00.000 UTC,2.6264318870123446,1192072.189775
915,2023-06-05 00:00:00.000 UTC,2.6689641773529895,13575929.588082999
916,2023-06-06 00:00:00.000 UTC,2.7495778125043597,45696741.784098
917,2023-06-07 00:00:00.000 UTC,2.584261495459568,12854379.006039998
918,2023-06-08 00:00:00.000 UTC,2.6721564327317537,5682581.670434
919,2023-06-09 00:00:00.000 UTC,2.6226835541483435,12764808.427606
920,2023-06-10 00:00:00.000 UTC,2.6004484906457024,68889555.763578
921,2023-06-11 00:00:00.000 UTC,2.4479955554255195,7884520.932551999
922,2023-06-12 00:00:00.000 UTC,2.455629238743043,22966140.277025003
923,2023-06-13 00:00:00.000 UTC,2.5162507223691093,18637097.467286997
924,2023-06-14 00:00:00.000 UTC,2.6245980074489075,30876748.846150003
925,2023-06-15 00:00:00.000 UTC,5.267067660569476,87357843.97074401
926,2023-06-16 00:00:00.000 UTC,3.9982650636625197,22324850.265444998
927,2023-06-17 00:00:00.000 UTC,5.316104691136938,19556955.000458002
928,2023-06-18 00:00:00.000 UTC,3.1804077633667105,7399765.827441998
929,2023-06-19 00:00:00.000 UTC,2.9969466345527884,21331005.864229
930,2023-06-20 00:00:00.000 UTC,2.863533750573534,22685728.970162
931,2023-06-21 00:00:00.000 UTC,2.892252724695614,28726452.13038799
932,2023-06-22 00:00:00.000 UTC,2.9209599132420485,26872667.119198997
933,2023-06-23 00:00:00.000 UTC,3.1008269854088306,8028005.270627999
934,2023-06-24 00:00:00.000 UTC,3.112283760713049,4559193.779911
935,2023-06-25 00:00:00.000 UTC,3.0862876879638823,9175845.866649002
936,2023-06-26 00:00:00.000 UTC,3.027601794110263,10743379.775753
937,2023-06-27 00:00:00.000 UTC,3.0047565831339242,13605846.760081
938,2023-06-28 00:00:00.000 UTC,2.901879826167415,19292059.684058003
939,2023-06-29 00:00:00.000 UTC,2.794962514564554,23202800.052538
940,2023-06-30 00:00:00.000 UTC,2.625220329491728,13843716.147547001
941,2023-07-01 00:00:00.000 UTC,2.642458149809792,9157886.010143999
942,2023-07-02 00:00:00.000 UTC,2.668558198223108,1959817.6123350002
943,2023-07-03 00:00:00.000 UTC,2.6820027486750644,3667223.5335639995
944,2023-07-04 00:00:00.000 UTC,2.8462108435965425,35425020.906270996
945,2023-07-05 00:00:00.000 UTC,2.8491660411678774,26168355.281841
946,2023-07-06 00:00:00.000 UTC,2.8088410508074433,14093062.542112999
947,2023-07-07 00:00:00.000 UTC,2.7943500277787114,1713526.417829
948,2023-07-08 00:00:00.000 UTC,2.8136350692584062,462954.55482900003
949,2023-07-09 00:00:00.000 UTC,2.8114909714207665,414836.903623
950,2023-07-10 00:00:00.000 UTC,2.691919624240586,3020441.2444
951,2023-07-11 00:00:00.000 UTC,2.650105136341934,6662757.455923
952,2023-07-12 00:00:00.000 UTC,2.5936715119985636,15360680.487056
953,2023-07-13 00:00:00.000 UTC,2.6746177912252094,6373532.815243
954,2023-07-14 00:00:00.000 UTC,3.384852264313624,5085570.786893001
955,2023-07-15 00:00:00.000 UTC,3.0635563327645747,1932618.6323499999
956,2023-07-16 00:00:00.000 UTC,2.954494540906715,2638729.351041
957,2023-07-17 00:00:00.000 UTC,3.0030704361297715,24948371.83378
958,2023-07-18 00:00:00.000 UTC,3.416014409033862,2501802.1941000004
959,2023-07-19 00:00:00.000 UTC,3.1390662482586515,2019609.522736
960,2023-07-20 00:00:00.000 UTC,3.1436043392697433,14002017.324093
961,2023-07-21 00:00:00.000 UTC,2.963469901316114,13102557.164979
962,2023-07-22 00:00:00.000 UTC,2.88342864660754,1911302.2025429998
963,2023-07-23 00:00:00.000 UTC,2.7390736284435127,18555056.283159994
964,2023-07-24 00:00:00.000 UTC,2.7021740207815355,11268798.289722
965,2023-07-25 00:00:00.000 UTC,2.64440518913624,9894144.708942
966,2023-07-26 00:00:00.000 UTC,2.631914491473256,1515545.646876
967,2023-07-27 00:00:00.000 UTC,2.5850302428923317,9757232.426416
968,2023-07-28 00:00:00.000 UTC,2.624979973638314,9180713.541839998
969,2023-07-29 00:00:00.000 UTC,2.6687798196777845,1139477.475023
970,2023-07-30 00:00:00.000 UTC,6.527218533149369,6956889.429687999
971,2023-07-31 00:00:00.000 UTC,25.752141293455665,94064276.56494501
972,2023-08-01 00:00:00.000 UTC,17.44169624776163,122070495.532709
973,2023-08-02 00:00:00.000 UTC,11.593350831030941,31324298.369512
974,2023-08-03 00:00:00.000 UTC,10.989887852222907,23372313.546042003
975,2023-08-04 00:00:00.000 UTC,7.711510406096729,11314784.982485
976,2023-08-05 00:00:00.000 UTC,6.844300763064434,15063487.542121999
977,2023-08-06 00:00:00.000 UTC,8.347769033104791,24899476.976126995
978,2023-08-07 00:00:00.000 UTC,6.480922585859862,63100162.900581
979,2023-08-08 00:00:00.000 UTC,5.44239472669676,14164730.136791999
980,2023-08-09 00:00:00.000 UTC,5.5196413548953895,1973133.0712550003
981,2023-08-10 00:00:00.000 UTC,6.545405930755327,13844759.993786
982,2023-08-11 00:00:00.000 UTC,13.225424744191029,110607535.621857
983,2023-08-12 00:00:00.000 UTC,4.532690243025237,16831312.728788
984,2023-08-13 00:00:00.000 UTC,3.0048061658601597,3699812.4185919994
985,2023-08-14 00:00:00.000 UTC,5.478175625281495,6426274.833300002
986,2023-08-15 00:00:00.000 UTC,6.4974635493258885,6130264.421933
987,2023-08-16 00:00:00.000 UTC,5.050368551812228,19047457.124178
988,2023-08-17 00:00:00.000 UTC,3.17131744100052,27964283.179897003
989,2023-08-18 00:00:00.000 UTC,2.7261074377012973,74707081.96692002
990,2023-08-19 00:00:00.000 UTC,2.94777897772723,239982.718461
991,2023-08-20 00:00:00.000 UTC,2.9936084208899056,1880786.5359750004
992,2023-08-21 00:00:00.000 UTC,3.0525264689507368,10418680.020181999
993,2023-08-22 00:00:00.000 UTC,3.0747211700265913,6440461.816343
994,2023-08-23 00:00:00.000 UTC,3.080135513576082,1340589.89219
995,2023-08-24 00:00:00.000 UTC,3.02749866721395,10831083.865911
996,2023-08-25 00:00:00.000 UTC,3.014260262556711,13785552.681519996
997,2023-08-26 00:00:00.000 UTC,3.039363325809861,646196.6686249999
998,2023-08-27 00:00:00.000 UTC,3.0378086924406524,7546031.059146
999,2023-08-28 00:00:00.000 UTC,3.4601377181026827,1762474.7422030002
1000,2023-08-29 00:00:00.000 UTC,5.56944950989136,8469966.426853001
1001,2023-08-30 00:00:00.000 UTC,5.936821166075308,5545461.260334998
1002,2023-08-31 00:00:00.000 UTC,4.248261899034159,26657289.221445
1003,2023-09-01 00:00:00.000 UTC,3.5520873129450568,26326544.051378004
1004,2023-09-02 00:00:00.000 UTC,3.1608935401139537,1874903.2580119998
1005,2023-09-03 00:00:00.000 UTC,6.019829434047688,6572922.05557
1006,2023-09-04 00:00:00.000 UTC,3.333089895902764,1580017.458825
1007,2023-09-05 00:00:00.000 UTC,3.4286803731198408,15918729.254648
1008,2023-09-06 00:00:00.000 UTC,3.0486287312484373,1123951.58435
1009,2023-09-07 00:00:00.000 UTC,2.9620996514699165,5630801.231935
1010,2023-09-08 00:00:00.000 UTC,2.898706810516382,1078644.1552900001
1011,2023-09-09 00:00:00.000 UTC,2.9228749897047837,1759300.3606329998
1012,2023-09-10 00:00:00.000 UTC,2.9183808229438264,8952915.153819
1013,2023-09-11 00:00:00.000 UTC,2.819604989058157,8303380.018767001
1014,2023-09-12 00:00:00.000 UTC,2.888647484032248,5518770.838996001
1015,2023-09-13 00:00:00.000 UTC,3.2830585578200626,1606659.038227
1016,2023-09-14 00:00:00.000 UTC,3.0940376743667817,2320862.4610750005
1017,2023-09-15 00:00:00.000 UTC,3.3276510457891986,588784.875347
1018,2023-09-16 00:00:00.000 UTC,4.108242307488448,5818905.698977999
1019,2023-09-17 00:00:00.000 UTC,3.7888833377644104,2155439.2996200006
1020,2023-09-18 00:00:00.000 UTC,4.873632150135331,4778954.656966
1021,2023-09-19 00:00:00.000 UTC,3.080663809355195,17544993.895669002
1022,2023-09-20 00:00:00.000 UTC,2.8796267078152336,1342130.200801
1023,2023-09-21 00:00:00.000 UTC,2.8934370988522415,3702089.6417019996
1024,2023-09-22 00:00:00.000 UTC,2.878869696139154,622699.926552
1025,2023-09-23 00:00:00.000 UTC,2.9412907873703666,1472514.1382389998
1026,2023-09-24 00:00:00.000 UTC,4.000953892503441,313502.26171800005
1027,2023-09-25 00:00:00.000 UTC,4.685483154252544,11880470.351762
1028,2023-09-26 00:00:00.000 UTC,4.900804358975658,2437348.7122060005
1029,2023-09-27 00:00:00.000 UTC,5.402802730620598,2442250.6531499997
1030,2023-09-28 00:00:00.000 UTC,6.373080558513808,2885698.094596
1031,2023-09-29 00:00:00.000 UTC,4.230385413660764,6169689.669830998
1032,2023-09-30 00:00:00.000 UTC,6.778060686522097,7168239.293986
1033,2023-10-01 00:00:00.000 UTC,4.2621742817388935,6755557.70791
1034,2023-10-02 00:00:00.000 UTC,3.3679112424853987,13205967.485087
1035,2023-10-03 00:00:00.000 UTC,2.920132542495317,8040552.072955
1036,2023-10-04 00:00:00.000 UTC,4.653090001590525,7982354.2995649995
1037,2023-10-05 00:00:00.000 UTC,5.347210816101497,6707742.927340001
1038,2023-10-06 00:00:00.000 UTC,4.447162135756995,12049259.128312
1039,2023-10-07 00:00:00.000 UTC,5.990992397607826,1519332.2617600001
1040,2023-10-08 00:00:00.000 UTC,6.043263807735365,13204914.775193002
1041,2023-10-09 00:00:00.000 UTC,3.358125618032891,14592560.712555999
1042,2023-10-10 00:00:00.000 UTC,4.434134675843909,3346836.761866
1043,2023-10-11 00:00:00.000 UTC,4.480339564817289,16738838.114192002
1044,2023-10-12 00:00:00.000 UTC,3.7058806494809278,6416720.8150430005
1045,2023-10-13 00:00:00.000 UTC,3.553736995289237,3947653.4045510003
1046,2023-10-14 00:00:00.000 UTC,3.0090389899694903,3241218.4799520005
1047,2023-10-15 00:00:00.000 UTC,3.0572749998820417,8536703.3573
1048,2023-10-16 00:00:00.000 UTC,2.9664518498241357,25521630.332046986
1049,2023-10-17 00:00:00.000 UTC,3.449666167962862,16655264.697193999
1050,2023-10-18 00:00:00.000 UTC,3.5660514855178183,31360562.86592799
1051,2023-10-19 00:00:00.000 UTC,4.807468674488607,19653345.272193
1052,2023-10-20 00:00:00.000 UTC,4.072212693516015,12396542.515650997
1053,2023-10-21 00:00:00.000 UTC,3.408464306249364,16146954.756721003
1054,2023-10-22 00:00:00.000 UTC,2.848751851249299,8616409.156878
1055,2023-10-23 00:00:00.000 UTC,4.466214600926647,44949826.54829
1056,2023-10-24 00:00:00.000 UTC,4.643893704620026,26852927.797794003
1057,2023-10-25 00:00:00.000 UTC,7.045161139944211,19497057.528419998
1058,2023-10-26 00:00:00.000 UTC,6.243374382952609,14234493.060721999
1059,2023-10-27 00:00:00.000 UTC,5.670339593576779,12590759.325999
1060,2023-10-28 00:00:00.000 UTC,7.627768901901191,11088254.651302997
1061,2023-10-29 00:00:00.000 UTC,5.2040074004475905,8348293.801176002
1062,2023-10-30 00:00:00.000 UTC,8.599354505173421,24066351.26440299
1063,2023-10-31 00:00:00.000 UTC,3.3568059227665534,32620907.93729899
1064,2023-11-01 00:00:00.000 UTC,6.2722411611916575,28115951.79374999
1065,2023-11-02 00:00:00.000 UTC,5.454716943257893,22532489.816387996
1066,2023-11-03 00:00:00.000 UTC,6.438908387697848,14536990.441558003
1067,2023-11-04 00:00:00.000 UTC,7.930847685187364,11599266.931614
1068,2023-11-13 00:00:00.000 UTC,12.72739243317538,25146585.636865
1069,2023-11-14 00:00:00.000 UTC,11.342950674444909,18875470.938754
1070,2023-11-15 00:00:00.000 UTC,9.265254517447401,12367084.773012001
1071,2023-11-16 00:00:00.000 UTC,6.670854184485526,5230278.968209999
1072,2023-11-17 00:00:00.000 UTC,5.553379587830063,6463208.709679999
1073,2023-11-18 00:00:00.000 UTC,5.760180449411411,8566348.820571
1074,2023-11-19 00:00:00.000 UTC,5.029644624509202,10996819.438346002
1075,2023-11-20 00:00:00.000 UTC,6.891824145789703,7603888.821487
1076,2023-11-21 00:00:00.000 UTC,4.370083989429809,8651076.72222
1077,2023-11-22 00:00:00.000 UTC,5.198458716949116,18287215.586871
1078,2023-11-23 00:00:00.000 UTC,5.175390509371747,21661496.389165
1079,2023-11-24 00:00:00.000 UTC,5.03397554460925,3378597.767189
1080,2023-11-25 00:00:00.000 UTC,5.583660671219583,1570484.799782
1081,2023-11-26 00:00:00.000 UTC,5.697185969085942,3912549.099085001
1082,2023-11-27 00:00:00.000 UTC,6.5719494056347605,978702.2498689999
1083,2023-11-28 00:00:00.000 UTC,6.025363000443501,9286585.229890998
1084,2023-11-29 00:00:00.000 UTC,5.073361556602116,2267077.337019
1085,2023-11-30 00:00:00.000 UTC,5.186771728067655,3175008.502783
1086,2023-12-01 00:00:00.000 UTC,7.378041461932199,10033240.863528002
1087,2023-12-02 00:00:00.000 UTC,11.521011716673817,5101793.997530999
1088,2023-12-03 00:00:00.000 UTC,8.75165137716273,14287435.506191002
1089,2023-12-04 00:00:00.000 UTC,5.3733566151802235,7029931.357094
1090,2023-12-05 00:00:00.000 UTC,5.996893682063816,9415409.272753
1091,2023-12-06 00:00:00.000 UTC,6.1336882986190915,9890892.82719
1092,2023-12-07 00:00:00.000 UTC,6.487597085875888,967417.8178389999
1093,2023-12-08 00:00:00.000 UTC,8.121732421752096,322418.276918
1094,2023-12-09 00:00:00.000 UTC,8.363683970875904,12299306.781814002
1095,2023-12-10 00:00:00.000 UTC,6.01608617575915,690457.786508
1096,2023-12-11 00:00:00.000 UTC,10.233713516483721,5038886.165388
1097,2023-12-12 00:00:00.000 UTC,15.166476687184593,13059858.378901
1098,2023-12-13 00:00:00.000 UTC,11.093732826793978,5451942.171514999
1099,2023-12-14 00:00:00.000 UTC,8.316994470302552,4133697.058059
1100,2023-12-15 00:00:00.000 UTC,8.67477107059975,757283.540495
1101,2023-12-16 00:00:00.000 UTC,9.305007077764104,10857660.297536999
1102,2023-12-17 00:00:00.000 UTC,7.9491099573643265,7850121.869581
1103,2023-12-18 00:00:00.000 UTC,9.480028319021688,6404141.082291001
1104,2023-12-19 00:00:00.000 UTC,15.727854608463026,2115390.427107
