,circulating_Ethereum,minted_Ethereum,datetime,circulating_Polygon,minted_Polygon,circulating_Tron,minted_Tron,circulating_BSC,minted_BSC
0,32068228476.475914,39815220940.39463,2022-05-12,733076816.694707,0,34828023792.906456,39735602236.54486,4982187165.910762,0
1,31850354401.25503,39815220940.39463,2022-05-13,733062480.2795041,0,34828083869.356285,39735602236.54486,4982173099.911209,0
2,30278261369.60264,39815220940.39463,2022-05-14,722424559.20433,0,33708489490.986385,39735602236.54486,4982200169.193893,0
3,30291990128.464535,36815220940.39463,2022-05-15,721463640.2007889,0,32752538043.604633,38735602236.54486,4982189573.180496,0
4,30329731027.557503,36815220940.39463,2022-05-16,720841109.838282,0,32752438593.18871,38735602236.54486,4982185074.174184,0
5,30398448388.316902,36815220940.39463,2022-05-17,722068545.4617779,0,32752406710.014645,38735602236.54486,4982176430.842969,0
6,29572043903.735424,36815220940.39463,2022-05-18,682231882.710487,0,32177516028.214436,38735602236.54486,4982182074.381293,0
7,29662189722.24001,36815220940.39463,2022-05-19,680938338.4469509,0,32177679993.868893,38735602236.54486,4982175163.003006,0
8,29656802027.519,36815220940.39463,2022-05-20,677623976.5072321,0,32177630195.796032,38735602236.54486,4982176336.835369,0
9,29328533607.584743,36815220940.39463,2022-05-21,673336346.486069,0,31625146536.705395,38735602236.54486,4982173314.708539,0
10,29336066102.59485,36815220940.39463,2022-05-22,673559891.126705,0,31624918489.489727,38735602236.54486,4982175838.021084,0
11,29343965950.715427,36815220940.39463,2022-05-23,673756424.788404,0,31624878412.699574,38735602236.54486,4982170595.043102,0
12,29430982453.131226,36815220940.39463,2022-05-24,677591865.841171,0,31624968532.85832,38735602236.54486,4982171975.157091,0
13,29429681796.3558,36815220940.39463,2022-05-25,677892157.841171,0,31624959240.90836,38735602236.54486,4982163521.559988,0
14,29386552242.51433,36815220940.39463,2022-05-26,679487435.1895651,0,31624978566.72157,38735602236.54486,4982164622.66679,0
15,29406736610.390675,36815220940.39463,2022-05-27,662611693.812676,0,31584829226.32835,38735602236.54486,4982163124.12193,0
16,30046294550.7211,36815220940.39463,2022-05-28,660955656.0486289,0,31052661727.55232,38735602236.54486,4982164180.875637,0
17,30041109525.91559,36815220940.39463,2022-05-29,660934297.120337,0,31052714461.55232,38735602236.54486,4982164458.095746,0
18,30111853612.955498,36815220940.39463,2022-05-30,660745678.7727399,0,31052745963.506947,38735602236.54486,4982159168.062808,0
19,30100953989.99964,36815220940.39463,2022-05-31,659438944.825651,0,31052743883.252514,38735602236.54486,4982161652.099256,0
20,30116255372.142628,36815220940.39463,2022-06-01,659620743.1182522,0,31052822314.288822,38735602236.54486,4982162059.587674,0
21,30118145127.600048,36815220940.39463,2022-06-02,659630320.710487,0,31052647037.252544,38735602236.54486,4982163919.801828,0
22,30063192505.73451,36815220940.39463,2022-06-03,650046333.5675828,0,31222658713.26418,38735602236.54486,4982166130.544952,0
23,30087045603.7788,36815220940.39463,2022-06-04,651974890.2312229,0,31227812912.73141,38735602236.54486,4982166120.600206,0
24,30134666033.12567,36815220940.39463,2022-06-05,652014349.026718,0,31227790991.531483,38735602236.54486,4982168029.231924,0
25,29960149489.88671,36815220940.39463,2022-06-06,652129979.44701,0,31412872947.311413,38735602236.54486,4982152316.968067,0
26,30103554039.67215,36815220940.39463,2022-06-07,626867103.4247419,0,31374951182.298878,38735602236.54486,4982165681.470751,0
27,30165603825.681236,36815220940.39463,2022-06-08,625203146.3907511,0,31314944922.501667,38735602236.54486,4982176293.68819,0
28,30163654775.11641,36815220940.39463,2022-06-09,625220687.5390488,0,31325134022.02731,38735602236.54486,4982172116.86381,0
29,30257813054.365795,36815220940.39463,2022-06-10,624973714.531994,0,31307215653.582188,38735602236.54486,4982177158.718909,0
30,30260551250.944912,36815220940.39463,2022-06-11,622901345.978115,0,31304521753.499516,38735602236.54486,4982179429.867535,0
31,30255765237.45831,36815220940.39463,2022-06-12,622873301.258559,0,31304824090.089725,38735602236.54486,4982158565.120712,0
32,30218028277.43429,36815220940.39463,2022-06-13,621638915.0575919,0,31143934289.80634,38735602236.54486,4982157566.504243,0
33,30027399900.272556,36815220940.39463,2022-06-14,641723473.637136,0,30830677359.30897,38735602236.54486,4981154073.696701,0
34,29717939850.877968,36815220940.39463,2022-06-15,635007403.795912,0,30410731521.798477,38735602236.54486,4981172868.270522,0
35,29511997780.30031,36815220940.39463,2022-06-16,633494870.641559,0,29868922414.22439,38735602236.54486,4981153688.973326,0
36,29265399801.297638,36815220940.39463,2022-06-17,648556993.627965,0,29288683201.825603,38735602236.54486,4981154940.4763565,0
37,28768596500.72875,36815220940.39463,2022-06-18,645627095.8177519,0,28809269752.805717,38735602236.54486,4981156969.425652,0
38,28750742031.54193,36815220940.39463,2022-06-19,645793138.6201099,0,28783058445.83256,38735602236.54486,4981157132.136287,0
39,28667735419.476215,36815220940.39463,2022-06-20,646484340.2689939,0,28624191524.48388,38735602236.54486,4981152019.839573,0
40,28746594083.493023,32315220940.39463,2022-06-21,646672701.1494449,0,28197723423.823277,32135602236.54486,4981148691.457247,0
41,28591687404.90264,32315220940.39463,2022-06-22,647920297.102611,0,27838694293.441116,32135602236.54486,4981149285.635763,0
42,28395228164.03156,32315220940.39463,2022-06-23,647947647.956239,0,27917490639.63507,32135602236.54486,4981149294.356065,0
43,28500486747.68286,32315220940.39463,2022-06-24,647794664.927279,0,27917688352.86866,32135602236.54486,4981149299.359585,0
44,28492775917.60432,32315220940.39463,2022-06-25,647486339.916931,0,27868375956.830177,32135602236.54486,4981149456.968502,0
45,28443458388.324326,32315220940.39463,2022-06-26,647416766.071403,0,27918412004.690693,32135602236.54486,4981150456.9128475,0
46,28434642753.32445,32315220940.39463,2022-06-27,647340720.9105389,0,27918111006.490692,32135602236.54486,4981148682.333709,0
47,28403554515.458027,32315220940.39463,2022-06-28,647385133.709212,0,27917957047.33867,32135602236.54486,4981151807.918379,0
48,28403257357.15503,32315220940.39463,2022-06-29,648824443.697515,0,27917450940.60779,32135602236.54486,4981152922.533384,0
49,28241324930.86167,32315220940.39463,2022-06-30,648738582.1597539,0,27664612471.098083,32135602236.54486,4981150320.812489,0
50,28212167907.054855,32314371239.606247,2022-07-01,648532643.1553891,0,27529025588.787228,32133194630.280807,4981147877.120344,0
51,28212485588.055466,32314371239.606247,2022-07-02,648078130.978625,0,27529203114.42205,32133194630.280807,4981145109.191071,0
52,28211765917.910404,32314371239.606247,2022-07-03,646215036.643551,0,27529072932.75061,32133194630.280807,4981145110.19107,0
53,28152949675.791084,32314371239.606247,2022-07-04,646177868.8980501,0,27445438277.946796,32133194630.280807,4981145152.189072,0
54,28181454173.373432,32314371239.606247,2022-07-05,646082546.063062,0,27380435113.882477,32133194630.280807,4981145778.424248,0
55,28181662253.53226,32314371239.606247,2022-07-06,643877375.4894649,0,27331106422.735176,32133194630.280807,4981146037.250689,0
56,28195041257.28653,32314371239.606247,2022-07-07,648575811.1276729,0,27331066426.899826,32133194630.280807,4981145039.350386,0
57,28202302323.336407,32314371239.606247,2022-07-08,647955076.083743,0,27331265026.799973,32133194630.280807,4981145352.1359005,0
58,28197875112.843616,32314371239.606247,2022-07-09,647769853.667025,0,27330740715.842983,32133194630.280807,4981147304.193241,0
59,28202103388.844913,32314371239.606247,2022-07-10,648065748.0363691,0,27330680501.37115,32133194630.280807,4981145819.903164,0
60,28202588841.10098,32313908246.384777,2022-07-11,648221440.751543,0,27330690968.568943,32130268679.280807,4981144469.16224,0
61,28202066610.64349,32313908246.384777,2022-07-12,648205156.821231,0,27330711121.417427,32130268679.280807,4981144692.587094,0
62,28168362299.412193,32313908246.384777,2022-07-13,648143469.62685,0,27330711121.417427,32130268679.280807,4981144692.587094,0
63,28156891527.848312,32313908246.384777,2022-07-14,648191495.637773,0,27330711121.417427,32130268679.280807,4981145232.501495,0
64,28154809333.73076,32313908246.384777,2022-07-15,648010756.9970139,0,27276100464.939167,32130268679.280807,4981144828.375629,0
65,28162107084.034058,32313908246.384777,2022-07-16,647582336.883776,0,27276067388.68465,32130268679.280807,4981146328.37563,0
66,28164860359.11406,32313908246.384777,2022-07-17,647524650.5175029,0,27276067388.68465,32130268679.280807,4981146328.375629,0
67,28165348385.23275,32313908246.384777,2022-07-18,647355121.792735,0,27295947496.555485,32130268679.280807,4981147155.195236,0
68,28173041877.476345,32313908246.384777,2022-07-19,647714433.330751,0,27247934566.37577,32130268679.280807,4981145595.036127,0
69,28091375436.512245,32313908246.384777,2022-07-20,647852676.2437949,0,27337935840.938896,32130268679.280807,4981145979.27357,0
70,28282434088.790096,32313908246.384777,2022-07-21,647883021.8715271,0,27337933839.938896,32130268679.280807,4981146211.892471,0
71,28241817190.613945,32313908246.384777,2022-07-22,648205670.79432,0,27414029927.312576,32130268679.280807,4981146111.892471,0
72,28234424668.897522,32313908246.384777,2022-07-23,644480256.835233,0,27414025878.1879,32130268679.280807,4981143493.44368,0
73,28234638222.403667,32313908246.384777,2022-07-24,645601535.9604739,0,27414004524.15739,32130268679.280807,4981143548.892316,0
74,28182153030.908016,32313908246.384777,2022-07-25,645646125.008594,0,27469050539.583366,32130268679.280807,4981143145.893133,0
75,28173760160.35142,32313908246.384777,2022-07-26,645673769.2688551,0,27498975523.042263,32130268679.280807,4981143149.392133,0
76,28067138759.89373,32313908246.384777,2022-07-27,645755702.420987,0,27600889876.081764,32130268679.280807,4981143149.392133,0
77,28048667729.017635,32313908246.384777,2022-07-28,645211987.2566551,0,27631890032.697014,32130268679.280807,4981137375.394125,0
78,28052841445.275154,32313908246.384777,2022-07-29,645093025.700184,0,27719550757.136833,32130268679.280807,4981137375.394125,0
79,28052522355.87784,32313908246.384777,2022-07-30,645661002.3934699,0,27863633539.731903,32130268679.280807,4981137516.837005,0
80,28094830890.054684,32313908246.384777,2022-07-31,645744300.4935,0,27964628585.451904,32130268679.280807,4981137616.837005,0
81,28095266508.955444,32313908246.384777,2022-08-01,645889148.948267,0,27964504323.70832,32130268679.280807,4981137659.97929,0
82,27986056964.0301,32313908246.384777,2022-08-02,648908328.0152769,0,28189596543.01967,32130268679.280807,4981137643.535557,0
83,27991142041.03927,32313908246.384777,2022-08-03,648980795.1894251,0,28294581515.30802,32130268679.280807,4981138225.844801,0
84,27993567218.596004,32313908246.384777,2022-08-04,646783549.5145429,0,28273389336.859,33130268679.280807,4981140113.902576,0
85,27982183240.00346,32313908246.384777,2022-08-05,647063981.460541,0,28273389336.859,33130268679.280807,4981138971.6663265,0
86,27966651443.22954,32313908246.384777,2022-08-06,647250951.318347,0,28273628806.498688,33130268679.280807,4981138971.6663265,0
87,27955438870.37318,32313908246.384777,2022-08-07,647501754.5649441,0,28273630050.009903,33130268679.280807,4981138971.6663265,0
88,27952536516.370434,32313908246.384777,2022-08-08,647609533.75897,0,28273643680.638134,33130268679.280807,4981137843.726278,0
89,27983127130.567806,32313908246.384777,2022-08-09,647531449.504964,0,28243754807.350178,33130268679.280807,4981137843.726278,0
90,28079363728.12174,32313908246.384777,2022-08-10,647607276.9848301,0,28255192052.860176,33130268679.280807,4981137914.726278,0
91,28218867032.021362,32313908246.384777,2022-08-11,647647278.1825901,0,28374168494.813663,33130268679.280807,4981133437.218527,0
92,28279841756.062435,32313908246.384777,2022-08-12,647326734.210769,0,28455168494.813663,33130268679.280807,4981134395.272959,0
93,28269099908.11054,32313908246.384777,2022-08-13,647532944.3873681,0,28603141931.131138,33130268679.280807,4981135665.13593,0
94,28257151367.578777,32313908246.384777,2022-08-14,660166776.822495,0,28850246773.14661,33130268679.280807,4981135149.616323,0
95,28252123604.629562,32313908246.384777,2022-08-15,663731428.717089,0,28980252025.4529,33130268679.280807,4981135154.24008,0
96,28242678197.34708,32313908246.384777,2022-08-16,673338891.6460971,0,29131347929.763905,33130268679.280807,4981135154.24008,0
97,28229065982.435387,32313908246.384777,2022-08-17,677551662.9461181,0,29131239261.513054,33130268679.280807,4981135154.24008,0
98,28207856475.31252,32313908246.384777,2022-08-18,677807450.381201,0,29131188819.15084,33130268679.280807,4981135154.240081,0
99,28196268166.397858,32312708909.441536,2022-08-19,680492622.0746241,0,29131167819.15084,33130268679.280807,4981135266.23013,0
100,28078938813.981544,32312708909.441536,2022-08-20,680014386.3107971,0,29131311585.543926,33130268679.280807,4981135268.37735,0
101,28046308856.837296,32312708909.441536,2022-08-21,683704871.396945,0,29081301539.673923,33130268679.280807,4981134684.37735,0
102,28039236897.07432,32312708909.441536,2022-08-22,687703467.567115,0,29081240784.27695,33130268679.280807,4981134684.37735,0
103,28027598114.613747,32312708909.441536,2022-08-23,686861863.361957,0,29081388014.405758,33130268679.280807,4981134772.230411,0
104,28012598437.894238,32312708909.441536,2022-08-24,686979157.214021,0,29081387442.734898,33130268679.280807,4981134872.230411,0
105,28029140179.42721,32312708909.441536,2022-08-25,686363891.594116,0,29071392694.73774,33130268679.280807,4981134872.230411,0
106,28012861768.475357,32312708909.441536,2022-08-26,686223512.109498,0,29071560905.971085,33130268679.280807,4981134861.320874,0
107,28142675658.98266,32312708909.441536,2022-08-27,684032436.118028,0,29006529905.971085,33130268679.280807,4976286369.037076,0
108,28181220717.56308,32311714703.04588,2022-08-28,679499575.1340991,0,28971535011.051086,33130268679.280807,4976284709.990346,0
109,28186372104.948982,32311714703.04588,2022-08-29,677141789.9959791,0,28971458688.9244,33130268679.280807,4976271995.746878,0
110,28192033531.82479,32311714703.04588,2022-08-30,676402895.0624741,0,28971622059.58504,33130268679.280807,4976271029.189337,0
111,28189035221.213394,32311714703.04588,2022-08-31,678573323.7081391,0,28971622118.77358,33130268679.280807,4976281277.062385,0
112,28182608417.828194,32311714703.04588,2022-09-01,678709460.5505111,0,28971762117.769276,33130268679.280807,4976306542.282235,0
113,28189962816.736385,32311714703.04588,2022-09-02,673599683.608742,0,28971843647.59824,33130268679.280807,4976309493.270044,0
114,28207069459.343838,32311714703.04588,2022-09-03,673378392.50859,0,28971822370.32631,33130268679.280807,4976297175.027123,0
115,28211854834.347717,32311714703.04588,2022-09-04,673354905.145658,0,28971822370.32631,33130268679.280807,4976267778.232304,0
116,28219856278.26393,32311714703.04588,2022-09-05,669921813.055591,0,28971822181.22631,33130268679.280807,4976287382.01957,0
117,28216908053.653217,32311714703.04588,2022-09-06,669833593.302258,0,28971822181.22631,33130268679.280807,4976291533.865013,0
118,28215486497.97539,32311714703.04588,2022-09-07,668548770.4621581,0,28971889463.075356,33130268679.280807,4976295769.4210615,0
119,28167476857.05965,32311714703.04588,2022-09-08,667795155.7584671,0,29042000530.291283,33130268679.280807,4976304228.808123,0
120,28162971419.695023,32311714703.04588,2022-09-09,667828609.4594971,0,29042498762.21763,33130268679.280807,4976174113.003308,0
121,28172683803.086975,32311714703.04588,2022-09-10,667569092.0038801,0,29042502662.867054,33130268679.280807,4976273477.016109,0
122,28177143170.421764,32311714703.04588,2022-09-11,667291218.5934461,0,29148558777.02389,33130268679.280807,4976274968.51203,0
123,28174572468.9393,32311714703.04588,2022-09-12,668162224.2372162,0,29220560049.582108,33130268679.280807,4976275071.8774805,0
124,28178231331.754726,32311714703.04588,2022-09-13,668625699.6169441,0,29314690071.190804,33130268679.280807,4976274902.261485,0
125,28178835255.35301,32311714703.04588,2022-09-14,667474437.9283271,0,29379719667.073257,33130268679.280807,4976296200.400093,0
126,28179218829.99667,32311714703.04588,2022-09-15,667485271.5665821,0,29379850082.226788,33130268679.280807,4976294856.592532,0
127,28168989887.907387,32311714703.04588,2022-09-16,667492973.0471371,0,29419934522.019966,34130268679.280807,4976313148.686075,0
128,28162994377.017174,32311714703.04588,2022-09-17,667732169.511289,0,29419757964.33861,34130268679.280807,4976325386.460906,0
129,28167325289.591797,32311714703.04588,2022-09-18,667628367.102133,0,29419777497.73325,34130268679.280807,4976324958.13689,0
130,28171197619.100586,32311714703.04588,2022-09-19,667727005.5756441,0,29419777396.416737,34130268679.280807,4976345425.85788,0
131,28178128875.907005,32311714703.04588,2022-09-20,667225306.1185031,0,29451965652.67413,34130268679.280807,4976311506.312297,0
132,28159163071.12352,32311714703.04588,2022-09-21,667306008.3588821,0,29492056357.84413,34130268679.280807,4976302556.678946,0
133,28160801334.572582,32311714703.04588,2022-09-22,665348700.1604201,0,29499112450.60083,34130268679.280807,4976311563.397314,0
134,28150432972.820534,32310381785.918457,2022-09-23,664842353.531591,0,29510247319.098972,34130268679.280807,4976331346.583617,0
135,28139025531.049095,32310381785.918457,2022-09-24,664903185.097902,0,29510187319.098972,34130268679.280807,4976316700.848736,0
136,28159266708.849827,32310381785.918457,2022-09-25,642085331.560024,0,29510148282.098972,34130268679.280807,4976314948.345589,0
137,28160525989.516487,32310381785.918457,2022-09-26,649468855.405125,0,29510148282.098972,34130268679.280807,4976317373.526161,0
138,28299176752.2376,32310381785.918457,2022-09-27,651890073.0176271,0,29481651878.498974,34130268679.280807,4976285120.154672,0
139,28299019450.749477,32310381785.918457,2022-09-28,651971600.1931361,0,29481651878.498974,34130268679.280807,4976277857.846331,0
140,28235351147.724613,32310381785.918457,2022-09-29,651836169.6253961,0,29546661576.14079,34130268679.280807,4976294075.3587885,0
141,28266666917.74895,32310381785.918457,2022-09-30,651920567.972977,0,29611661576.14079,34130268679.280807,4976291742.51147,0
142,28295582168.1439,32310381785.918457,2022-10-01,656327232.393234,0,29611921386.948093,34130268679.280807,4976300468.4764,0
143,28290420865.93813,32310381785.918457,2022-10-02,656265010.0159969,0,29611951575.832672,34130268679.280807,4976301085.557353,0
144,28288470101.899723,32310381785.918457,2022-10-03,656362321.387681,0,29611951575.832672,34130268679.280807,4976303679.241578,0
145,28217885903.29926,32310381785.918457,2022-10-04,656794559.355333,0,29694327816.386795,34130268679.280807,4976290845.932051,0
146,28219032955.81842,32310381785.918457,2022-10-05,656509056.265666,0,29807327816.386795,34130268679.280807,4976290762.149101,0
147,28215868775.018753,32310381785.918457,2022-10-06,656550863.139427,0,29957327624.22832,34130268679.280807,4976297699.12347,0
148,28225991233.392567,32302175172.53184,2022-10-07,652454099.4768339,0,29967677573.499256,34129151191.353306,4976295995.577031,0
149,28225547929.6617,32302175172.53184,2022-10-08,653298529.2725849,0,30077782573.499256,34129151191.353306,4976319600.933026,0
150,28158584943.87364,32302175172.53184,2022-10-09,653304154.7211819,0,30185780117.038857,34129151191.353306,4976317541.858688,0
151,28158560199.568466,32302175172.53184,2022-10-10,653450711.9268299,0,30185813964.9844,34129151191.353306,4976324563.782228,0
152,28150581864.356873,32302175172.53184,2022-10-11,653475628.724316,0,30235823162.9844,34129151191.353306,4976325395.278073,0
153,28147840179.541348,32302175172.53184,2022-10-12,656130675.8169119,0,30235800590.9844,34129151191.353306,4976324034.048156,0
154,28146275631.53401,32302175172.53184,2022-10-13,656320486.272146,0,30235800590.9844,34129151191.353306,4976321667.8299465,0
155,28148939227.68666,32302175172.53184,2022-10-14,655938262.901599,0,30235401275.388058,34129151191.353306,4976347456.860443,0
156,28145854537.824604,32302175172.53184,2022-10-15,656081109.144621,0,30245401275.388058,34129151191.353306,4976324908.561648,0
157,28145122360.937584,32302175172.53184,2022-10-16,656159864.418256,0,30245410637.651608,34129151191.353306,4976323638.498246,0
158,28147863011.189877,32302175172.53184,2022-10-17,656341181.880844,0,30245409137.251606,34129151191.353306,4976326544.913192,0
159,28154049247.38157,32302175172.53184,2022-10-18,656376295.1949271,0,30255410651.53279,34129151191.353306,4976333407.491617,0
160,28103863715.14599,32302175172.53184,2022-10-19,656442873.3117311,0,30320557305.857986,34129151191.353306,4976343442.959016,0
161,28114429287.71506,32302175172.53184,2022-10-20,660059385.214753,0,30320557182.857975,34129151191.353306,4976341184.629691,0
162,28113114975.363125,32302175172.53184,2022-10-21,660165654.8581802,0,30320657182.857975,34129151191.353306,4976347930.801892,0
163,28112942809.2432,32297815690.525604,2022-10-22,665340859.7183222,0,30321106733.307976,34129151191.353306,4976369739.459183,0
164,28112731383.00635,32297815690.525604,2022-10-23,665332024.4593982,0,30321146625.173805,34129151191.353306,4976364609.5224495,0
165,28109114440.191807,32297815690.525604,2022-10-24,665627557.469138,0,30321178902.006657,34129151191.353306,4976370591.18948,0
166,28057275170.887657,32297815690.525604,2022-10-25,665549107.419878,0,30401386901.00645,35129151191.3533,4976372542.696984,0
167,28089896513.246094,32297815690.525604,2022-10-26,665797514.5881021,0,30441466901.005253,35129151191.3533,4976356114.4283695,0
168,28040361020.903313,32297815690.525604,2022-10-27,666015506.130529,0,30698196699.318634,35129151191.3533,4976359353.699384,0
169,28023752579.456726,32297815690.525604,2022-10-28,666334714.575368,0,30864727340.55494,35129151191.3533,4976364337.630278,0
170,28026312327.663765,32297815690.525604,2022-10-29,666691806.959717,0,30954527240.54274,35129151191.3533,4976365687.550867,0
171,28023644321.158875,32297815690.525604,2022-10-30,667059472.6314859,0,31080527240.540535,35129151191.3533,4976360490.921114,0
172,28015902865.987648,32297815690.525604,2022-10-31,666975280.471201,0,31244016414.678238,35129151191.3533,4976359357.977922,0
173,27990810178.1572,32297815690.525604,2022-11-01,668200174.952826,0,31427514124.674934,36129151191.3533,4976362594.657228,0
174,27928567469.292248,32297815690.525604,2022-11-02,668242681.740752,0,31432067354.104836,36129151191.3533,4976322300.138224,0
175,27930193341.416145,32297815690.525604,2022-11-03,668316876.6323911,0,31432067354.104836,36129151191.3533,4976316724.124437,0
176,27922485637.488316,32297815690.525604,2022-11-04,669043795.0696162,0,31432417694.301773,36129151191.3533,4976310110.692361,0
177,27914707925.949535,32297815690.525604,2022-11-05,672017568.9006771,0,31442491690.101673,36129151191.3533,4976762212.933716,0
178,27584013851.25981,32297815690.525604,2022-11-06,678117769.438749,0,31828458458.778606,36129151191.3533,4976297491.333091,0
179,27584898994.003044,32297815690.525604,2022-11-07,678149071.4872961,0,31828503290.296387,36129151191.3533,4976308183.612372,0
180,27599862760.49233,32297815690.525604,2022-11-08,679468315.5308931,0,31946235111.818573,36129151191.3533,4979349832.466393,0
181,27532078187.60811,32297815690.525604,2022-11-09,673391740.7755951,0,32370155291.63437,37129151191.3533,4979463771.59029,0
182,26825683187.05115,32297815690.525604,2022-11-10,669669033.7156231,0,31496931959.72888,37129151191.3533,4979670647.294829,0
183,26821924765.26377,32297815690.525604,2022-11-11,669472667.5254142,0,31496931959.72888,37129151191.3533,4979679843.762423,0
184,26414225948.945663,32297815690.525604,2022-11-12,670693944.842177,0,31060118155.948784,37129151191.3533,4979666186.922189,0
185,26010306442.319054,32297815690.525604,2022-11-13,675390337.102795,0,30514571715.728783,37129151191.3533,4979682127.706123,0
186,25978299698.038147,32297815690.525604,2022-11-14,674901462.946065,0,30514617108.849014,37129151191.3533,4979719085.445666,0
187,25910600239.58893,32297366521.996887,2022-11-15,680691554.743046,0,30276388615.613796,37129151191.3533,4979709284.331137,0
188,25823758683.090607,32297366521.996887,2022-11-16,680405632.171548,0,30308488614.57379,37129151191.3533,4979717102.461964,0
189,25717585636.437042,32297366521.996887,2022-11-17,680644890.619526,0,30390487339.55279,37129151191.3533,4979666910.14038,0
190,25724612683.73851,32297366521.996887,2022-11-18,680618870.5858749,0,30410678289.532692,37129151191.3533,4979792522.372582,0
191,26673554191.136692,32297366521.996887,2022-11-19,680631237.590447,0,30960926739.77249,37129151191.3533,4479748532.14356,0
192,26590230301.348385,32297366521.996887,2022-11-20,680659476.0140489,0,30986829554.470562,37129151191.3533,4479751787.349079,0
193,26532856266.3413,32297366521.996887,2022-11-21,680695316.306483,0,31041829554.470562,37129151191.3533,4479763980.719019,0
194,26433240595.67616,32297366521.996887,2022-11-22,680806557.096311,0,30776827853.470463,37129151191.3533,4479772427.888624,0
195,26379419726.302723,32297366521.996887,2022-11-23,680772740.096883,0,30836549211.158554,37129151191.3533,4479766010.80839,0
196,26119619602.30975,32297366521.996887,2022-11-24,681244053.428865,0,30949549099.958553,37129151191.3533,4479767905.959716,0
197,25857017949.453537,32297366521.996887,2022-11-25,681351848.828795,0,31215119554.006958,37129151191.3533,4479758736.633112,0
198,25743935540.27643,32297366521.996887,2022-11-26,677825038.896204,0,31335169218.9259,37129151191.3533,4479751291.038962,0
199,25695719321.220074,32297366521.996887,2022-11-27,676442610.947839,0,31400169218.9259,37129151191.3533,4479751149.431024,0
200,25582413199.96612,32297366521.996887,2022-11-28,676331449.925012,0,31510288349.136906,37129151191.3533,4479749992.689019,0
201,25483422683.93486,32297366521.996887,2022-11-29,673974545.966399,0,31660357756.168663,37129151191.3533,4479759247.907517,0
202,25321729029.3252,32297366521.996887,2022-11-30,674236328.632432,0,31750357256.168663,37129151191.3533,4479718583.954459,0
203,25316695686.39743,32297366521.996887,2022-12-01,682954278.1748838,0,31820506405.801823,37129151191.3533,4479713060.281853,0
204,25316164115.886745,32297366521.996887,2022-12-02,681772718.875923,0,31820506405.801823,37129151191.3533,4479722504.966887,0
205,25328665545.84146,32297366521.996887,2022-12-03,682246228.976613,0,31920273776.2716,37129151191.3533,4479726247.892327,0
206,25328311649.224586,32297366521.996887,2022-12-04,682330543.658817,0,31971292778.081596,37129151191.3533,4479728435.382074,0
207,25323899572.384552,32297366521.996887,2022-12-05,682364401.80737,0,31971292778.081596,37129151191.3533,4479725101.499113,0
208,25325910051.228317,32297366521.996887,2022-12-06,681977533.0257909,0,32051810773.088593,37129151191.3533,4479720855.238545,0
209,25254980366.27891,32297366521.996887,2022-12-07,682092397.2949649,0,33530310773.088596,37129151191.3533,3179722352.132912,0
210,25214768134.5979,32297366521.996887,2022-12-08,682149810.1879928,0,33570305899.491844,37129151191.3533,3179731864.7802687,0
211,25183220301.765793,32297366521.996887,2022-12-09,680994726.675181,0,33652782626.74874,37129151191.3533,3179727295.081103,0
212,25187993848.967754,32297366521.996887,2022-12-10,679711699.299509,0,33653302122.24874,37129151191.3533,3179731813.2706776,0
213,25334334356.700764,32297366521.996887,2022-12-11,679772364.8367549,0,33773304643.24884,37129151191.3533,3179725419.259183,0
214,25332012695.378593,32297366521.996887,2022-12-12,681472452.6476709,0,33773304643.24884,37129151191.3533,3179721717.150526,0
215,25250127649.461773,32297366521.996887,2022-12-13,682461839.3966429,0,33937170638.05508,37129151191.3533,3179742288.1013846,0
216,28258591848.869545,32297366521.996887,2022-12-14,678875045.03981,0,31132479637.870934,37129151191.3533,3179744903.342625,0
217,28255259691.645866,32297366521.996887,2022-12-15,682279837.4264449,0,31132213539.470833,37129151191.3533,3179742034.7043204,0
218,28185105214.638245,32297366521.996887,2022-12-16,681876035.500177,0,31270102237.581413,37129151191.3533,3179746193.513147,0
219,28123490789.088974,32297366521.996887,2022-12-17,682055693.929119,0,31342310232.888348,37129151191.3533,3179754929.1792064,0
220,28120544436.961628,32297366521.996887,2022-12-18,682080973.635687,0,31447195232.87786,37129151191.3533,3179743559.8398304,0
221,28080437739.505535,32297366521.996887,2022-12-19,682570010.1743969,0,31487195232.87386,37129151191.3533,3179742221.2493715,0
222,28057963057.634434,32297366521.996887,2022-12-20,682784762.718534,0,31580640228.16325,37129151191.3533,3179749745.3246145,0
223,28024731837.961212,32297366521.996887,2022-12-21,682996527.823808,0,31643040228.15861,37129151191.3533,3179750890.041444,0
224,28021272267.30382,32297366521.996887,2022-12-22,682809259.757323,0,31647792421.15386,37129151191.3533,3179747145.4860134,0
225,28029109052.08725,32297366521.996887,2022-12-23,682779195.7889119,0,31647792421.150806,37126099810.4933,3179750458.069288,0
226,27980784509.87943,32297366521.996887,2022-12-24,682589527.470015,0,31700742402.466454,37126099810.4933,3179739240.779918,0
227,27995409611.557556,32297366521.996887,2022-12-25,680597509.878844,0,31700742399.746227,37126099810.4933,3179743804.1610994,0
228,27992275925.033344,32297366521.996887,2022-12-26,680689659.081076,0,31700742399.746227,37126099810.4933,3179743802.293156,0
229,27992732989.562813,32297366521.996887,2022-12-27,681343231.934611,0,31703228403.746227,37126099810.4933,3179743027.3235555,0
230,27992336462.474117,32297366521.996887,2022-12-28,681232996.4668311,0,31703228903.567177,37126099810.4933,3179742695.165156,0
231,27983601145.246937,32297366521.996887,2022-12-29,681270531.8026321,0,31723255070.646,37126099810.4933,3179743052.057482,0
232,27985044852.40426,32297366521.996887,2022-12-30,686764979.0246689,0,31731775081.2602,37125522535.96058,3179737568.0534363,0
233,27984361977.52057,32297366521.996887,2022-12-31,686863268.679989,0,31731786606.873722,37125522535.96058,3179739316.6810946,0
234,27996115028.205738,32297366521.996887,2023-01-01,686861033.436455,0,31716810674.100655,37125522535.96058,3179734309.868445,0
235,27993173297.305695,32297366521.996887,2023-01-02,686915492.1755589,0,31716810674.083652,37125522535.96058,3179741343.4124246,0
236,27993365573.952896,32297366521.996887,2023-01-03,686949556.117006,0,31716810668.904602,37125522535.96058,3179738184.337253,0
237,27932542308.515575,32297366521.996887,2023-01-04,687000622.1666679,0,31776794358.904602,37125522535.96058,3179727866.7121687,0
238,27861882346.792057,32297366521.996887,2023-01-05,687056514.40837,0,31854794358.904602,37125522535.96058,3179734927.7043533,0
239,27858028539.557457,32297366521.996887,2023-01-06,690654446.031647,0,31862833160.126823,37125522535.96058,3179736766.924473,0
240,27767159907.9953,32294334767.29976,2023-01-07,690700262.8428761,0,31962856178.040043,37125522535.96058,3179729821.448563,0
241,27760450304.30014,32294334767.29976,2023-01-08,690857253.2849699,0,31962856178.040043,37125522535.96058,3179736182.9227915,0
242,27750749232.75764,32294334767.29976,2023-01-09,689989765.330129,0,31962856223.346977,37125522535.96058,3179732299.6121135,0
243,27747577500.98487,32294334767.29976,2023-01-10,693394456.024206,0,31962835325.184593,37125522535.96058,3179746305.652957,0
244,27817502954.18698,32294334767.29976,2023-01-11,693025464.369664,0,31892520973.958805,37125522535.96058,3179739800.2281785,0
245,27917519761.65172,32294334767.29976,2023-01-12,692732086.54851,0,31792520409.101646,37125522535.96058,3179742887.6633253,0
246,27912664636.680294,32294334767.29976,2023-01-13,695824929.746284,0,31792505420.101646,37125522535.96058,3179737227.441837,0
247,27513526188.929276,32294334767.29976,2023-01-14,695860869.2651219,0,32192508301.155735,37125522535.96058,3179751994.081172,0
248,27513763318.28237,32294334767.29976,2023-01-15,696078456.567915,0,32275259298.315678,37125522535.96058,3179749003.3972554,0
249,27547708161.210094,32294334767.29976,2023-01-16,696028522.340924,0,32240219395.549175,37125522535.96058,3179797425.00647,0
250,27544317077.597492,32294334767.29976,2023-01-17,696177504.166022,0,32369666394.213593,37125522535.96058,3179794389.8362064,0
251,27550477843.98321,32294334767.29976,2023-01-18,697232005.098418,0,32369666394.213593,37125522535.96058,3179797526.022417,0
252,27564715539.653584,32294334767.29976,2023-01-19,690619748.17728,0,32369662954.98027,37125522535.96058,3179794456.4066095,0
253,27566691552.677612,32294334767.29976,2023-01-20,690709621.6666119,0,32369665880.74695,37125522535.96058,3179791666.7671,0
254,27566648220.64693,32294334767.29976,2023-01-21,690062786.0951259,0,32369666227.177162,37125522535.96058,3179783539.1289134,0
255,27495192025.324883,32294334767.29976,2023-01-22,689645354.479285,0,32653338170.33274,37125522535.96058,3179790410.906882,0
256,27491937282.39459,32294334767.29976,2023-01-23,689799846.550737,0,32700108107.293762,37125522535.96058,3179793978.032966,0
257,27396779297.260433,32294334767.29976,2023-01-24,690599803.6702579,0,32900176548.168674,37125522535.96058,3179784456.9701667,0
258,27396478594.198288,32294334767.29976,2023-01-25,690785171.347611,0,33079510036.49685,37125522535.96058,3179788774.100272,0
259,27247413294.765743,32294334767.29976,2023-01-26,690781840.266089,0,33381630032.70015,37125522535.96058,3179791002.3159933,0
260,27242983867.72673,32294334767.29976,2023-01-27,691180403.0101111,0,33518480865.688232,37125522535.96058,3179778528.2611866,0
261,27220103478.86049,32294334767.29976,2023-01-28,706515825.2989249,0,33697633991.8096,37125522535.96058,3179779299.278205,0
262,27213431133.060207,32294334767.29976,2023-01-29,706828523.051348,0,33813403988.286278,37125522535.96058,3179783601.5132995,0
263,27207693640.16899,32294334767.29976,2023-01-30,706864294.27985,0,33968938572.028313,37125522535.96058,3179755738.061805,0
264,27200753554.614834,32294334767.29976,2023-01-31,707105418.960624,0,34004371252.7026,37125522535.96058,3179798971.8861446,0
265,27174377982.103607,32294334767.29976,2023-02-01,708134200.802556,0,34004581607.46993,37125522535.96058,3179809986.013199,0
266,27164573127.77071,32284517903.06488,2023-02-02,708308642.2880441,0,34026587320.573906,37125522535.96058,3179803931.512292,0
267,27154905335.993275,32284517903.06488,2023-02-03,712832194.560466,0,34238281457.3442,37125522535.96058,3179810507.3334994,0
268,27149636689.512833,32284517903.06488,2023-02-04,712833266.751728,0,34237420121.97805,37125522535.96058,3179813859.255669,0
269,27138278894.47089,32284517903.06488,2023-02-05,713987177.1090101,0,34273520409.306145,37125522535.96058,3179796340.959959,0
270,27135559739.046955,32284517903.06488,2023-02-06,713979624.188535,0,34273551975.2281,37125522535.96058,3179805598.917472,0
271,26881058153.305862,32284517903.06488,2023-02-07,710100682.4728199,0,34641282008.60903,37125522535.96058,3179809136.2717247,0
272,26866344630.403534,30284517903.06488,2023-02-08,710322081.013733,0,34643513840.02068,37125522535.96058,3179809505.6195483,0
273,26855326352.42045,30284517903.06488,2023-02-09,710825814.4903018,0,34643506931.053154,37125522535.96058,3179802316.514978,0
274,26651076312.648487,30284517903.06488,2023-02-10,709568781.4690319,0,34844439294.274155,37125522535.96058,3179815935.5031033,0
275,26664151004.925316,30284517903.06488,2023-02-11,709688843.149144,0,34976579336.4588,37125522535.96058,3179821274.044667,0
276,26677728866.759563,30284517903.06488,2023-02-12,711090973.873963,0,35046975501.775375,37125522535.96058,3179831735.8528066,0
277,26682877604.029316,30284517903.06488,2023-02-13,714967358.4916741,0,35071405684.87486,37125522535.96058,3179834331.022019,0
278,26709637776.043556,30284517903.06488,2023-02-14,716676671.0391982,0,35781509628.81667,39125522535.96058,3179847972.1749806,0
279,26819184837.238224,30284517903.06488,2023-02-15,716483779.2368002,0,36045781142.619606,39125522535.96058,3179841380.9487433,0
280,26907556164.90024,30284517903.06488,2023-02-16,722441022.6050569,0,36259214173.87486,39125522535.96058,3179833864.722144,0
281,27016585602.46906,30284517903.06488,2023-02-17,722431719.6347091,0,36527177179.02316,39125522535.96058,3179836220.306722,0
282,27000519451.51581,30284517903.06488,2023-02-18,727219361.36906,0,36668376993.88338,39125522535.96058,3179845623.962193,0
283,27007872281.11099,30284517903.06488,2023-02-19,727584298.9688761,0,36777556675.393745,39125522535.96058,3179840153.063021,0
284,27009717772.390415,30284517903.06488,2023-02-20,747417143.948644,0,36777555668.58096,39125522535.96058,3179836701.189526,0
285,27004960196.2888,30283904986.788563,2023-02-21,752063852.581283,0,36813779667.78491,39125091014.5511,3179825048.8459444,0
286,26998875411.357895,30283904986.788563,2023-02-22,759592451.923909,0,36834247645.61956,39125091014.5511,3179793431.8863993,0
287,26996845347.940342,30283904986.788563,2023-02-23,759822136.5624621,0,36965140498.63162,40125091014.5511,3179792052.798558,0
288,27006981420.13257,30283904986.788563,2023-02-24,760182915.1049271,0,37062186367.693054,40125091014.5511,3179758073.438305,0
289,27000340542.736877,30283904986.788563,2023-02-25,760175027.712386,0,37172649056.64281,40125091014.5511,3179737440.21366,0
290,26994264382.50161,30283904986.788563,2023-02-26,761813742.626261,0,37221299556.15495,40125091014.5511,3179735395.21366,0
291,27001813710.725597,30283904986.788563,2023-02-27,757023416.7193229,0,37258209338.17099,40125091014.5511,3179741077.635336,0
292,26993686536.29298,30283904986.788563,2023-02-28,758074646.8942349,0,37304641138.73626,40125091014.5511,3179731485.8851957,0
293,26962093057.734833,30283904986.788563,2023-03-01,778267870.603806,0,37342911326.6962,40125091014.5511,3179979763.8442736,0
294,26960899592.687588,30283904986.788563,2023-03-02,778405676.681162,0,37437289966.25679,40125091014.5511,3179974749.914344,0
295,26971264473.224865,30283904986.788563,2023-03-03,766618416.238085,0,37491109665.721886,40125091014.5511,3179974266.872966,0
296,27363378405.375336,30283904986.788563,2023-03-04,769949650.836985,0,37333370077.07292,40125091014.5511,3179991868.0781856,0
297,28960002654.870403,32283904986.788563,2023-03-05,770109130.3634441,0,35816106187.23086,40125091014.5511,3179868750.3346066,0
298,28950084439.55069,32283904986.788563,2023-03-06,770149316.3216761,0,35852768692.060585,40125091014.5511,3179886888.425222,0
299,28952560766.107227,32283904986.788563,2023-03-07,770506188.18654,0,35958784818.880516,40125091014.5511,3179885968.68421,0
300,28952866251.673832,32283904986.788563,2023-03-08,770888246.4852419,0,36097765401.322586,40125091014.5511,3179885709.612612,0
301,28949353745.61352,32283904986.788563,2023-03-09,770989915.697592,0,36099824851.85916,40125091014.5511,3179893868.627489,0
302,28972692836.93463,32283904986.788563,2023-03-10,770906135.708766,0,36165699372.32709,40125091014.5511,3179900639.229226,0
303,28983876271.071087,32283904986.788563,2023-03-11,764569831.042317,0,36450795904.0697,40125091014.5511,3179932066.260896,0
304,29163629790.92965,32283904986.788563,2023-03-12,755565616.624522,0,36372484908.88747,40125091014.5511,3180112949.2572,0
305,29209506566.61617,32283904986.788563,2023-03-13,754326718.91914,0,36760555345.11123,40125091014.5511,3180113570.1483836,0
306,29357328713.608025,32283904986.788563,2023-03-14,753595737.943318,0,36927351541.20072,40125091014.5511,3180073920.7026286,0
307,29709381733.754517,33283904986.788563,2023-03-15,753883044.985931,0,37066908866.43592,41125091014.5511,3180002676.229743,0
308,30105480031.572693,33283904986.788563,2023-03-16,744039461.375941,0,37507412614.84085,41125091014.5511,3180004546.2969756,0
309,30395804170.84601,34283904986.788563,2023-03-17,738766519.078684,0,38124151664.52407,41125091014.5511,3180009357.3623495,0
310,30567373658.92107,34283904986.788563,2023-03-18,737321730.081598,0,38951821755.42774,41125091014.5511,3180008432.0310097,0
311,30592390801.179874,34283904986.788563,2023-03-19,737163592.153414,0,38962926972.20664,41125091014.5511,3179997966.7731237,0
312,30578850385.82897,34283904986.788563,2023-03-20,737411011.4782931,0,38850145377.27809,41125091014.5511,3179998362.7657166,0
313,30730513479.233795,34283904986.788563,2023-03-21,737470399.4102118,0,39441085319.38165,42125091014.5511,3179997462.043617,0
314,30779069518.151752,34283904986.788563,2023-03-22,732429067.0206689,0,39974022634.14574,43125091014.5511,3179993614.0715194,0
315,30992988273.492958,34283904986.788563,2023-03-23,732224871.673453,0,40089204241.86859,43125091014.5511,3180016974.6201725,0
316,31138248198.6099,34283904986.788563,2023-03-24,732362925.971486,0,40602252727.44117,44125091014.5511,3179999665.263814,0
317,31406914697.715,35283904986.78857,2023-03-25,733227716.449566,0,40859753809.679924,44125091014.5511,3179986540.2221994,0
318,31523036267.062176,35283904986.78857,2023-03-26,733323422.893091,0,40805883444.97942,44125091014.5511,3179983621.3803115,0
319,31519112299.25296,35283904986.78857,2023-03-27,734399643.1992251,0,40823026818.83942,44125091014.5511,3179998765.391115,0
320,31733815510.664112,35283904986.78857,2023-03-28,734692466.726367,0,40956651950.08617,44125091014.5511,3179989498.9055753,0
321,31790671773.72712,35283904986.78857,2023-03-29,734935453.3875049,0,40951571959.447845,44125091014.5511,3179991288.746177,0
322,31780430778.707256,35283904986.78857,2023-03-30,733730494.180993,0,41071570751.216675,44125091014.5511,3179992456.7243023,0
323,31763765199.72057,35283904986.78857,2023-03-31,733061865.734708,0,41096745915.275696,44125091014.5511,3179993107.3491035,0
324,31750085995.74858,35283904986.78857,2023-04-01,733645007.296554,0,41117891968.52387,44125091014.5511,3179980326.6871142,0
325,31745221418.62698,35283904986.78857,2023-04-02,733867716.8175921,0,41120390484.32721,44125091014.5511,3179983551.9274025,0
326,31734040220.51904,35283904986.78857,2023-04-03,734139918.320013,0,41229225975.19849,44125091014.5511,3179982648.3620467,0
327,31733701377.30303,35283904986.78857,2023-04-04,734406949.533762,0,41332105461.163635,44125091014.5511,3179986838.819828,0
328,31849465434.228424,35283904986.78857,2023-04-05,735674207.136377,0,41304008751.902115,44125091014.5511,3179981926.1816163,0
329,31843779551.759228,35283904986.78857,2023-04-06,733583556.597571,0,41398593217.747894,44125091014.5511,3179976500.785715,0
330,31842323367.894447,35283904986.78857,2023-04-07,728768908.428621,0,41481107140.8175,44125091014.5511,3179980935.895073,0
331,31839279588.94155,35283904986.78857,2023-04-08,723436641.3579562,0,41485446589.54382,44125091014.5511,3179986723.670048,0
332,31832221088.82815,35283904986.78857,2023-04-09,725100111.6546769,0,41498116690.43667,44125091014.5511,3179985644.3669624,0
333,31847811393.01917,35283904986.78857,2023-04-10,725403195.070012,0,41498101151.57968,44125091014.5511,3180004252.513272,0
334,31963336743.918564,35283904986.78857,2023-04-11,725565869.4229419,0,41533459107.87959,44125091014.5511,3179996752.02971,0
335,32064166595.482857,35283904986.78857,2023-04-12,725446870.349859,0,41533486964.53045,44125091014.5511,3179998452.9309955,0
336,32098781193.5059,35283904986.78857,2023-04-13,725589927.0542071,0,41656737549.74767,44125091014.5511,3179946436.970114,0
337,32093974076.161797,35283904986.78857,2023-04-14,725054879.3753241,0,41843233124.42054,44125091014.5511,3179951792.4558353,0
338,32056037554.96234,35283904986.78857,2023-04-15,725607082.6772461,0,41977156784.60605,45125091014.5511,3179920499.0348926,0
339,32181000279.675964,35283904986.78857,2023-04-16,719198967.0380902,0,41873655323.791664,45125091014.5511,3179890178.1702623,0
340,32172958699.268192,35283904986.78857,2023-04-17,719395828.7803221,0,41883461093.757866,45125091014.5511,3179885004.892722,0
341,32180607270.20522,35283904986.78857,2023-04-18,714225705.0817442,0,42012401557.01018,45125091014.5511,3179915365.4029174,0
342,32257304801.764458,35283904986.78857,2023-04-19,705358725.1240312,0,42123780117.35311,45125091014.5511,3179906042.7528157,0
343,32276983485.788628,35283904986.78857,2023-04-20,688405095.4324172,0,42250998773.203224,45125091014.5511,3179903341.468406,0
344,32461531397.054676,36283904986.78857,2023-04-21,682641048.0981091,0,42197284232.10235,45125091014.5511,3179910118.42745,0
345,32463381210.533577,36283188702.72137,2023-04-22,683641051.9814932,0,42212737463.86214,45124710623.334984,3180122195.6851263,0
346,32459299505.021847,36283188702.72137,2023-04-23,683410048.6464201,0,42230645079.58041,45124710623.334984,3179920551.831786,0
347,32462338303.844055,36283188702.72137,2023-04-24,683671176.812783,0,42240268174.31815,45124710623.334984,3179915454.5300303,0
348,32461838560.24312,36283188702.72137,2023-04-25,683427315.636097,0,42313869681.276886,45124710623.334984,3179900069.3905163,0
349,32459171902.893345,36283188702.72137,2023-04-26,688362799.2812562,0,42350123031.24269,45124710623.334984,3179509572.398543,0
350,32432135159.096325,36283188702.72137,2023-04-27,695159099.165783,0,42363039742.138794,45124710623.334984,3179891498.0894494,0
351,32415913763.351036,36283188702.72137,2023-04-28,695345830.340433,0,42379699872.92525,45124710623.334984,3179886835.796102,0
352,32449027526.664143,36283188702.72137,2023-04-29,695934562.044775,0,42459939121.39928,45124710623.334984,3179881603.9277434,0
353,32579918046.92541,36283188702.72137,2023-04-30,695967867.734704,0,42326072107.41981,45124710623.334984,3179877229.30039,0
354,32589677877.011333,36283188702.72137,2023-05-01,694053946.978042,0,42334956401.23654,45124710623.334984,3179878189.6907215,0
355,32610562398.764194,36283188702.72137,2023-05-02,694413249.7224101,0,42387046517.367,45124710623.334984,3179883874.231796,0
356,32654139684.716682,36283188702.72137,2023-05-03,698795233.842011,0,42390098499.249466,45124710623.334984,3179881528.74502,0
357,32669945836.0491,36283188702.72137,2023-05-04,699932951.245493,0,42511716601.19264,45124710623.334984,3179830641.337715,0
358,32670743664.83646,36283188702.72137,2023-05-05,692468591.141126,0,42588308145.64966,45124710623.334984,3179817694.869978,0
359,32713910364.796494,36283188702.72137,2023-05-06,684747549.665925,0,42604317456.00622,45124710623.334984,3179821833.814827,0
360,32704027437.31587,36283188702.72137,2023-05-07,685190996.6211622,0,42614440935.82314,45124710623.334984,3179826938.911199,0
361,32694441174.23675,36283188702.72137,2023-05-08,680612222.734068,0,42630037678.14233,45124710623.334984,3179825794.5512633,0
362,32810977542.32129,36283188702.72137,2023-05-09,680993498.646135,0,42586799449.93505,46124710623.334984,3379812824.551674,0
363,32761291240.1511,36283188702.72137,2023-05-10,682464102.838202,0,42763500772.13756,46124710623.334984,3379802904.2808886,0
364,32769850400.016914,36283188702.72137,2023-05-11,683050214.3839489,0,42906506156.88175,46124710623.334984,3379818123.0478544,0
365,32829208544.835407,36283188702.72137,2023-05-12,683318624.9163169,0,42940523916.290924,46124710623.334984,3379812820.3977547,0
366,32869680186.53488,36283188702.72137,2023-05-13,683885025.1557139,0,43002218445.809006,46124710623.334984,3379804806.981231,0
367,32867140459.261696,36283188702.72137,2023-05-14,684800681.1532841,0,43002616560.925415,46124710623.334984,3379811172.674039,0
368,32873002741.589825,36283188702.72137,2023-05-15,675375137.686766,0,43023406335.0898,46124710623.334984,3379826296.197271,0
369,32873895057.837166,36283188702.72137,2023-05-16,675336419.3352109,0,43028434869.920265,46124710623.334984,3379825808.0702963,0
370,32852601299.162727,36283188702.72137,2023-05-17,675623753.702997,0,43051437331.33211,46124710623.334984,3379822396.544492,0
371,32862835470.46248,36283188702.72137,2023-05-18,675745892.659677,0,43059383345.4381,46124710623.334984,3379835998.5308657,0
372,32829827096.555096,36283188702.72137,2023-05-19,686053095.330102,0,43062595251.83162,46124710623.334984,3379836980.4255476,0
373,32850106165.04465,36283188702.72137,2023-05-20,686739283.2787681,0,43082465313.93618,46124710623.334984,3379846549.4810176,0
374,32857957278.406597,36283188702.72137,2023-05-21,680275607.375337,0,43087322745.436035,46124710623.334984,3379840475.28607,0
375,32981686658.240047,36283188702.72137,2023-05-22,668667484.2782539,0,42992574003.88653,46124710623.334984,3379821057.3252664,0
376,33040158155.33368,36283188702.72137,2023-05-23,676045754.595166,0,42975599757.20936,46124710623.334984,3379857925.589031,0
377,33039117768.885582,36283188702.72137,2023-05-24,675985342.3539122,0,43030498338.871605,46124710623.334984,3379786867.423694,0
378,33185599498.0136,36283188702.72137,2023-05-25,685079418.70886,0,42905848248.30286,46124710623.334984,3379805964.322666,0
379,33270497378.28102,36283188702.72137,2023-05-26,685242456.4333131,0,42820043747.16039,46124710623.334984,3379835773.4530373,0
380,33340161290.485184,36283188702.72137,2023-05-27,685837816.1406652,0,42753874854.01992,46124710623.334984,3379833891.4734116,0
381,33340522957.14498,36283188702.72137,2023-05-28,685804855.8617553,0,42758874486.58076,46124710623.334984,3379849252.4674106,0
382,33337916811.407246,36283188702.72137,2023-05-29,686838466.6255391,0,42759037611.74165,46124710623.334984,3379842954.7076945,0
383,33346071890.92836,36283188702.72137,2023-05-30,686826636.8201472,0,42774849626.57451,46124710623.334984,3379861996.6636214,0
384,33343846923.322323,36283188702.72137,2023-05-31,670850853.394838,0,42816682723.6075,46124710623.334984,3379843438.47342,0
385,33362203446.00415,36283188702.72137,2023-06-01,660052196.9361341,0,42854562480.70403,46124710623.334984,3379858332.610019,0
386,33372077382.005383,36283188702.72137,2023-06-02,670195074.1355453,0,42881471023.21468,46124710623.334984,3379893701.6979246,0
387,33379786580.72117,36283188702.72137,2023-06-03,664497528.5903902,0,42784450597.4857,46124710623.334984,3379900596.7232494,0
388,33366144371.79455,36283188702.72137,2023-06-04,662212842.04773,0,42789566306.9003,46124710623.334984,3379912621.0048447,0
389,33369120123.08144,36283188702.72137,2023-06-05,658436562.905392,0,42794215325.659035,46124710623.334984,3379923210.7451386,0
390,33373391819.199486,36283188702.72137,2023-06-06,655677650.7866671,0,42850941909.52785,46124710623.334984,3379928085.674212,0
391,33362775181.20964,36280615894.32097,2023-06-07,645582531.1922101,0,42933002831.475845,46123173899.412285,3379929435.323041,0
392,33377301580.738605,36280615894.32097,2023-06-08,632086647.4353241,0,42987731488.99805,46123173899.412285,3379838218.551359,0
393,33371269334.059082,36280615894.32097,2023-06-09,626407693.5500621,0,43008028654.59084,46123173899.412285,3379863939.8907804,0
394,33368788811.58977,36280615894.32097,2023-06-10,620653011.920857,0,43041972733.13814,46123173899.412285,3379863779.074528,0
395,33391630146.04686,36280615894.32097,2023-06-11,609557603.1056101,0,43047248528.419914,46123173899.412285,3379888500.4662914,0
396,33385992640.41348,36280615894.32097,2023-06-12,607457348.1697011,0,43052094062.35227,46123173899.412285,3379863393.1300383,0
397,34125138547.552574,37280615894.32097,2023-06-13,612896490.9787791,0,42423659126.72202,46123173899.412285,3379846438.943842,0
398,34322751637.273373,37280615894.32097,2023-06-14,626410211.369196,0,42253594356.27999,46123173899.412285,3379915027.389573,0
399,34382638205.51668,37280615894.32097,2023-06-15,650253959.824371,0,42207358324.01936,46123173899.412285,3380223496.419419,0
400,34490092087.21884,37530615894.32097,2023-06-16,650155580.6674069,0,42080375435.071556,46123173899.412285,3380211628.955375,0
401,35759176298.17951,38780615894.32097,2023-06-17,642987871.039287,0,40835565846.35166,46123173899.412285,3380169892.2842207,0
402,35697282032.98497,38780615894.32097,2023-06-18,628147615.548602,0,40507947664.15118,46123173899.412285,3380223082.921258,0
403,35773251134.495834,38780615894.32097,2023-06-19,624754232.8449761,0,40432884080.43575,46123173899.412285,3380242545.8791723,0
404,35889082029.38924,38780615894.32097,2023-06-20,622501261.9657291,0,40320585237.06516,46123173899.412285,3380222505.8444486,0
405,35989734401.499016,39030615894.32097,2023-06-21,622642651.5744059,0,40218724807.73511,46123173899.412285,3380238809.53458,0
406,35929181255.57476,39030615894.32097,2023-06-22,619371469.4159971,0,40280950398.263275,43023173899.412285,3380169081.1817446,0
407,35889677939.79624,39030615894.32097,2023-06-23,611880910.260509,0,40347443255.398155,43023173899.412285,3380202837.0244093,0
408,35889023639.96299,39030615894.32097,2023-06-24,611854609.793661,0,40347502599.20816,43023173899.412285,3380205887.2625065,0
409,35833686441.129456,39030615894.32097,2023-06-25,612086088.925557,0,40412760653.16747,43023173899.412285,3380200694.312401,0
410,35838294955.16487,39030615894.32097,2023-06-26,609701554.049046,0,40417931288.71837,43023173899.412285,3380214417.7626014,0
411,35884157072.889336,39030615894.32097,2023-06-27,607485656.6313441,0,40439154307.63106,43023173899.412285,3380272090.3193283,0
412,35875782414.52135,39030615894.32097,2023-06-28,603409721.778231,0,40445497253.87968,43023173899.412285,3380260322.588449,0
413,35869107971.76584,39030615894.32097,2023-06-29,600703062.385683,0,40530562799.937744,43023173899.412285,3380232652.5080385,0
414,35872218076.63817,39030615894.32097,2023-06-30,598356036.3704661,0,40583242344.1404,43023173899.412285,3380232641.5584817,0
415,35861608809.462814,39030615894.32097,2023-07-01,593200861.748539,0,40545856883.793465,43023173899.412285,3380266788.502442,0
416,35854330578.69329,39030615894.32097,2023-07-02,590861028.2762259,0,40545938724.66337,43023173899.412285,3380249461.9538345,0
417,35846951172.307526,39030615894.32097,2023-07-03,588337180.7699301,0,40545673328.68796,43023173899.412285,3380268870.0948424,0
418,35839186744.07478,39030615894.32097,2023-07-04,585322178.1104852,0,40556948554.50814,43023173899.412285,3380255160.1440263,0
419,35662358126.43739,39030615894.32097,2023-07-05,582016556.8276811,0,40723389761.066055,43023173899.412285,3380218777.5872602,0
420,35691259163.498375,39030615894.32097,2023-07-06,582165711.80366,0,40724762021.40529,43023173899.412285,3380219904.241266,0
421,35676615872.43834,39028663976.21174,2023-07-07,574845073.9736501,0,40726560114.086525,43022577873.272606,3380278297.9320903,0
422,35678480367.73409,39028663976.21174,2023-07-08,572057231.2483649,0,40730273923.580086,43022577873.272606,3380304550.593402,0
423,35672751678.60374,39028663976.21174,2023-07-09,570487506.538656,0,40730085030.75859,43022577873.272606,3380264059.595228,0
424,35657606325.92084,39028663976.21174,2023-07-10,568890139.8962209,0,40730174610.23939,43022577873.272606,3380280747.4891286,0
425,35642462690.80478,39028663976.21174,2023-07-11,569238310.780112,0,40767533670.841965,43022577873.272606,3380320901.612688,0
426,35621468275.45212,39028663976.21174,2023-07-12,563095375.5743071,0,40791787000.34714,43022577873.272606,3380334583.8311853,0
427,35477961416.25748,39028663976.21174,2023-07-13,560467589.4493021,0,40938465356.31983,44022577873.272606,3380342376.589642,0
428,35478878752.7234,39028663976.21174,2023-07-14,555608146.212064,0,40991998989.92885,44022577873.272606,3380299701.57694,0
429,35498443520.83083,39028471464.25077,2023-07-15,533171572.161296,0,41209795253.03049,44022577873.272606,3379801167.710174,0
430,35533200093.25037,39028471464.25077,2023-07-16,532992187.417921,0,41192145571.24915,44022577873.272606,3379819495.0668683,0
431,35511537586.40534,39028471464.25077,2023-07-17,529075502.155945,0,41202852567.973305,44022577873.272606,3379832432.7819724,0
432,35551549350.52279,39028471464.25077,2023-07-18,523913170.366206,0,41260124020.45903,44022577873.272606,3379775643.886987,0
433,35640511012.53524,39028471464.25077,2023-07-19,518366256.158288,0,41245142793.89346,44022577873.272606,3379753564.7263193,0
434,35646036363.03192,39028471464.25077,2023-07-20,516490067.07053596,0,41214934348.564964,44022577873.272606,3379812875.454056,0
435,35685432593.48572,39028471464.25077,2023-07-21,514909993.3786821,0,41218071465.73362,44022577873.272606,3379812551.805446,0
436,35689164268.0193,39028471464.25077,2023-07-22,509759452.79260004,0,41186315000.9325,44022577873.272606,3379818029.8220983,0
437,35740770319.738014,39026949359.16301,2023-07-23,507750955.19576496,0,41141751039.3381,44022577873.272606,3379833714.0144477,0
438,35735845269.00352,39026949359.16301,2023-07-24,505248781.9814411,0,41141663200.20991,44022577873.272606,3379826560.457175,0
439,35790642550.29781,39026949359.16301,2023-07-25,501685871.46350205,0,41084456758.99301,44022577873.272606,3379822129.684851,0
440,35807937332.596016,39026949359.16301,2023-07-26,497516177.00990295,0,41085133864.84603,44022577873.272606,3379824046.385575,0
441,35871815791.21691,39026949359.16301,2023-07-27,495248516.47991395,0,40997114113.48007,44022577873.272606,3379810853.0535674,0
442,35866897900.27039,39026949359.16301,2023-07-28,492641949.533719,0,41000601920.97146,44022577873.272606,3379805108.2944403,0
443,35858940088.5333,39026949359.16301,2023-07-29,491045133.4628329,0,41002223044.77631,44022577873.272606,3379809493.806537,0
444,35859544087.7206,39026949359.16301,2023-07-30,490980375.2033,0,41002409070.974075,44022577873.272606,3379554598.38459,0
445,35856533453.22391,39026949359.16301,2023-07-31,487064852.56951195,0,40995739246.14898,44022577873.272606,3379585170.9040546,0
446,35912423657.10144,39026949359.16301,2023-08-01,481943801.775295,0,41021908427.85326,44022577873.272606,3379537225.732687,0
447,35976517870.38306,39026949359.16301,2023-08-02,478551459.649912,0,40953617018.22005,44022577873.272606,3379548542.498742,0
448,36001110477.1134,39026949359.16301,2023-08-03,469818631.43179005,0,40955016164.72271,44022577873.272606,3379459020.2991285,0
449,36077389556.76984,39026949359.16301,2023-08-04,467300976.114865,0,40884805537.363815,44022577873.272606,3379442086.94476,0
450,36071231471.23642,39026949359.16301,2023-08-05,467313895.218956,0,40878994195.86921,44022577873.272606,3379529796.2723517,0
451,36054266902.86165,39026949359.16301,2023-08-06,465818545.92314804,0,40872299308.81503,44022577873.272606,3379526494.329474,0
452,36045788284.56997,39026949359.16301,2023-08-07,463972167.98720795,0,40884468199.021324,44022577873.272606,3379538922.3322515,0
453,35785105966.98405,39026949359.16301,2023-08-08,461404604.873594,0,40815505314.82409,44022577873.272606,3379491912.373805,0
454,35785725921.8627,39026949359.16301,2023-08-09,457798365.16027194,0,40769322338.448616,44022577873.272606,3379443809.472457,0
455,35787631791.67301,39026949359.16301,2023-08-10,449988087.84513605,0,40769306824.52566,44022577873.272606,3379537382.855766,0
456,35786106730.44301,39026949359.16301,2023-08-11,446309463.727033,0,40769976008.35694,44022577873.272606,3379536827.616606,0
457,35785627458.80242,39026949359.16301,2023-08-12,447598018.06349003,0,40646072980.3145,44022577873.272606,3379604618.678891,0
458,35797706891.53864,39026949359.16301,2023-08-13,445363962.41534704,0,40646091658.483444,44022577873.272606,3379602438.89507,0
459,35790944920.47141,39026949359.16301,2023-08-14,445556605.79077303,0,40645449183.48713,44022577873.272606,3379608192.101254,0
460,35762720783.97723,39026949359.16301,2023-08-15,454359895.02121603,0,40646471344.18395,44022577873.272606,3379618671.9935946,0
461,35780136396.697586,39026949359.16301,2023-08-16,449723406.3128669,0,40416713658.47616,44022577873.272606,3379627718.510218,0
462,35747133089.542206,39026949359.16301,2023-08-17,447034787.792598,0,40279442182.36526,44022577873.272606,3379631634.79661,0
463,35561766659.78843,39026949359.16301,2023-08-18,444431033.988563,0,40279812135.86711,44022577873.272606,3379628767.3541045,0
464,35543107547.5124,39026949359.16301,2023-08-19,441571188.099966,0,40284191477.44357,44022577873.272606,3379541812.7117553,0
465,35541991327.77704,39026949359.16301,2023-08-20,441635290.332067,0,40284267601.13587,44022577873.272606,3379633973.61373,0
466,35543472545.774216,39026949359.16301,2023-08-21,438905003.262899,0,40284244650.31363,44022577873.272606,3379625211.2527504,0
467,35539134861.3239,39026949359.16301,2023-08-22,434570981.594332,0,40287056848.501564,44022577873.272606,3379595939.532911,0
468,35532080139.84914,39026949359.16301,2023-08-23,432390806.18853,0,40290108461.30992,42822577873.272606,3379619844.8297505,0
469,35560591539.49958,39026949359.16301,2023-08-24,432369012.11089003,0,40285372253.30025,42822577873.272606,3379510584.780744,0
470,35560994494.911545,39026949359.16301,2023-08-25,429693711.80502796,0,40288959408.950424,42822577873.272606,3379624165.8719378,0
471,35597148223.012024,39026949359.16301,2023-08-26,430040895.20816797,0,40291027227.71923,42822577873.272606,3379627389.661605,0
472,35639737824.60484,39026949359.16301,2023-08-27,430030796.886813,0,40247245198.57054,42822577873.272606,3379616596.6717052,0
473,35630959028.088425,39026949359.16301,2023-08-28,429897732.315999,0,40247454114.136154,42822577873.272606,3379614856.88995,0
474,35706999103.692055,39026949359.16301,2023-08-29,430451171.638998,0,40190578815.15681,42822577873.272606,3379649115.226639,0
475,35700773440.70099,39026949359.16301,2023-08-30,427952213.34643894,0,40192323050.51913,42822577873.272606,3379532341.487963,0
476,35691758526.14682,39026949359.16301,2023-08-31,426056979.49014395,0,40195201365.39439,42822577873.272606,3379529880.732794,0
477,35712544157.94787,39026949359.16301,2023-09-01,424374808.984358,0,40201469782.39988,42822577873.272606,3379549203.707272,0
478,35731606515.941696,39025187376.28818,2023-09-02,424577498.6723121,0,40205056085.616875,42822280871.85485,3379506229.528505,0
479,35731046995.1972,39025187376.28818,2023-09-03,424676998.080828,0,40204755695.41464,42822280871.85485,3379467403.9182982,0
480,35721947888.688515,39025187376.28818,2023-09-04,424718285.02752703,0,40204789716.130516,42822280871.85485,3379560662.6073503,0
481,35715031321.16774,39025187376.28818,2023-09-05,428544536.727787,0,40209793376.63165,42822280871.85485,3379553220.235017,0
482,35700151082.37936,39025187376.28818,2023-09-06,427899315.235837,0,40212159146.28102,42822280871.85485,3379545581.3329163,0
483,35631910725.30281,39025187376.28818,2023-09-07,437942523.96264297,0,40265069452.35516,42822280871.85485,3379544742.4767323,0
484,35623657927.25069,39025187376.28818,2023-09-08,438987366.124042,0,40267741429.91984,42822280871.85485,3379565760.7944613,0
485,35612586647.05706,39025187376.28818,2023-09-09,441696771.157449,0,40370183999.79933,42822280871.85485,3379538008.802851,0
486,35612554041.54949,39025187376.28818,2023-09-10,441873397.67869097,0,40370135466.44223,42822280871.85485,3379543443.5707326,0
487,35602042853.87931,39025187376.28818,2023-09-11,441820784.044772,0,40370336481.66896,42822280871.85485,3379517656.3188562,0
488,35621242494.930626,39025187376.28818,2023-09-12,441113619.84879,0,40374970423.27339,42822280871.85485,3379577822.8219194,0
489,35537660619.65763,39025187376.28818,2023-09-13,440423221.29058295,0,40445589506.16616,42822280871.85485,3379662074.6426167,0
490,35531693455.98431,39025187376.28818,2023-09-14,436205414.24537,0,40448159091.96448,42822280871.85485,3379832871.609088,0
491,35442316745.26922,39025187376.28818,2023-09-15,436145844.47852296,0,40525502204.80041,42822280871.85485,3380123595.408532,0
492,35437559205.17981,39025187376.28818,2023-09-16,436140905.668573,0,40525496342.911606,42822280871.85485,3380112311.19569,0
493,35424331100.895226,39025187376.28818,2023-09-17,436113523.06843096,0,40525212444.50113,42822280871.85485,3380111026.227186,0
494,35401218716.07657,39025187376.28818,2023-09-18,449360652.76100403,0,40525334601.01805,42822280871.85485,3380076390.4675264,0
495,35343448111.49196,39025187376.28818,2023-09-19,449572579.647999,0,40625984512.189644,42822280871.85485,3380126209.929214,0
496,35346089212.74197,39025187376.28818,2023-09-20,448007535.72712696,0,40700514455.327446,43822280871.85485,3380134750.6166635,0
497,35384740481.657005,39025187376.28818,2023-09-21,449258904.70405596,0,40688710869.13227,43822280871.85485,3380158690.1406965,0
498,35385907740.97172,39025187376.28818,2023-09-22,449208883.650868,0,40691102521.98138,43822280871.85485,3380159079.4078774,0
499,35387820434.86417,39025187376.28818,2023-09-23,449693136.359328,0,40718611471.896225,43822280871.85485,3380160016.945942,0
500,35381592258.90399,39025187376.28818,2023-09-24,449665043.956643,0,40720813584.0095,43822280871.85485,3380135799.5500956,0
501,35379042402.44334,39025187376.28818,2023-09-25,449770009.63285,0,40712578166.0752,43822280871.85485,3380144648.4904113,0
502,35379253003.029175,39025187376.28818,2023-09-26,450069623.407661,0,40718191034.2417,43822280871.85485,3380145830.909788,0
503,35392196359.10436,39025187376.28818,2023-09-27,450302391.326976,0,40775157128.377266,43822280871.85485,3380151319.947744,0
504,35377069316.8589,39024700485.595726,2023-09-28,448963848.959619,0,40759524696.464005,43822280871.85485,3380152485.439964,0
505,35371403145.15739,39024700485.595726,2023-09-29,448873343.0741409,0,40764882322.04665,43822280871.85485,3380151416.696413,0
506,35339087667.41019,39024700485.595726,2023-09-30,448903507.45963293,0,40765582664.68524,43822280871.85485,3380152147.917382,0
507,35338621876.33459,39024700485.595726,2023-10-01,448366531.20764995,0,40776584665.700836,43822280871.85485,3380154302.028847,0
508,35332492859.50569,39024700485.595726,2023-10-02,447626596.00823,0,40776584650.195114,43822280871.85485,3380149487.479701,0
509,35282703061.76716,39024700485.595726,2023-10-03,447091386.54870695,0,40910452609.41734,43822280871.85485,3380148813.971516,0
510,35279457014.89047,39024700485.595726,2023-10-04,446892767.04705995,0,40934630242.86598,43822280871.85485,3380111930.9762464,0
511,35260616147.81486,39024700485.595726,2023-10-05,446096746.46733,0,40936334617.77825,43822280871.85485,3380121346.165651,0
512,35264832515.70427,39024700485.595726,2023-10-06,451387294.21343195,0,40971982649.63684,43822280871.85485,3380121445.878389,0
513,35182769980.39802,39024700485.595726,2023-10-07,451632150.801138,0,41050380055.69137,43822280871.85485,3380122294.3312764,0
514,35183085102.2424,39024700485.595726,2023-10-08,451495062.001111,0,41088880055.69137,43822280871.85485,3380121841.307746,0
515,35182615687.79885,39024700485.595726,2023-10-09,451628408.478749,0,41087505834.172615,43822280871.85485,3380117414.9852524,0
516,35182616909.711815,39024700485.595726,2023-10-10,450945138.970611,0,41107010852.46594,43822236515.54951,3380125166.0657477,0
517,35105907888.17187,39024700485.595726,2023-10-11,450405069.791165,0,41184771979.45074,43822236515.54951,3380132467.320549,0
518,35095910406.15312,39024700485.595726,2023-10-12,451637404.69875497,0,41192033242.190735,43822236515.54951,3380135261.3593197,0
519,35093751915.19222,39024700485.595726,2023-10-13,464106277.2114179,0,41194061597.10119,43822236515.54951,3380138258.0281296,0
520,35077017126.385864,39024700485.595726,2023-10-14,464421676.86608195,0,41198666133.45014,43822236515.54951,3381137823.25716,0
521,35076968789.93999,39024700485.595726,2023-10-15,465457570.943516,0,41198666133.45014,43822236515.54951,3380138228.7117133,0
522,35071464669.43318,39024700485.595726,2023-10-16,465798064.393486,0,41202666133.45014,43822236515.54951,3380141178.4341993,0
523,35049979309.22213,39024700485.595726,2023-10-17,464293096.80031204,0,41275607719.59457,43822236515.54951,3380140847.467261,0
524,34993015222.298256,39024700485.595726,2023-10-18,465930644.026807,0,41430093174.96098,43822236515.54951,3380141893.053641,0
525,34971446274.82799,39024700485.595726,2023-10-19,467317596.09777397,0,41563544556.130325,43822236515.54951,3380134018.929646,0
526,34957733963.28851,39024700485.595726,2023-10-20,468436302.062996,0,41674118357.36032,44822236515.54951,3380131258.827708,0
527,35075931688.43485,39024700485.595726,2023-10-21,468753722.76398396,0,41801812105.7895,44822236515.54951,3380131076.1026335,0
528,35113219705.24192,39024700485.595726,2023-10-22,468700633.257074,0,41805912105.7895,44822236515.54951,3380130456.885069,0
529,35175006549.80883,39024700485.595726,2023-10-23,467086607.692855,0,41746912105.7895,44822236515.54951,3380129675.3368034,0
530,35234339007.685814,39024700485.595726,2023-10-24,467317143.542851,0,41762685199.3514,44822236515.54951,3380131256.496369,0
531,35209032088.76812,39024700485.595726,2023-10-25,466268185.8697649,0,41727392598.56751,44822236515.54951,3380124719.5939856,0
532,35200241289.25553,39024700485.595726,2023-10-26,466274570.530828,0,41862267070.09752,44822236515.54951,3380126317.0849514,0
533,35177507716.97784,39024700485.595726,2023-10-27,475041732.03649396,0,41957236881.617516,44822236515.54951,3380124601.263232,0
534,35166166229.58916,39024700485.595726,2023-10-28,474333383.37451,0,41984826309.514595,44822236515.54951,3380124842.3325133,0
535,35147926332.02604,39024700485.595726,2023-10-29,474608202.489552,0,41984829980.53783,44822236515.54951,3380128608.2815795,0
536,35147847816.49821,39024700485.595726,2023-10-30,474739124.214558,0,41984816980.53783,44822236515.54951,3380124339.5840855,0
537,35145511458.02552,39024700485.595726,2023-10-31,474751032.776448,0,42034110331.20994,44822236515.54951,3380112222.74259,0
538,35134687295.53266,39024648032.74673,2023-11-01,473105287.115726,0,42263673137.971634,44822236515.54951,3380122355.8084435,0
539,35182390915.05865,39024648032.74673,2023-11-02,473427652.863663,0,42286310070.442955,44822236515.54951,3380104845.9063144,0
540,35300219972.934,39024648032.74673,2023-11-03,472678786.971054,0,42509240971.834656,44822236515.54951,3380107604.1128726,0
541,35301296420.3225,39022689732.74673,2023-11-04,482813391.004745,0,42634733839.44791,45822236515.54951,3380117097.9767027,0
542,35294144217.368774,39022689732.74673,2023-11-05,482933066.12165797,0,42644735372.050156,45822236515.54951,3380116380.9426875,0
543,35280147337.196724,39022689732.74673,2023-11-06,481967378.555644,0,42677837320.90334,45822236515.54951,3380110135.6694574,0
544,35420009937.197136,39022689732.74673,2023-11-07,487537061.792142,0,42865240514.39039,45822236515.54951,3380105724.805196,0
545,35524400418.11276,39022689732.74673,2023-11-08,486182654.975618,0,43108850044.65316,45822236515.54951,3380110921.493994,0
546,35588319780.18354,39022689732.74673,2023-11-09,487556704.35164005,0,43220762849.77977,45822236515.54951,3380150772.246368,0
547,35664550093.56803,40022689732.74673,2023-11-10,496477070.84572196,0,43374105330.31303,45822236515.54951,3380150453.340728,0
548,35719528273.65497,40022689732.74673,2023-11-11,496423093.913274,0,43459891005.57397,46822236515.54951,3380143514.6542478,0
549,35713529541.40219,40022689732.74673,2023-11-12,496455942.092164,0,43574516872.90228,46822236515.54951,3380146722.5211487,0
550,35715897018.52449,40022689732.74673,2023-11-13,495237049.41081697,0,43584735869.33974,46822236515.54951,3380144826.3983145,0
551,35785639286.23764,40022689732.74673,2023-11-14,495352226.9561029,0,43768053550.5892,46822236515.54951,3380149412.4225783,0
552,35822386622.311806,40022689732.74673,2023-11-15,494251216.15202695,0,43961508037.032135,46822236515.54951,3380151725.112255,0
553,35837206093.04869,40022312072.75592,2023-11-16,509316345.2312249,0,44018672051.59725,46822236515.54951,3380156260.8941584,0
554,35875614695.49727,40022312072.75592,2023-11-17,511111603.3499879,0,44064730157.80939,46822236515.54951,3380159950.3121614,0
555,35944201726.44616,40022312072.75592,2023-11-18,512731020.82001597,0,44167362208.57155,46822236515.54951,3380160330.3851137,0
556,35924397437.47208,40022312072.75592,2023-11-19,516515304.10053194,0,44182656831.39879,46822236515.54951,3380155481.0710554,0
557,35900456713.6611,40022312072.75592,2023-11-20,522159333.02630496,0,44205232238.24252,46822236515.54951,3380153237.5836015,0
558,35987969270.730034,40022312072.75592,2023-11-21,522211652.12889403,0,44419395406.74576,46822236515.54951,3380142762.6346436,0
559,36166723751.83696,40013573614.47349,2023-11-22,522495961.39359,0,44562183281.141556,46822236515.54951,3380158143.949492,0
560,36194263807.02025,40013573614.47349,2023-11-23,528540305.814758,0,44638970506.39853,47821586487.90648,3380151135.123572,0
561,36385446022.15484,40013387300.95349,2023-11-24,528280211.85037196,0,44485384289.141205,47821586487.90648,3380191161.31398,0
562,36430254164.987236,40013387300.95349,2023-11-25,528383059.60975504,0,44623069029.461205,47821586487.90648,3380191682.033528,0
563,36418532136.659065,40013387300.95349,2023-11-26,528727341.93033296,0,44640570915.19414,47821586487.90648,3380723849.2509904,0
564,36409810936.56012,40013387300.95349,2023-11-27,526126323.829009,0,44695570806.19414,47821586487.90648,3380713020.6983585,0
565,36510104281.87259,41013387300.95349,2023-11-28,527123539.89597094,0,44724005543.817,47821586487.90648,3380713816.411067,0
566,36607082441.429344,41013387300.95349,2023-11-29,548855946.0626259,0,44760711888.254105,47821586487.90648,3380689841.194279,0
567,36716100337.04523,41013387300.95349,2023-11-30,548733062.010932,0,44851841319.4541,47821586487.90648,3380680680.3979597,0
568,36696683759.80646,41013387300.95349,2023-12-01,548957676.0207411,0,44913261286.5841,47821586487.90648,3380668990.034208,0
569,36778306361.6194,41013387300.95349,2023-12-02,549234738.755676,0,45013302136.0085,47821586487.90648,3380672843.9692597,0
570,36777585488.47766,41013387300.95349,2023-12-03,549431198.447022,0,45083252133.332504,47821586487.90648,3380674017.764817,0
571,36926020734.742805,41013387300.95349,2023-12-04,549370553.0762789,0,44983845499.98867,47821586487.90648,3380669316.402415,0
572,36955546196.95617,41013387300.95349,2023-12-05,550804241.692732,0,45094045681.36231,47821586487.90648,3380741447.588077,0
573,37095965583.33628,41013387300.95349,2023-12-06,551971151.364902,0,45171585077.3776,47820715210.32741,3380669221.6035147,0
574,37085049928.49023,41013387300.95349,2023-12-07,550442242.4626321,0,45206006140.673164,47820715210.32741,3380641251.342325,0
575,37123529441.3255,41013387300.95349,2023-12-08,550552573.42987,0,45342835063.53709,47820715210.32741,3380645914.345598,0
576,37190497969.61621,41013387300.95349,2023-12-09,552458575.740779,0,45357720502.535126,47820715210.32741,3380623377.914447,0
577,37243487627.488075,41013387300.95349,2023-12-10,551994468.273908,0,45611512356.82161,47820715210.32741,3380627394.3665004,0
578,37133436466.36169,41013387300.95349,2023-12-11,553311285.1442289,0,45611452879.33222,47820715210.32741,3380601363.928734,0
579,37135550850.07601,41013387300.95349,2023-12-12,553126338.765763,0,45695131882.597466,48820715210.32741,3380590120.34973,0
580,37097711061.838394,41013387300.95349,2023-12-13,555813723.714917,0,45712094536.865715,48820715210.32741,3380601711.896527,0
581,37100277779.862,41013387300.95349,2023-12-14,559060007.7804658,0,45716792039.16097,48820715210.32741,3380610766.9666862,0
582,37090350170.14902,41013387300.95349,2023-12-15,559267917.7065619,0,45875029435.630974,48820715210.32741,3380610296.729765,0
583,37091259155.518555,41013387300.95349,2023-12-16,578716496.0526851,0,45942634055.1495,48820715210.32741,3380614526.429642,0
584,37078518960.140594,41013387300.95349,2023-12-17,584448225.6754711,0,45942602970.36824,48820715210.32741,3380610587.406795,0
585,37074789930.67407,41013387300.95349,2023-12-18,584753258.220085,0,45942589931.378975,48820715210.32741,3380592607.904403,0
586,37041670947.42856,41013387300.95349,2023-12-19,596278539.594929,0,45944826498.12544,48820715210.32741,3380603407.4004498,0
587,37024861846.714645,41007823219.96743,2023-12-20,601668699.4449751,0,45957068331.23027,48820257091.604,3380597738.889093,0
588,37020223915.59901,41007823219.96743,2023-12-21,601823925.131495,0,46051263938.278465,48820257091.604,3380645994.403824,0
589,37001511798.08226,41007823219.96743,2023-12-22,606940166.9447172,0,46108520346.689514,48820257091.604,3380685289.884196,0
590,37023179329.42663,41007823219.96743,2023-12-23,606918508.3603121,0,46211979215.585915,48820257091.604,3380686668.9475694,0
591,37125392456.78479,41007823219.96743,2023-12-24,606928913.478148,0,46178779169.10632,48820257091.604,3380651795.41397,0
592,37160532252.83361,41007823219.96743,2023-12-25,607197804.5907722,0,46234421798.11767,48820257091.604,3380662114.3310437,0
593,37286337225.31016,42007823219.96743,2023-12-26,611566540.7735851,0,46125382000.186966,48820257091.604,3380657828.4587326,0
594,37294191379.058044,42007823219.96743,2023-12-27,611398116.9566501,0,46126589860.436966,48820257091.604,3380657539.134129,0
595,37378046338.56359,42007823219.96743,2023-12-28,612080926.1838319,0,46136022835.28175,48820257091.604,3380658862.900602,0
596,37421447715.93123,42007823219.96743,2023-12-29,612279447.1359811,0,46156535827.98038,48820257091.604,3380667076.807147,0
597,37413480482.59584,42007823219.96743,2023-12-30,614043479.2881451,0,46306624277.36285,48820257091.604,3380669344.92384,0
598,37457843185.27685,42007823219.96743,2023-12-31,614017479.388478,0,46299967485.251465,48820257091.604,3380659561.1574078,0
599,37443647313.2852,42007823219.96743,2024-01-01,614143444.6607441,0,46306173053.836975,48820257091.604,3380666467.0727863,0
600,37447501947.423775,42007823219.96743,2024-01-02,614525304.5665421,0,46305269135.71001,48820257091.604,3380638341.9388385,0
601,37698389558.39935,42007823219.96743,2024-01-03,629284809.112884,0,46392889451.92974,48820257091.604,3380663648.505567,0
602,37952576881.46751,42007823219.96743,2024-01-04,630739542.1292862,0,46518788466.81665,48820257091.604,3380668773.535519,0
603,38210447078.20661,43007823219.96743,2024-01-05,636457958.001951,0,46614393948.68673,49820257091.604,3380653094.6827307,0
604,38512664610.77242,43007823219.96743,2024-01-06,635183416.9219689,0,46850550047.8705,49820257091.604,3380690907.0828915,0
605,38509274507.38146,43007823219.96743,2024-01-07,649687766.70098,0,47042111867.99617,49820257091.604,3380666643.2941933,0
606,38679292335.31676,43007823219.96743,2024-01-08,649738714.3475899,0,46932871117.31095,49820257091.604,3380663730.363119,0
607,38929744768.186,43007725841.82894,2024-01-09,648887720.5663428,0,47119751241.7245,49820257091.604,3380654026.202414,0
608,39107047612.315735,44007725841.82894,2024-01-10,643940149.377114,0,47252425407.10125,49820257091.604,3380650279.867351,0
609,39227978040.09728,44007725841.82894,2024-01-11,660234706.3539959,0,47309052306.55488,49820257091.604,3380618283.086523,0
610,39418416014.33632,44007725841.82894,2024-01-12,660153934.722617,0,47503762041.39189,49820257091.604,3380608763.5308332,0
611,39407355832.589554,44007725841.82894,2024-01-13,660693510.650707,0,47479393771.07565,50820257091.604,3380611278.461294,0
