,datetime,fundingRate,price_spot,volume_spot,price_perps,volume_perps,trades_perps
0,2022-08-25,-0.0010950000000000003,1.000100010001,3059998.32,1.0007004903432404,4336909.1,
1,2022-08-26,-0.0010950000000000003,1.0,3969962.51,1.0,469168.0,
2,2022-08-27,-0.0007300000000000001,1.0,2499619.47,1.000100010001,3128611.0,
3,2022-08-27,-0.0007300000000000001,1.0,2499619.47,1.000100010001,3128611.0,
4,2022-08-28,-0.0010950000000000003,1.0,1868894.26,1.000100010001,1155897.7,
5,2022-08-29,-0.0010950000000000003,1.000100010001,3282520.64,1.0,22891.3,
6,2022-08-30,-0.0010950000000000003,1.0,4145158.62,1.0005002501250624,4246037.1,
7,2022-08-31,-0.0010950000000000003,1.000100010001,3193600.44,1.0009008107296566,5569590.1,
8,2022-09-01,-0.0010950000000000003,1.000100010001,3352986.74,1.000300090027008,2626509.5,
9,2022-09-02,-0.0010950000000000003,1.0,2908677.51,1.000300090027008,120230.1,
10,2022-09-03,-0.0010950000000000003,1.000100010001,1969145.42,1.0007004903432404,147001.5,
11,2022-09-04,-0.0010950000000000003,1.0,2154510.67,1.0005002501250624,49207.3,
12,2022-09-05,-0.0010950000000000003,1.0,3708795.25,1.00080064051241,2162185.8,
13,2022-09-06,-0.0010950000000000003,1.0,7823200.54,1.0,248722.4,
14,2022-09-07,-0.0010950000000000003,1.0,6304194.27,0.9998000399920016,120650.0,
15,2022-09-08,-0.0010950000000000003,1.000100010001,5647481.99,0.9998000399920016,30661.3,
16,2022-09-09,-0.0010950000000000003,1.0004001600640255,10789006.49,1.0004001600640255,161648.0,
17,2022-09-10,-0.0010950000000000003,1.000300090027008,5325167.21,1.0006003602161297,41669.8,
18,2022-09-11,-0.0010950000000000003,1.000300090027008,7270150.86,1.0006003602161297,43207.5,
19,2022-09-12,-0.0010950000000000003,1.0002000400080016,7434399.74,1.0002000400080016,91715.8,
20,2022-09-13,-0.0010950000000000003,1.000100010001,20710846.61,1.0007004903432404,135465.3,
21,2022-09-14,-0.0010950000000000003,1.000100010001,10772242.15,1.0006003602161297,12875.5,
22,2022-09-15,-0.0010950000000000003,1.0,14457998.08,1.000300090027008,48698.1,
23,2022-09-16,-0.0010950000000000003,0.9999000099990001,7560088.98,1.000300090027008,229288.0,
24,2022-09-17,-0.0010950000000000003,1.000100010001,6402383.12,1.000300090027008,41459.7,
25,2022-09-18,-0.0010950000000000003,1.0,13538761.45,1.0006003602161297,114895.8,
26,2022-09-19,-0.0010950000000000003,1.0002000400080016,8358150.66,1.001001001001001,214724.1,
27,2022-09-20,-0.0010950000000000003,1.0002000400080016,6771460.02,1.000300090027008,133035.6,
28,2022-09-21,-0.0010950000000000003,1.0,8199622.55,1.0007004903432404,75122.2,
29,2022-09-22,-0.0010950000000000003,0.9999000099990001,8069835.94,1.0006003602161297,9751.0,
30,2022-09-23,-0.0010950000000000003,1.0,6912460.92,1.0005002501250624,169912.7,
31,2022-09-24,-0.0010950000000000003,1.000100010001,4141136.67,1.0006003602161297,39532.9,
32,2022-09-25,-0.0010950000000000003,1.0,33880011.62,1.0005002501250624,52950.7,
33,2022-09-26,-0.0010950000000000003,1.0,16557439.3,1.0006003602161297,85151.9,
34,2022-09-27,-0.0010950000000000003,0.9999000099990001,11460159.24,1.0006003602161297,130032.3,
35,2022-09-28,-0.0010950000000000003,1.0,6503694.28,1.0005002501250624,199196.7,
36,2022-09-29,-0.0010950000000000003,1.0,11229905.01,1.0005002501250624,546762.2,
37,2022-09-30,-0.0010950000000000003,1.0,11088722.95,1.0005002501250624,28149.7,
38,2022-10-01,-0.0010950000000000003,1.0,3735886.4,1.0005002501250624,40414.4,
39,2022-10-02,-0.0010950000000000003,1.0,5108463.93,1.0006003602161297,33604.5,
40,2022-10-03,-0.0010950000000000003,1.000100010001,7186919.66,1.000300090027008,31459.6,
41,2022-10-04,-0.0010950000000000003,1.0002000400080016,6261581.91,1.000300090027008,45703.0,
42,2022-10-05,-0.0010950000000000003,1.0002000400080016,7536782.78,1.0005002501250624,72529.6,
43,2022-10-06,-0.0010950000000000003,1.0002000400080016,223943934.06,1.0005002501250624,28716.1,
44,2022-10-07,-0.0010950000000000003,1.000100010001,267806101.84,1.000300090027008,65601.8,
45,2022-10-08,-0.0010950000000000003,1.000100010001,85160568.01,1.0002000400080016,5421.4,
46,2022-10-09,-0.0010950000000000003,1.000100010001,7081664.27,1.0005002501250624,41029.1,
47,2022-10-10,-0.0010950000000000003,1.0,18642555.61,1.0004001600640255,54821.6,
48,2022-10-11,-0.0010950000000000003,0.9999000099990001,14085370.69,1.000300090027008,105223.1,
49,2022-10-12,-0.0010950000000000003,1.0,10249277.32,1.000300090027008,68981.1,
50,2022-10-13,-0.0010950000000000003,1.0,22626130.56,1.000300090027008,98012.4,
51,2022-10-14,-0.0010950000000000003,1.000100010001,10280632.64,1.000300090027008,234864.6,
52,2022-10-15,-0.0010950000000000003,1.0,10287055.83,1.0002000400080016,31206.3,
53,2022-10-16,-0.0010950000000000003,1.000100010001,7842782.72,1.000300090027008,26477.0,
54,2022-10-17,-0.0010950000000000003,1.0,11657918.24,1.000100010001,283056.6,
55,2022-10-18,-0.0010950000000000003,1.000100010001,13127531.04,1.0002000400080016,55358.9,
56,2022-10-19,-0.0010950000000000003,1.0,14233485.63,1.000100010001,33126.3,
57,2022-10-20,-0.0010950000000000003,0.9998000399920016,13131840.59,1.0,931482.5,
58,2022-10-21,-0.0010950000000000003,1.000100010001,14858967.36,1.000100010001,1269445.0,
59,2022-10-22,-0.0010950000000000003,1.0,4666111.26,1.0,187579.3,
60,2022-10-23,-0.0010950000000000003,1.000100010001,10570829.63,1.000100010001,631671.1,
61,2022-10-24,-0.0010950000000000003,1.0,10841169.43,1.0,763084.5,
62,2022-10-25,-0.0010950000000000003,1.000300090027008,18085559.07,1.0,183413.0,
63,2022-10-26,-0.0010950000000000003,1.0002000400080016,22193051.26,1.000100010001,92875.0,
64,2022-10-27,-0.0010950000000000003,1.000100010001,17584209.59,1.000100010001,185275.4,
65,2022-10-28,-0.0010950000000000003,1.0002000400080016,14924976.2,1.000100010001,10522.6,
66,2022-10-29,-0.0010950000000000003,1.0002000400080016,11686250.04,1.000100010001,38833.0,
67,2022-10-30,-0.0010950000000000003,1.0002000400080016,11016377.49,1.0,66609.8,
68,2022-10-31,-0.0010950000000000003,0.9999000099990001,19081709.8,1.0,52538.0,
69,2022-11-01,-0.00036500000000000004,0.9998000399920016,14082727.11,1.0,15704.3,
70,2022-11-01,-0.0010950000000000003,0.9998000399920016,14082727.11,1.0,15704.3,
71,2022-11-02,-0.0010950000000000003,0.9999000099990001,22089825.58,1.0,296254.5,
72,2022-11-03,-0.0010950000000000003,1.0,16616888.5,1.000100010001,135589.9,
73,2022-11-04,-0.0010950000000000003,1.000100010001,16168617.97,1.0,129712.1,
74,2022-11-05,-0.0010950000000000003,1.000100010001,11597784.07,1.0,48674.4,
75,2022-11-06,-0.0010950000000000003,1.0,9844383.8,1.000100010001,52414.2,
76,2022-11-07,-0.0010950000000000003,1.000100010001,19714238.85,1.0,133621.9,
77,2022-11-08,-0.0010950000000000003,1.0,59823893.14,0.9999000099990001,1313897.9,
78,2022-11-09,-77.32050500000001,0.9983028850953379,78843088.1,0.9978048293753742,4740308.1,
79,2022-11-10,-157.97273,0.9973072703700011,111308029.74,0.9979044007584074,21983307.6,
80,2022-11-11,-39.041129999999995,0.9978048293753742,37593965.11,0.997207818109294,3647955.4,
81,2022-11-12,-81.25703000000001,0.9983028850953379,27485649.5,0.9979044007584074,2497416.2,
82,2022-11-13,-78.0297,0.9985022466300548,16468452.79,0.9977052778609199,1117887.4,
83,2022-11-14,-26.191305000000003,0.9987016878058523,17623352.01,0.9978048293753742,1289648.1,
84,2022-11-15,-71.806085,0.998801438274071,16321924.33,0.9992006394884093,1623583.2,
85,2022-11-16,-13.75977,0.9991008092716556,15348502.74,0.9986019572598361,352650.6,
86,2022-11-17,-6.296615,0.9995002498750625,11713693.61,0.9989012086704624,282925.2,
87,2022-11-18,-2.839335,0.998801438274071,10175237.63,0.9985022466300548,135879.3,
88,2022-11-19,-4.904505,0.9990009990009991,7646177.85,0.9979044007584074,152691.6,
89,2022-11-20,-18.0894,0.9987016878058523,11278167.35,0.9982032341784787,161812.9,
90,2022-11-21,-4.901585000000001,0.9989012086704624,12932259.38,0.998402555910543,534909.7,
91,2022-11-22,-8.02343,0.998801438274071,14131075.83,0.998003992015968,312682.5,
92,2022-11-23,-8.866215,0.9990009990009991,10937849.09,0.9981036031540074,223756.0,
93,2022-11-24,-16.80825,0.9992006394884093,11036193.93,0.9986019572598361,316361.1,
94,2022-11-25,-0.0010950000000000003,0.9995002498750625,8331689.08,0.9987016878058523,242039.9,
95,2022-11-26,-0.0010950000000000003,0.9994003597841296,7364574.34,0.9987016878058523,887398.9,
96,2022-11-27,-9.942965,0.9995002498750625,5889546.73,0.9986019572598361,97461.8,
97,2022-11-28,-20.536360000000002,0.9997000899730081,11531517.07,0.9986019572598361,898707.3,
98,2022-11-29,-35.008610000000004,0.9997000899730081,8768724.66,0.998801438274071,971792.3,
99,2022-11-30,-1.5257,1.0,12652512.15,0.9998000399920016,380359.7,
100,2022-12-01,-1.5497900000000002,1.000100010001,12563384.15,0.99930048965724,241172.8,
101,2022-12-02,-35.74919499999999,1.0,9413879.11,0.9994003597841296,103260.0,
102,2022-12-03,-13.665235000000001,1.0,5218489.38,0.9996001599360256,219633.0,
103,2022-12-04,-0.0010950000000000003,1.0002000400080016,13151080.1,0.9998000399920016,221548.6,
104,2022-12-05,-0.0010950000000000003,1.0002000400080016,13925231.43,0.9998000399920016,110578.2,
105,2022-12-06,-0.0010950000000000003,1.000100010001,8223491.37,0.9998000399920016,185321.0,
106,2022-12-07,-0.0010950000000000003,1.0,8920292.12,0.9999000099990001,148545.3,
107,2022-12-08,-0.0010950000000000003,1.000100010001,8579008.0,0.9998000399920016,116653.5,
108,2022-12-09,-0.0010950000000000003,1.000100010001,8883808.91,0.9992006394884093,205853.8,
109,2022-12-10,-6.77148,1.0,4462701.23,0.9990009990009991,46816.5,
110,2022-12-11,-14.192659999999998,1.0,5375884.83,0.9996001599360256,1959655.5,
111,2022-12-12,-0.0010950000000000003,1.000100010001,14765969.04,0.9998000399920016,213208.2,
112,2022-12-13,-0.0010950000000000003,1.0,29960912.73,0.9998000399920016,467678.2,
113,2022-12-14,-0.0010950000000000003,1.0,17601446.73,0.9996001599360256,243417.5,
114,2022-12-15,-0.0010950000000000003,1.0,14069766.16,0.9998000399920016,91728.3,
115,2022-12-16,-0.0010950000000000003,1.000100010001,17038321.96,0.9997000899730081,82248.5,
116,2022-12-17,-9.23669,1.0002000400080016,9623115.39,0.9994003597841296,986841.7,
117,2022-12-18,-16.24031,1.0002000400080016,5828743.72,0.99930048965724,229891.6,
118,2022-12-19,-9.592565,1.000100010001,14047413.27,0.9995002498750625,564799.6,
119,2022-12-20,-4.9358949999999995,1.000100010001,10305144.13,0.9986019572598361,817142.8,
120,2022-12-21,-63.636655,1.0,6998801.68,0.9990009990009991,202462.7,
121,2022-12-22,-31.972905,0.9999000099990001,9918907.35,0.9995002498750625,237157.1,
122,2022-12-23,-14.428815,0.9999000099990001,5167332.25,0.9992006394884093,282762.9,
123,2022-12-24,-19.545385,0.9999000099990001,4225538.94,0.99930048965724,71184.2,
124,2022-12-25,-3.68066,1.0,3687091.4,0.9992006394884093,101721.7,
125,2022-12-26,-0.0010950000000000003,0.9998000399920016,5575546.26,0.9994003597841296,40674.4,
126,2022-12-27,-0.0010950000000000003,0.9997000899730081,8033879.29,0.9994003597841296,137136.7,
127,2022-12-28,-0.0010950000000000003,0.9996001599360256,7873362.02,0.9994003597841296,211537.6,
128,2022-12-29,-0.0010950000000000003,0.9996001599360256,10632745.46,0.9991008092716556,150441.0,
129,2022-12-30,-0.0010950000000000003,0.9996001599360256,9202150.27,0.9992006394884093,74694.8,
130,2022-12-31,-0.0010950000000000003,0.9995002498750625,5633195.01,0.998801438274071,103932.0,
131,2023-01-01,-1.5238749999999999,0.9996001599360256,7549265.85,0.9990009990009991,106028.6,
132,2023-01-02,-5.6432649999999995,0.9998000399920016,8340542.72,0.9990009990009991,52495.5,
133,2023-01-03,-11.668685,0.9996001599360256,7285598.28,0.99930048965724,202976.8,
134,2023-01-04,-0.0010950000000000003,0.9997000899730081,7343713.35,0.9990009990009991,43174.0,
135,2023-01-05,-2.31994,0.9997000899730081,3195917.6,0.9995002498750625,226468.0,
136,2023-01-06,-0.0010950000000000003,0.9997000899730081,5807774.62,0.9994003597841296,107613.6,
137,2023-01-07,-0.0010950000000000003,0.9998000399920016,2606516.34,0.9990009990009991,23784.7,
138,2023-01-07,-0.00036500000000000004,0.9998000399920016,2606516.34,0.9990009990009991,23784.7,
139,2023-01-08,-3.3503350000000003,1.0,2955184.12,0.99930048965724,13947.1,
140,2023-01-09,-7.56207,1.000100010001,8308340.08,0.9996001599360256,450759.0,
141,2023-01-10,-3.3806300000000005,1.0,7045788.66,0.9992006394884093,383797.0,
142,2023-01-11,-12.0377,1.0,4950249.51,0.9994003597841296,76939.4,
143,2023-01-12,-0.9990050000000003,1.0,9857389.24,0.9996001599360256,728263.5,
144,2023-01-13,-0.0010950000000000003,1.000100010001,8281269.08,0.9996001599360256,124216.1,
145,2023-01-14,-0.0010950000000000003,1.000300090027008,14379455.84,0.9998000399920016,333717.4,
146,2023-01-15,-0.0010950000000000003,1.0005002501250624,4924044.52,0.9994003597841296,282740.7,
147,2023-01-16,-23.870635,1.0004001600640255,8876510.95,0.9996001599360256,366327.6,
148,2023-01-17,-0.0010950000000000003,1.0004001600640255,5456533.47,0.9996001599360256,30223.2,
149,2023-01-18,-0.0010950000000000003,1.0,10220739.89,0.9994003597841296,187393.3,
150,2023-01-19,-0.0010950000000000003,1.000100010001,4381016.82,0.9997000899730081,185574.7,
151,2023-01-20,-0.0010950000000000003,1.0006003602161297,10548858.23,0.9996001599360256,101823.8,
152,2023-01-21,-0.0010950000000000003,1.000100010001,11287801.82,0.9995002498750625,373946.5,
153,2023-01-22,-1.57972,1.0002000400080016,6572439.12,0.9996001599360256,71446.0,
154,2023-01-23,-10.398119999999999,1.0004001600640255,6069932.87,0.9995002498750625,106250.5,
155,2023-01-24,-6.794475,1.000300090027008,7083603.93,0.9995002498750625,202382.4,
156,2023-01-25,-5.350899999999999,1.000300090027008,11169887.97,0.9996001599360256,176113.1,
157,2023-01-26,-0.040515,1.0002000400080016,5682633.44,0.9996001599360256,33517.6,
158,2023-01-27,-3.5616700000000003,1.000300090027008,3377108.8,0.9996001599360256,55046.9,
159,2023-01-28,-4.569070000000001,1.000300090027008,3002207.01,0.9997000899730081,7812.0,
160,2023-01-29,-6.27362,1.000300090027008,4618411.82,0.9997000899730081,75807.1,
161,2023-01-30,-0.0010950000000000003,1.000100010001,6955134.59,0.9997000899730081,115846.8,
162,2023-01-31,-0.0010950000000000003,1.000100010001,4554246.11,0.9997000899730081,287394.3,
163,2023-02-01,-0.0010950000000000003,1.0002000400080016,6247085.74,0.9995002498750625,152578.2,
164,2023-02-02,-3.3944999999999994,1.0002000400080016,9562557.84,0.9998000399920016,81202.6,
165,2023-02-03,-0.0010950000000000003,1.000100010001,5426532.47,0.9996001599360256,102898.6,
166,2023-02-04,-0.0010950000000000003,1.0002000400080016,2862407.27,0.9996001599360256,22184.2,
167,2023-02-05,-5.183,1.000300090027008,7011502.7,0.9996001599360256,135206.4,
168,2023-02-06,-8.45851,1.0002000400080016,10232018.29,0.9996001599360256,121431.5,
169,2023-02-07,-0.0010950000000000003,1.000100010001,4570974.71,0.9997000899730081,192272.4,
170,2023-02-08,-0.0010950000000000003,1.000100010001,4121239.25,0.9996001599360256,45182.8,
171,2023-02-09,-0.0010950000000000003,1.0002000400080016,6457288.33,0.9997000899730081,131060.0,
172,2023-02-10,-3.6985449999999997,1.0004001600640255,5790635.85,0.9997000899730081,157684.7,
173,2023-02-11,-0.620865,1.000300090027008,3933457.34,0.9997000899730081,123792.6,
174,2023-02-12,-0.0010950000000000003,1.0002000400080016,7025039.83,0.9996001599360256,124441.0,
175,2023-02-13,-6.806520000000001,1.0006003602161297,19409320.67,1.0004001600640255,1181167.4,
176,2023-02-14,-0.0010950000000000003,1.0005002501250624,10830328.87,0.9998000399920016,425481.1,
177,2023-02-15,-0.0010950000000000003,1.0002000400080016,10107352.14,0.9998000399920016,180217.2,
178,2023-02-16,-0.0010950000000000003,1.0002000400080016,15936750.76,1.000100010001,211263.6,
179,2023-02-17,-0.0010950000000000003,1.0002000400080016,12459520.47,0.9999000099990001,202907.6,
180,2023-02-18,-0.0010950000000000003,1.0002000400080016,5387937.39,0.9998000399920016,338603.9,
181,2023-02-19,-0.0010950000000000003,1.0002000400080016,9278679.57,1.0,169486.9,
182,2023-02-20,-0.0010950000000000003,1.000100010001,10631161.47,0.9999000099990001,138850.7,
183,2023-02-21,-0.0010950000000000003,1.000100010001,13639485.33,0.9998000399920016,324428.3,
184,2023-02-22,-0.0010950000000000003,1.000100010001,17812507.88,0.9999000099990001,101355.5,
185,2023-02-23,-0.0010950000000000003,1.0002000400080016,18139819.97,0.9999000099990001,18313.5,
186,2023-02-24,-0.0010950000000000003,1.000100010001,26435439.99,0.9998000399920016,93704.8,
187,2023-02-25,-0.0010950000000000003,1.000100010001,8318731.37,0.9999000099990001,31339.3,
188,2023-02-26,-0.0010950000000000003,1.0,9490737.73,0.9998000399920016,13777.6,
189,2023-02-27,-0.0010950000000000003,1.000100010001,22750079.21,0.9996001599360256,42615.7,
190,2023-02-28,-0.0010950000000000003,1.0002000400080016,16409044.56,0.9994003597841296,104397.9,
191,2023-03-01,-0.0010950000000000003,1.000100010001,13832250.24,0.9996001599360256,586522.1,
192,2023-03-02,-0.0010950000000000003,1.000100010001,15069205.1,0.9997000899730081,261908.6,
193,2023-03-03,-0.48654499999999995,1.000100010001,20620288.49,0.9995002498750625,416452.0,
194,2023-03-04,-0.0010950000000000003,1.0,10424214.85,0.9998000399920016,347852.2,
195,2023-03-05,-0.0010950000000000003,1.0,11027594.83,0.9996001599360256,108005.2,
196,2023-03-06,-0.0010950000000000003,1.0,11212494.09,0.9996001599360256,253302.4,
197,2023-03-07,-0.0010950000000000003,1.0,18033412.63,0.9995002498750625,85379.9,
198,2023-03-08,-0.0010950000000000003,1.0,10036797.06,0.9995002498750625,672568.7,
199,2023-03-09,-0.0010950000000000003,0.9999000099990001,27572666.33,0.9995002498750625,338701.2,
200,2023-03-10,-0.0010950000000000003,1.0055304172951232,58637810.24,1.0054293183189222,18021156.4,
201,2023-03-11,-348.23701,1.0404744563520967,443696351.83,1.0426441455531228,1218151250.9,
202,2023-03-12,-11.859580000000001,1.0155377272265664,186998773.59,1.0155377272265664,636794986.7,
203,2023-03-13,-62.56757,1.005126143330988,1036507986.0,1.0048332479225073,274492148.0,193996.0
204,2023-03-14,-13.284174999999998,1.0039152695512499,937518041.0,1.003784266685404,67979609.0,52344.0
205,2023-03-15,-14.625915,1.0040160642570282,1081776463.0,1.0038648797871808,61588985.0,59609.0
206,2023-03-16,-8.389525,1.0025062656641603,948805169.0,1.0031800808563145,48581285.0,37181.0
207,2023-03-17,4.0661,1.0023053021950485,1068606681.0,1.0027575833542242,68073546.0,49664.0
208,2023-03-18,4.340579999999999,1.0029084344599337,419426325.0,1.0034418053924963,38843702.0,40509.0
209,2023-03-19,1.545775,1.0031096398836392,277650525.0,1.0036734448079974,10921385.0,19177.0
210,2023-03-20,-0.35185999999999984,1.0041168792047395,1368051446.0,1.0041067967989075,43141884.0,54988.0
211,2023-03-21,19.217979999999997,1.0031096398836392,812714291.0,1.003562647398264,31164548.0,58807.0
212,2023-03-22,5.94512,1.0028078620136383,702913908.0,1.0033813953021682,22145033.0,73396.0
213,2023-03-23,5.98527,1.002104419280489,784786439.0,1.0026872017005575,12870909.0,20432.0
214,2023-03-24,2.7207099999999995,1.001201441730076,388517725.0,1.0017430328772063,23177276.0,52017.0
215,2023-03-25,14.18171,1.001001001001001,208967652.0,1.00144207659029,18385653.0,40252.0
216,2023-03-26,-6.16193,1.0009008107296566,137957870.0,1.0014922234128851,6290602.0,12902.0
217,2023-03-27,0.026279999999999994,1.0005002501250624,377732824.0,1.0011613471627088,14922146.0,35668.0
218,2023-03-28,7.782165000000001,1.000300090027008,310134717.0,1.0011012113324658,15559088.0,48679.0
219,2023-03-29,9.819595,1.0002000400080016,231069323.0,1.0008206729518205,16217706.0,32353.0
220,2023-03-30,4.77201,1.0,314586656.0,1.0005803365952253,8901534.0,19535.0
221,2023-03-31,-3.4861150000000007,1.000300090027008,309005717.0,1.00080064051241,13362214.0,21916.0
222,2023-04-01,14.901124999999999,1.000300090027008,103770958.0,1.001201441730076,28141859.0,35396.0
223,2023-04-02,20.915594999999996,1.0005002501250624,128437895.0,1.0011413010832348,6780905.0,14704.0
224,2023-04-03,9.772145,1.000300090027008,358250196.0,1.0008206729518205,10774262.0,19525.0
225,2023-04-04,4.133990000000001,1.0004001600640255,266884953.0,1.000920847179405,6599220.0,15363.0
226,2023-04-05,1.8662449999999997,1.000300090027008,189058207.0,1.000830689472262,6422508.0,16153.0
227,2023-04-06,-1.03222,1.0006003602161297,201375483.0,1.0010410827260352,4121938.0,12709.0
228,2023-04-07,0.3347050000000001,1.0007004903432404,148398678.0,1.0012716149509877,3406920.0,10567.0
229,2023-04-08,6.499555,1.0006003602161297,128576738.0,1.0010410827260352,3140157.0,9847.0
230,2023-04-09,5.1125549999999995,1.0007004903432404,69988769.0,1.0011413010832348,3398667.0,11006.0
231,2023-04-10,4.680395000000001,1.00080064051241,295287855.0,1.0011112334691508,4225222.0,9432.0
232,2023-04-11,-6.14806,1.0011012113324658,457651188.0,1.00144207659029,7060858.0,15864.0
233,2023-04-12,4.66397,1.0007004903432404,360528390.0,1.0012315147631587,5430598.0,17357.0
234,2023-04-13,9.261875,1.001001001001001,376306475.0,1.0015323444870652,6373592.0,16878.0
235,2023-04-14,0.10365999999999999,1.001001001001001,400468888.0,1.001522313917154,7538867.0,18596.0
236,2023-04-15,4.325615,1.00080064051241,158614740.0,1.0014521055530519,5670993.0,16922.0
237,2023-04-16,4.197134999999999,1.0007004903432404,152996520.0,1.0012114658737072,5094594.0,13960.0
238,2023-04-17,1.796165,1.0006003602161297,391023378.0,1.0013417980093324,5440430.0,14563.0
239,2023-04-18,4.0288699999999995,1.0004001600640255,407945864.0,1.0008106566318717,5487601.0,14181.0
240,2023-04-19,5.733785,1.0005002501250624,314656971.0,1.0009008107296566,8672891.0,21534.0
241,2023-04-20,1.6614799999999998,1.000100010001,320888919.0,1.0006003602161297,6063902.0,15986.0
242,2023-04-21,5.880515,0.9999000099990001,309079288.0,1.0004301849795412,7680601.0,14309.0
243,2023-04-22,7.122245,0.9999000099990001,136614471.0,1.0006103723271196,4900125.0,13444.0
244,2023-04-23,4.103694999999999,1.0,123241711.0,1.0004902402177067,6192644.0,16489.0
245,2023-04-24,-1.18187,1.0,198899683.0,1.0006103723271196,5584885.0,15801.0
246,2023-04-25,-1.3139999999999996,1.0,225187872.0,1.000770593356885,7176728.0,16365.0
247,2023-04-26,4.672,1.000300090027008,355674902.0,1.000920847179405,7953205.0,22090.0
248,2023-04-27,-0.7467900000000002,1.0004001600640255,281928919.0,1.0008607402366034,8468945.0,21252.0
249,2023-04-28,-1.083685,1.00080064051241,266866016.0,1.0013117183510398,10472525.0,18805.0
250,2023-04-29,6.165215,1.0005002501250624,122050580.0,1.0013016921998599,6535965.0,15690.0
251,2023-04-30,5.311115,1.0005002501250624,151426915.0,1.0009909810712605,6385306.0,14053.0
252,2023-05-01,3.083885,1.000300090027008,378577099.0,1.000720518773517,6146070.0,11740.0
253,2023-05-02,-2.678735,1.0006003602161297,271219536.0,1.0009809613421152,6643099.0,11741.0
254,2023-05-03,-4.12158,1.0002000400080016,307321334.0,1.000720518773517,5233641.0,13751.0
255,2023-05-04,-1.58629,1.0004001600640255,234047637.0,1.0009308657051057,3703847.0,9763.0
256,2023-05-05,2.193285,1.001001001001001,340810062.0,1.001351824963701,6305257.0,15663.0
257,2023-05-06,-6.029800000000001,1.0018032458425166,248901441.0,1.002385677913434,10171816.0,15592.0
258,2023-05-07,-0.21827000000000002,1.001401962747847,153245461.0,1.001712929108776,5979205.0,12719.0
259,2023-05-08,-2.6276349999999997,1.00080064051241,358086526.0,1.0014621347166863,7155666.0,16245.0
260,2023-05-09,2.24402,1.0006003602161297,253533554.0,1.0011012113324658,6228031.0,13191.0
261,2023-05-10,4.90852,1.0007004903432404,293602662.0,1.0012716149509877,5895322.0,11027.0
262,2023-05-11,1.60819,1.0005002501250624,246813875.0,1.0010410827260352,5239600.0,9358.0
263,2023-05-12,-5.913,1.0005002501250624,237460727.0,1.0011312783445292,3177465.0,7687.0
264,2023-05-13,1.409265,1.0004001600640255,67448610.0,1.0010110211313425,1614311.0,5991.0
265,2023-05-14,-2.2181049999999995,1.0005002501250624,45280766.0,1.001081167661074,2781029.0,5791.0
266,2023-05-15,8.488805,1.000300090027008,254089026.0,1.0009108288542574,3998916.0,8648.0
267,2023-05-16,-2.12211,1.000300090027008,207079278.0,1.0008206729518205,1710434.0,5400.0
268,2023-05-17,-0.30806,1.0002000400080016,232960237.0,1.000830689472262,3991144.0,9299.0
269,2023-05-18,-6.882805,1.000100010001,172174143.0,1.0006604358876858,5983174.0,14280.0
270,2023-05-19,-7.9559050000000004,1.0002000400080016,147384686.0,1.0007305332893013,3421473.0,8306.0
271,2023-05-20,-6.84448,1.000300090027008,45447164.0,1.0010410827260352,3942945.0,8626.0
272,2023-05-21,7.845674999999999,1.0002000400080016,96837085.0,1.0009709418135593,2207740.0,5667.0
273,2023-05-22,-0.9906100000000001,1.000300090027008,256661242.0,1.0006704492009646,2283349.0,6952.0
274,2023-05-23,-1.62936,1.0002000400080016,247102539.0,1.0006704492009646,2835053.0,9065.0
275,2023-05-24,-0.22119000000000022,1.0,213404056.0,1.0005903483055003,5071986.0,8995.0
276,2023-05-25,3.7912550000000005,1.0,152177400.0,1.0003601296466729,8501940.0,14946.0
277,2023-05-26,-10.950000000000001,1.0002000400080016,216113579.0,1.0004401936852214,6227025.0,8746.0
278,2023-05-27,-10.950000000000001,1.000300090027008,79026068.0,1.0007105044581652,2714483.0,9874.0
279,2023-05-28,-10.950000000000001,1.000100010001,178948285.0,1.0006904764287359,2746034.0,7943.0
280,2023-05-29,-8.584435,1.000300090027008,236429869.0,1.0006704492009646,1845475.0,6009.0
281,2023-05-30,-10.950000000000001,1.000300090027008,267435180.0,1.00080064051241,3044423.0,7111.0
282,2023-05-31,-10.950000000000001,1.000100010001,253802297.0,1.0008607402366034,4867906.0,16807.0
283,2023-06-01,-3.5196949999999996,1.0002000400080016,223477937.0,1.0008206729518205,6195846.0,20445.0
284,2023-06-02,2.2035050000000003,1.0002000400080016,213952354.0,1.0009509033581903,4264783.0,17981.0
285,2023-06-03,-0.30660000000000004,1.0004001600640255,103627729.0,1.001001001001001,3990534.0,17225.0
286,2023-06-04,-2.239275,1.000300090027008,184875795.0,1.000890792805597,3043728.0,12775.0
287,2023-06-05,0.4321600000000001,1.000300090027008,351512207.0,1.0009008107296566,2718728.0,12168.0
288,2023-06-06,2.3560749999999997,1.0002000400080016,392174543.0,1.0008607402366034,3202827.0,12938.0
289,2023-06-07,8.079274999999999,1.000100010001,367759456.0,1.0007105044581652,3164173.0,13597.0
290,2023-06-08,12.727549999999999,1.000100010001,231595647.0,1.000740548005524,3739982.0,22635.0
291,2023-06-09,12.557094999999999,1.0,251095150.0,1.0005102602327187,4558619.0,16924.0
292,2023-06-10,2.1998550000000003,1.0005002501250624,402264334.0,1.000920847179405,10357628.0,26600.0
293,2023-06-11,9.291440000000001,1.0004001600640255,139102411.0,1.0009509033581903,3396461.0,11663.0
294,2023-06-12,5.053425000000001,1.000100010001,327504119.0,1.0007105044581652,2714865.0,9728.0
295,2023-06-13,8.044599999999999,0.9999000099990001,323515917.0,1.0005102602327187,2635528.0,9654.0
296,2023-06-14,11.924915,0.9999000099990001,280113601.0,1.0004702210038718,3981163.0,10779.0
297,2023-06-15,-1.1012050000000002,0.9991008092716556,878278516.0,0.9992006394884093,92072621.0,56218.0
298,2023-06-16,-10.950000000000001,0.99930048965724,426756803.0,0.9992206079258179,25781268.0,51630.0
299,2023-06-17,-10.950000000000001,0.9996001599360256,226319055.0,0.9997000899730081,13444586.0,14626.0
300,2023-06-18,-10.950000000000001,0.9998000399920016,133778445.0,1.0000600036002159,8285305.0,10827.0
301,2023-06-19,-8.708169999999999,0.9998000399920016,253632848.0,1.0002600676175806,6448319.0,53992.0
302,2023-06-20,-4.243854999999999,1.0002000400080016,443281459.0,1.0004602116973809,11604844.0,131131.0
303,2023-06-21,-5.1819049999999995,1.0,542756177.0,1.000540291757549,16539165.0,125356.0
304,2023-06-22,-1.173475,1.000300090027008,409354480.0,1.0007105044581652,6407861.0,15575.0
305,2023-06-23,-2.650265,1.0006003602161297,428014017.0,1.0009408844313656,3811851.0,9283.0
306,2023-06-24,-10.905470000000001,1.0004001600640255,142518735.0,1.0009408844313656,3598593.0,9123.0
307,2023-06-25,-3.1711199999999993,1.000300090027008,158901823.0,1.0008607402366034,2319762.0,10768.0
308,2023-06-26,-1.0592300000000001,1.0002000400080016,328416141.0,1.0007004903432404,1543920.0,7660.0
309,2023-06-27,0.67963,1.000100010001,291715813.0,1.0006303971502046,1279539.0,7152.0
310,2023-06-28,0.006934999999999995,0.9999000099990001,316848930.0,1.0004301849795412,4557660.0,14133.0
311,2023-06-29,1.012145,0.9999000099990001,274044529.0,1.000280078421958,3814829.0,12583.0
312,2023-06-30,-1.65491,0.9998000399920016,659624338.0,1.0003401156393175,4977776.0,14080.0
313,2023-07-01,-0.7347450000000002,0.9998000399920016,276555433.0,1.0004401936852214,1876896.0,7514.0
314,2023-07-02,-1.023095,0.9999000099990001,147278455.0,1.0004401936852214,1331179.0,6559.0
315,2023-07-03,2.680925,1.000100010001,305813484.0,1.000530281048956,1547633.0,11396.0
316,2023-07-04,-4.715434999999999,1.0002000400080016,226391432.0,1.0007305332893013,2282375.0,9269.0
317,2023-07-05,1.6717,1.0,287764638.0,1.0006103723271196,1327301.0,6887.0
318,2023-07-06,3.8923599999999996,1.0,410450934.0,1.0005102602327187,2237761.0,10837.0
319,2023-07-07,-3.303615,1.000100010001,284907103.0,1.0005803365952253,4131430.0,13974.0
320,2023-07-08,-5.6556750000000005,1.0002000400080016,116390474.0,1.0007004903432404,1708165.0,11136.0
321,2023-07-09,-0.263895,1.000100010001,104725735.0,1.0006003602161297,970478.0,4842.0
322,2023-07-10,-0.68328,1.000100010001,369833699.0,1.0006604358876858,2553134.0,14210.0
323,2023-07-11,-2.879485,1.000100010001,291133758.0,1.0006504227748036,3880704.0,16740.0
324,2023-07-12,-1.5384749999999998,1.0,313982372.0,1.000540291757549,3350367.0,13961.0
325,2023-07-13,9.18048,1.0004001600640255,649798706.0,1.0007105044581652,7213483.0,19943.0
326,2023-07-14,-8.21761,1.0006003602161297,559091321.0,1.0009709418135593,4449483.0,19719.0
327,2023-07-15,-6.831705,1.000300090027008,241583616.0,1.0007806088749225,984419.0,10259.0
328,2023-07-16,-2.421045,1.0005002501250624,207145446.0,1.0010711461263553,1583278.0,7961.0
329,2023-07-17,-5.050870000000001,1.000100010001,299738504.0,1.0007305332893013,1261993.0,8103.0
330,2023-07-18,-0.9230849999999999,1.0002000400080016,281390205.0,1.0006203846384758,1304527.0,7851.0
331,2023-07-19,1.026745,1.000100010001,247001017.0,1.0006003602161297,1883916.0,9029.0
332,2023-07-20,2.2666500000000003,1.0,202054237.0,1.0005002501250624,876697.0,4959.0
333,2023-07-21,1.2869899999999999,1.0,128597148.0,1.0004902402177067,1499496.0,5065.0
334,2023-07-22,-0.3485749999999999,1.0,137731810.0,1.0004101681689492,1395318.0,3995.0
335,2023-07-23,-6.055350000000001,1.0,117781967.0,1.000480230510645,1024494.0,6000.0
336,2023-07-24,-8.631155,0.9999000099990001,266719950.0,1.0003201024327786,1963135.0,6714.0
337,2023-07-25,-8.850885,0.9999000099990001,188736104.0,1.0003401156393175,1958467.0,7126.0
338,2023-07-26,-7.669745,0.9999000099990001,238297730.0,1.0004602116973809,1211216.0,6309.0
339,2023-07-27,0.12373500000000012,0.9998000399920016,193187548.0,1.0003201024327786,1576610.0,4558.0
340,2023-07-28,3.766435,0.9999000099990001,284605552.0,1.0003601296466729,1010497.0,6169.0
341,2023-07-29,0.887315,1.0,110467929.0,1.000530281048956,1373859.0,5544.0
342,2023-07-30,-1.64907,0.9999000099990001,95237871.0,1.000520270540681,731851.0,2747.0
343,2023-07-31,-1.1716499999999999,0.9999000099990001,270350290.0,1.0003100961298004,641478.0,4215.0
344,2023-08-01,1.468395,0.9995002498750625,353764949.0,1.0,2081564.0,6366.0
345,2023-08-02,7.637624999999999,0.9994003597841296,310571587.0,0.9999100080992711,4209289.0,11019.0
346,2023-08-03,-8.642835,0.9992006394884093,278038118.0,0.9994403134244824,4818622.0,8845.0
347,2023-08-04,-9.226105,0.9986019572598361,269544985.0,0.9986318743321648,11939535.0,18417.0
348,2023-08-05,-10.950000000000001,0.9991008092716556,124132842.0,0.9993604093380237,6107869.0,8858.0
349,2023-08-06,-4.68879,0.9985022466300548,124569376.0,0.9989012086704624,3606214.0,12754.0
350,2023-08-07,-10.77553,0.9989012086704624,373855763.0,0.9991507218863965,11384456.0,15569.0
351,2023-08-08,-10.950000000000001,0.9996001599360256,384347791.0,1.0,6631445.0,15748.0
352,2023-08-09,-9.933475000000001,0.99930048965724,220509429.0,1.000030000900027,5399291.0,13606.0
353,2023-08-10,7.537249999999999,0.9989012086704624,193336935.0,0.9994503023337165,4343668.0,15227.0
354,2023-08-11,1.371305,0.9989012086704624,254147923.0,0.9994902599674166,1523566.0,7081.0
355,2023-08-12,-2.403525,0.9994003597841296,121963521.0,0.9998800143982723,1419673.0,7952.0
356,2023-08-13,-4.9895499999999995,0.9992006394884093,98939662.0,0.9997800483893542,993651.0,7321.0
357,2023-08-14,-4.16538,0.9990009990009991,394735820.0,0.999460291442621,1197510.0,5580.0
358,2023-08-15,-4.215385,0.9990009990009991,363587687.0,0.9994902599674166,1689501.0,7783.0
359,2023-08-16,-5.104525,0.998801438274071,337883023.0,0.9992705325112669,2802858.0,11926.0
360,2023-08-17,-5.08007,0.9997000899730081,595271041.0,1.0001600256040968,9210290.0,22839.0
361,2023-08-18,-3.8171699999999995,0.9997000899730081,517996078.0,1.0001400196027443,4444317.0,15283.0
362,2023-08-19,-4.4165,0.9997000899730081,216420829.0,1.0003100961298004,2448173.0,13725.0
363,2023-08-20,-2.107145,1.0,166321457.0,1.0003601296466729,1921270.0,7990.0
364,2023-08-21,-1.5081799999999999,0.9999000099990001,269611562.0,1.00035012254289,3469834.0,12753.0
365,2023-08-22,2.59807,0.9995002498750625,311975941.0,1.000050002500125,2436153.0,10065.0
366,2023-08-23,1.3917450000000002,0.9998000399920016,292782918.0,1.0002300529121697,1261408.0,8329.0
367,2023-08-24,1.17603,0.9996001599360256,208154011.0,1.000110012101331,2206463.0,10832.0
368,2023-08-25,0.21462,0.9995002498750625,240741890.0,0.9999900000999989,1457062.0,8011.0
369,2023-08-26,0.41573499999999997,0.9994003597841296,166675078.0,1.0,4251398.0,11306.0
370,2023-08-27,6.401005,0.9995002498750625,108844694.0,0.9999500024998749,1110197.0,7670.0
371,2023-08-28,4.842454999999999,0.9994003597841296,330788900.0,0.9998500224966254,3226896.0,21661.0
372,2023-08-29,10.968979999999998,1.0,486775974.0,1.0004101681689492,3770524.0,12694.0
373,2023-08-30,-6.783159999999999,1.0,328469074.0,1.0004001600640255,2655944.0,9554.0
374,2023-08-31,-3.4441400000000004,0.9998000399920016,282551106.0,1.000210044109263,1131401.0,9633.0
375,2023-09-01,-3.2203949999999995,0.9996001599360256,282045405.0,0.9999800003999921,1347179.0,6761.0
376,2023-09-02,-5.073135,0.9999000099990001,103098964.0,1.0001900361068603,952789.0,7747.0
377,2023-09-03,-9.723600000000001,0.9998000399920016,112530471.0,1.000300090027008,595058.0,5058.0
378,2023-09-04,-1.5738799999999997,0.9997000899730081,194644944.0,1.0001600256040968,797348.0,5165.0
379,2023-09-05,-0.15841000000000008,0.9996001599360256,289846401.0,1.0000600036002159,690309.0,4688.0
380,2023-09-06,-2.2005850000000002,0.9994003597841296,253138078.0,0.9999100080992711,921702.0,9751.0
381,2023-09-07,2.7667,0.9994003597841296,202718373.0,1.000010000100001,2733595.0,7630.0
382,2023-09-08,3.7496449999999992,0.9997000899730081,262331519.0,1.0001400196027443,725531.0,7586.0
383,2023-09-09,-2.9360600000000003,0.9997000899730081,88023875.0,1.0001400196027443,544879.0,5394.0
384,2023-09-10,-1.0939050000000001,0.9996001599360256,113249910.0,1.000100010001,524867.0,4382.0
385,2023-09-11,1.4468600000000003,0.9997000899730081,265808454.0,1.0001500225033755,910588.0,7869.0
386,2023-09-12,2.14109,1.0,314760324.0,1.0003701369506717,1805541.0,6432.0
387,2023-09-13,-6.8309750000000005,1.0,302624937.0,1.0004001600640255,786446.0,7770.0
388,2023-09-14,-8.91987,1.000100010001,294087722.0,1.0006303971502046,900017.0,9119.0
389,2023-09-15,-9.718125,1.0,228598767.0,1.0003201024327786,2103563.0,8235.0
390,2023-09-16,-10.950000000000001,1.000100010001,98054509.0,1.0005903483055003,765106.0,5573.0
391,2023-09-17,-9.107479999999999,1.0002000400080016,82669025.0,1.0006904764287359,1072464.0,4936.0
392,2023-09-18,-8.05263,1.000100010001,294267233.0,1.0006404098623118,2034103.0,8393.0
393,2023-09-19,-9.07025,1.0002000400080016,230688013.0,1.0006203846384758,503614.0,6355.0
394,2023-09-20,-3.6697100000000002,1.000100010001,258328895.0,1.000520270540681,685576.0,7494.0
395,2023-09-21,-2.9659899999999997,0.9999000099990001,188183587.0,1.0004201764741192,707029.0,6217.0
396,2023-09-22,-1.82792,1.0,213799160.0,1.0003701369506717,306765.0,3808.0
397,2023-09-23,-5.4384999999999994,1.0,58092957.0,1.0005002501250624,371427.0,3728.0
398,2023-09-24,-0.5599099999999999,1.000100010001,50659706.0,1.0006203846384758,1690472.0,6324.0
399,2023-09-25,3.63394,0.9998000399920016,263097582.0,1.0002600676175806,696527.0,7695.0
400,2023-09-26,0.8617649999999998,0.9995002498750625,232307818.0,1.0001200144017282,1427188.0,5269.0
401,2023-09-27,9.203109999999999,0.99930048965724,263658939.0,0.9997700528878358,1614789.0,9670.0
402,2023-09-28,1.5917649999999999,0.9998000399920016,336243884.0,1.0004101681689492,1346371.0,8766.0
403,2023-09-29,-4.690980000000001,0.9999000099990001,232032321.0,1.0003201024327786,866693.0,9025.0
404,2023-09-30,-8.321634999999999,1.0002000400080016,145789825.0,1.0004902402177067,719460.0,6599.0
405,2023-10-01,-9.22939,0.9999000099990001,123513694.0,1.000300090027008,950921.0,11333.0
406,2023-10-02,-9.09872,1.0002000400080016,502717942.0,1.0006504227748036,1374350.0,10645.0
407,2023-10-03,-5.95534,1.0,289177492.0,1.000450202591166,723845.0,11486.0
408,2023-10-04,-4.69463,0.9999000099990001,204868866.0,1.0004702210038718,942765.0,9476.0
409,2023-10-05,-3.62883,1.0,289212559.0,1.0006604358876858,1618726.0,11165.0
410,2023-10-06,-1.619505,1.0004001600640255,255691323.0,1.0008507231146475,609350.0,9077.0
411,2023-10-07,-9.307865,1.0005002501250624,90375839.0,1.001001001001001,662833.0,6824.0
412,2023-10-08,-9.116240000000001,1.0005002501250624,163556088.0,1.0009709418135593,1435908.0,13778.0
413,2023-10-09,-1.79507,1.000300090027008,306877462.0,1.0007906245934288,995216.0,16845.0
414,2023-10-10,-2.177955,1.000100010001,315100686.0,1.0006504227748036,1198038.0,11380.0
415,2023-10-11,1.3253150000000002,0.9997000899730081,315921404.0,1.0003100961298004,824503.0,9949.0
416,2023-10-12,5.476095,0.9997000899730081,201304063.0,1.000180032405833,723245.0,7862.0
417,2023-10-13,5.914460000000001,0.9997000899730081,223204769.0,1.0003301089359489,720457.0,6863.0
418,2023-10-14,2.5571900000000003,0.9999000099990001,60730126.0,1.000480230510645,518907.0,7770.0
419,2023-10-15,2.4433099999999994,1.000100010001,123506293.0,1.0006203846384758,2532953.0,9588.0
420,2023-10-16,2.2111699999999996,1.000300090027008,552083084.0,1.0008607402366034,1534091.0,14085.0
421,2023-10-17,0.7946049999999998,1.000300090027008,438859081.0,1.00080064051241,1290126.0,13509.0
422,2023-10-18,-5.285565,1.000100010001,336164069.0,1.000770593356885,754539.0,7652.0
423,2023-10-19,-0.67452,1.0004001600640255,386742790.0,1.000830689472262,881897.0,6366.0
424,2023-10-20,-2.9846049999999997,1.0005002501250624,512465566.0,1.0006003602161297,7718898.0,14746.0
425,2023-10-21,-10.950000000000001,1.0004001600640255,140574766.0,1.0007004903432404,1279917.0,14176.0
426,2023-10-22,-10.950000000000001,1.0002000400080016,237172149.0,1.0005002501250624,1104262.0,17733.0
427,2023-10-23,-10.950000000000001,1.0004001600640255,665522083.0,1.000720518773517,3140249.0,14703.0
428,2023-10-24,-7.8858250000000005,1.0,719662880.0,1.0004301849795412,3752483.0,18627.0
429,2023-10-25,-6.960914999999999,1.0002000400080016,433858579.0,1.000720518773517,1321076.0,13917.0
430,2023-10-26,-10.371475,1.000100010001,377213051.0,1.0006103723271196,1569031.0,12864.0
431,2023-10-27,-8.486979999999999,1.000100010001,335360335.0,1.0004702210038718,1257905.0,10948.0
432,2023-10-28,-10.489370000000001,1.000100010001,138107354.0,1.0006604358876858,1050749.0,6539.0
433,2023-10-29,-5.47208,1.000300090027008,166095344.0,1.0006103723271196,1958993.0,8608.0
434,2023-10-30,-8.61619,1.0004001600640255,387165226.0,1.0008507231146475,3429851.0,11051.0
435,2023-10-31,-3.712415,1.0004001600640255,326456961.0,1.0009108288542574,1430695.0,8916.0
436,2023-11-01,0.35112999999999994,1.000300090027008,416981089.0,1.0008807750820723,1983354.0,8125.0
437,2023-11-02,-4.98517,1.0002000400080016,515939608.0,1.0006604358876858,1830791.0,10973.0
438,2023-11-03,1.03952,1.000300090027008,374759128.0,1.0007806088749225,1409119.0,9287.0
439,2023-11-04,-9.706445,1.0005002501250624,153032036.0,1.0008807750820723,1089861.0,5390.0
440,2023-11-05,-10.950000000000001,1.0006003602161297,256314651.0,1.0009809613421152,1711661.0,9404.0
441,2023-11-06,-10.950000000000001,1.000300090027008,438852396.0,1.0006904764287359,4358979.0,11489.0
442,2023-11-07,-4.15005,1.0004001600640255,481925448.0,1.0007105044581652,3439414.0,11395.0
443,2023-11-08,-10.950000000000001,1.000300090027008,375398030.0,1.0007806088749225,1470387.0,7492.0
444,2023-11-09,-5.12971,1.0002000400080016,672344899.0,1.0006404098623118,4571473.0,17902.0
445,2023-11-10,1.2125299999999999,1.0006003602161297,522323831.0,1.000920847179405,1852295.0,10272.0
446,2023-11-11,-7.815745000000001,1.0002000400080016,267952853.0,1.000720518773517,1726914.0,9163.0
447,2023-11-12,-8.162495,1.0005002501250624,228861860.0,1.0009509033581903,991420.0,9566.0
448,2023-11-13,-5.57647,1.000300090027008,597534522.0,1.00080064051241,1516415.0,11364.0
449,2023-11-14,8.908555,1.0002000400080016,466477801.0,1.0005703250852986,6568088.0,18407.0
450,2023-11-15,-9.583805,1.0004001600640255,501504202.0,1.0009308657051057,2459157.0,10590.0
451,2023-11-16,-3.6583950000000005,1.000100010001,583461102.0,1.0006704492009646,3567172.0,8300.0
452,2023-11-17,2.444405,1.0004001600640255,400417103.0,1.00080064051241,5513854.0,17353.0
453,2023-11-18,-3.4678649999999998,1.0004001600640255,324640523.0,1.0009008107296566,1949247.0,8752.0
454,2023-11-19,-10.950000000000001,1.0004001600640255,203902457.0,1.0009008107296566,2217882.0,7602.0
455,2023-11-20,-10.950000000000001,1.0007004903432404,564395832.0,1.0011212558065032,2994077.0,8388.0
456,2023-11-21,-2.3790700000000005,1.0004001600640255,567276510.0,1.0008206729518205,7232411.0,15583.0
457,2023-11-22,5.241765,1.000300090027008,501485154.0,1.000720518773517,4648277.0,11092.0
458,2023-11-23,-6.910545,1.000100010001,325314966.0,1.0006103723271196,1217641.0,7392.0
459,2023-11-24,-3.1901000000000006,1.00080064051241,515525684.0,1.0011212558065032,4117225.0,8649.0
460,2023-11-25,-9.054920000000001,1.0005002501250624,212904423.0,1.0011914177871668,2177775.0,7551.0
461,2023-11-26,-8.905635,1.000300090027008,187939653.0,1.0011012113324658,4231103.0,9005.0
462,2023-11-27,4.191660000000001,1.0,437066793.0,1.000680462714646,4583242.0,8932.0
463,2023-11-28,14.262739999999999,1.0005002501250624,442800279.0,1.001001001001001,4807142.0,11633.0
464,2023-11-29,4.54936,1.000100010001,583244411.0,1.000720518773517,3832742.0,9815.0
465,2023-11-30,9.011849999999999,1.000100010001,290761700.0,1.000740548005524,2285893.0,6427.0
466,2023-12-01,7.259119999999999,1.0005002501250624,423670505.0,1.0009509033581903,2263821.0,7079.0
467,2023-12-02,1.6479750000000002,1.0004001600640255,170047428.0,1.0009709418135593,1427093.0,5671.0
468,2023-12-03,-0.17301000000000008,1.000300090027008,166320872.0,1.000890792805597,1067504.0,6043.0
469,2023-12-04,3.55072,1.0,573870327.0,1.0005903483055003,3122244.0,9263.0
470,2023-12-05,1.3329799999999998,1.000100010001,556143004.0,1.000740548005524,6010080.0,11148.0
471,2023-12-06,7.43067,1.000100010001,429453442.0,1.0005703250852986,4849969.0,12760.0
472,2023-12-07,-4.1485899999999996,1.0002000400080016,490850875.0,1.000680462714646,2272979.0,8450.0
473,2023-12-08,-9.27246,1.000300090027008,561303934.0,1.000680462714646,1554505.0,7023.0
474,2023-12-09,-5.104525000000001,1.0004001600640255,303110239.0,1.0008607402366034,5999731.0,14627.0
475,2023-12-10,6.049875,1.000100010001,257539278.0,1.0006003602161297,1473338.0,9676.0
476,2023-12-11,7.33723,0.9996001599360256,795838775.0,1.0000900081007291,3652282.0,12918.0
477,2023-12-12,8.924615,0.9995002498750625,559128572.0,1.000030000900027,3938014.0,18320.0
478,2023-12-13,8.296085,1.000100010001,629493930.0,1.0007105044581652,3121351.0,13432.0
479,2023-12-14,1.2979399999999999,1.000100010001,484126699.0,1.0007105044581652,2477188.0,14110.0
480,2023-12-15,-1.2107049999999997,1.0,582542895.0,1.0005002501250624,1733456.0,8870.0
481,2023-12-16,-0.050735,0.9992006394884093,236943649.0,0.9996900960702182,1823950.0,10585.0
482,2023-12-17,0.49749499999999997,0.9991008092716556,217888461.0,0.9996401295533609,2916392.0,11300.0
483,2023-12-18,6.28895,0.9998000399920016,454363054.0,1.0002300529121697,2205726.0,13065.0
484,2023-12-19,-0.13870000000000005,0.9998000399920016,505363149.0,1.0001600256040968,979182.0,6995.0
485,2023-12-20,-1.363275,1.000100010001,491898998.0,1.000480230510645,1209856.0,5683.0
486,2023-12-21,-5.628665,1.000100010001,409685026.0,1.0005903483055003,996885.0,6141.0
487,2023-12-22,-9.03156,1.0007004903432404,535914628.0,1.001201441730076,1127680.0,7656.0
488,2023-12-23,-9.68418,1.000300090027008,273976884.0,1.0009509033581903,1196844.0,5919.0
489,2023-12-24,-5.66772,1.0005002501250624,367171830.0,1.0009408844313656,2807459.0,10423.0
490,2023-12-25,-2.99811,1.0002000400080016,367047444.0,1.0008206729518205,2997941.0,15271.0
491,2023-12-26,6.271064999999999,0.9999000099990001,477042672.0,1.000480230510645,2271332.0,13980.0
492,2023-12-27,4.778215,1.0007004903432404,693743809.0,1.001241539508991,3041368.0,12968.0
493,2023-12-28,-4.737335,1.0004001600640255,616001492.0,1.00080064051241,2969099.0,9309.0
494,2023-12-29,-1.92647,1.0002000400080016,584473763.0,1.0007105044581652,1861968.0,9858.0
495,2023-12-30,8.733355,1.0,280480698.0,1.0006003602161297,1690624.0,4661.0
496,2023-12-31,6.867474999999999,0.9997000899730081,252050656.0,1.0003201024327786,3316880.0,9520.0
497,2024-01-01,10.643035,1.000100010001,252282813.0,1.0007505629221918,1506712.0,7549.0
498,2024-01-02,1.6917750000000003,1.000300090027008,555518698.0,1.0008407061932023,5620454.0,14553.0
499,2024-01-03,12.07931,1.0005002501250624,765569573.0,1.000920847179405,7786761.0,30088.0
500,2024-01-04,5.470255,1.0009008107296566,520433018.0,1.00169286093498,3629532.0,22977.0
501,2024-01-05,3.137905,1.0007004903432404,573666756.0,1.001241539508991,3200596.0,20252.0
502,2024-01-06,2.21628,1.0005002501250624,246578404.0,1.0009609224855862,1553320.0,11715.0
503,2024-01-07,-0.85994,1.0006003602161297,219508136.0,1.0011212558065032,923951.0,10038.0
504,2024-01-08,-0.9803900000000001,1.000300090027008,197159627.0,1.0009108288542574,1429497.0,8583.0
