,Day,Lending Rate,USDT Supplied
0,2020-12-02 00:00:00.000 UTC,0.08585442607367821,270.0
1,2020-12-03 00:00:00.000 UTC,3.549959253709362,112471.031979
2,2020-12-04 00:00:00.000 UTC,6.182232909172259,668791.943025
3,2020-12-05 00:00:00.000 UTC,3.6127562918850935,265389.359509
4,2020-12-06 00:00:00.000 UTC,8.548406984914086,582750.9474119999
5,2020-12-07 00:00:00.000 UTC,18.202331655209335,525533.720076
6,2020-12-08 00:00:00.000 UTC,8.822979565917882,1052822.976307
7,2020-12-09 00:00:00.000 UTC,4.090367846102155,4423340.675716
8,2020-12-10 00:00:00.000 UTC,5.021619977959799,203590.279482
9,2020-12-11 00:00:00.000 UTC,3.579126681073476,453539.45640400006
10,2020-12-12 00:00:00.000 UTC,9.336375820549655,449091.888506
11,2020-12-13 00:00:00.000 UTC,5.788297318442763,153655.491931
12,2020-12-14 00:00:00.000 UTC,5.728850638575791,4079514.5194820003
13,2020-12-15 00:00:00.000 UTC,13.49702751051337,2178796.026186
14,2020-12-16 00:00:00.000 UTC,9.64939657871254,203115.05778
15,2020-12-17 00:00:00.000 UTC,15.70869101327214,615548.2283409999
16,2020-12-18 00:00:00.000 UTC,8.970592800927006,3006837.3926200005
17,2020-12-19 00:00:00.000 UTC,7.703771882305427,436091.888401
18,2020-12-20 00:00:00.000 UTC,8.891052128537094,373290.730591
19,2020-12-21 00:00:00.000 UTC,7.729747110157786,842225.733509
20,2020-12-22 00:00:00.000 UTC,3.1203234525057275,8366453.27549
21,2020-12-23 00:00:00.000 UTC,5.790357355092338,2835699.886393999
22,2020-12-24 00:00:00.000 UTC,14.255663782662639,455904.2181710001
23,2020-12-25 00:00:00.000 UTC,14.323657131144705,2876270.6009210004
24,2020-12-26 00:00:00.000 UTC,12.76737538729866,1883265.4169930003
25,2020-12-27 00:00:00.000 UTC,10.30159120108114,993712.3444180002
26,2020-12-28 00:00:00.000 UTC,8.96064077430187,1310780.145645
27,2020-12-29 00:00:00.000 UTC,7.771321547239678,833014.3948200002
28,2020-12-30 00:00:00.000 UTC,6.518427050562208,2672787.0180079998
29,2020-12-31 00:00:00.000 UTC,4.315221083962398,2590104.522161
30,2021-01-01 00:00:00.000 UTC,11.048860297426257,2399858.639691
31,2021-01-02 00:00:00.000 UTC,16.63707389883604,4303179.0711240005
32,2021-01-03 00:00:00.000 UTC,11.14110262485338,1968375.2552710003
33,2021-01-04 00:00:00.000 UTC,14.336479593088779,1746922.4330280002
34,2021-01-05 00:00:00.000 UTC,6.9880117201368135,7833239.536967998
35,2021-01-06 00:00:00.000 UTC,14.869028795585328,7015425.232171999
36,2021-01-07 00:00:00.000 UTC,8.804358894781982,7430530.350393999
37,2021-01-08 00:00:00.000 UTC,8.831084346464232,3802738.5843889993
38,2021-01-09 00:00:00.000 UTC,8.238113687331102,3790925.1962209996
39,2021-01-10 00:00:00.000 UTC,10.481091197266885,3758149.993512
40,2021-01-11 00:00:00.000 UTC,12.897542324138689,2503783.268162
41,2021-01-12 00:00:00.000 UTC,9.088645277920024,4446995.5194500005
42,2021-01-13 00:00:00.000 UTC,10.158645808939784,3905333.559767
43,2021-01-14 00:00:00.000 UTC,11.646691670468034,3346028.789
44,2021-01-15 00:00:00.000 UTC,10.648878054284319,1031330.2940370002
45,2021-01-16 00:00:00.000 UTC,10.258506947360612,9466159.023145001
46,2021-01-17 00:00:00.000 UTC,12.988439387896436,1956445.19809
47,2021-01-18 00:00:00.000 UTC,10.898729298579834,3867395.8815360004
48,2021-01-19 00:00:00.000 UTC,17.659501200018916,5677132.464594999
49,2021-01-20 00:00:00.000 UTC,9.393110769675284,3732076.209561
50,2021-01-21 00:00:00.000 UTC,7.792335527540634,6528141.757813999
51,2021-01-22 00:00:00.000 UTC,12.706811941925016,6300528.158670998
52,2021-01-23 00:00:00.000 UTC,7.737474382406762,8627897.523184001
53,2021-01-24 00:00:00.000 UTC,13.502575528569189,4825880.011658
54,2021-01-25 00:00:00.000 UTC,11.172756255519475,6802815.589553
55,2021-01-26 00:00:00.000 UTC,8.859256092648916,6102171.838691999
56,2021-01-27 00:00:00.000 UTC,11.54857486516677,4083427.988279
57,2021-01-28 00:00:00.000 UTC,9.41168386195285,11460649.372804
58,2021-01-29 00:00:00.000 UTC,11.004922045287362,19756181.245331004
59,2021-01-30 00:00:00.000 UTC,8.234580459950665,4225625.825429999
60,2021-01-31 00:00:00.000 UTC,10.194379056143367,5116806.74097
61,2021-02-01 00:00:00.000 UTC,6.448377694349738,7692250.684305999
62,2021-02-02 00:00:00.000 UTC,13.649205026306133,8414683.422401
63,2021-02-03 00:00:00.000 UTC,15.287085289657302,4753164.068405001
64,2021-02-04 00:00:00.000 UTC,20.74606089004732,8419293.201095002
65,2021-02-05 00:00:00.000 UTC,12.165402068552774,7513641.032095
66,2021-02-06 00:00:00.000 UTC,6.659446555931999,19308850.109141
67,2021-02-07 00:00:00.000 UTC,5.757073773022212,5564360.063972
68,2021-02-08 00:00:00.000 UTC,12.001470146335171,149485937.974437
69,2021-02-09 00:00:00.000 UTC,19.06275931063283,10827183.693482
70,2021-02-10 00:00:00.000 UTC,18.801217241191992,9780128.058013998
71,2021-02-11 00:00:00.000 UTC,15.805708749583383,9091603.982542
72,2021-02-12 00:00:00.000 UTC,10.901936998346779,7374966.438797
73,2021-02-13 00:00:00.000 UTC,9.288287951035155,11885689.220066998
74,2021-02-14 00:00:00.000 UTC,9.04422608260356,3842762.6352340006
75,2021-02-15 00:00:00.000 UTC,10.512267156698334,4494186.484968
76,2021-02-16 00:00:00.000 UTC,11.595484247179057,39811064.10343998
77,2021-02-17 00:00:00.000 UTC,10.680641083300259,68042937.140261
78,2021-02-18 00:00:00.000 UTC,11.099945242114812,41894875.321477994
79,2021-02-19 00:00:00.000 UTC,11.53160266407778,9223295.466693
80,2021-02-20 00:00:00.000 UTC,11.586506387296335,15299145.059212
81,2021-02-21 00:00:00.000 UTC,11.718025660845017,4991733.594171001
82,2021-02-22 00:00:00.000 UTC,9.22700390433317,21989585.459578004
83,2021-02-23 00:00:00.000 UTC,5.755107455144055,22435593.671811003
84,2021-02-24 00:00:00.000 UTC,11.445600407744301,13171224.583781999
85,2021-02-25 00:00:00.000 UTC,13.311522889749094,8306174.173083996
86,2021-02-26 00:00:00.000 UTC,7.5940763740562565,5033635.749395001
87,2021-02-27 00:00:00.000 UTC,5.9357422670201725,8016660.173463998
88,2021-02-28 00:00:00.000 UTC,6.229943505780142,6485223.502939003
89,2021-03-01 00:00:00.000 UTC,8.507710739992167,4931083.853458
90,2021-03-02 00:00:00.000 UTC,6.289678032152864,12115081.470271999
91,2021-03-03 00:00:00.000 UTC,8.559803943032765,11780137.086251002
92,2021-03-04 00:00:00.000 UTC,8.183172352836584,15510843.124120004
93,2021-03-05 00:00:00.000 UTC,5.594399911350653,10403115.190303
94,2021-03-06 00:00:00.000 UTC,5.956931353394779,3374669.12794
95,2021-03-07 00:00:00.000 UTC,8.417122771765893,17705542.877075996
96,2021-03-08 00:00:00.000 UTC,7.926318023261019,3925688.087575
97,2021-03-09 00:00:00.000 UTC,7.624591657530401,30408618.793151002
98,2021-03-10 00:00:00.000 UTC,10.15031857060333,2844068.5953100007
99,2021-03-11 00:00:00.000 UTC,11.175775192203112,11985088.379242
100,2021-03-12 00:00:00.000 UTC,6.328111723915352,18199619.364705004
101,2021-03-13 00:00:00.000 UTC,6.608379627553121,15189186.451208
102,2021-03-14 00:00:00.000 UTC,9.722801306419552,8304423.719213001
103,2021-03-15 00:00:00.000 UTC,9.88097719608501,2547850.4758780003
104,2021-03-16 00:00:00.000 UTC,10.286896033821309,4471629.334194
105,2021-03-17 00:00:00.000 UTC,12.034376711772117,3456828.5384990005
106,2021-03-18 00:00:00.000 UTC,14.932077278980623,6712194.798007
107,2021-03-19 00:00:00.000 UTC,7.223535695205965,19256457.359508
108,2021-03-20 00:00:00.000 UTC,7.926488176835359,1637351.9695170003
109,2021-03-21 00:00:00.000 UTC,6.422706784918089,30800854.434815995
110,2021-03-22 00:00:00.000 UTC,5.934558987705369,3411064.736532
111,2021-03-23 00:00:00.000 UTC,6.111741131197813,7035430.118934001
112,2021-03-24 00:00:00.000 UTC,6.873508082567315,6619070.014494998
113,2021-03-25 00:00:00.000 UTC,6.917743680707459,9513867.443214001
114,2021-03-26 00:00:00.000 UTC,6.288202716844891,14168480.253264
115,2021-03-27 00:00:00.000 UTC,7.480835531417879,1899092.0422919998
116,2021-03-28 00:00:00.000 UTC,6.5893403245078135,12368233.073259
117,2021-03-29 00:00:00.000 UTC,6.209349711012218,12230727.372169001
118,2021-03-30 00:00:00.000 UTC,7.472273429471318,1753088.289916
119,2021-03-31 00:00:00.000 UTC,11.392935679660525,86476066.656219
120,2021-04-01 00:00:00.000 UTC,15.880896312156203,27793915.867778994
121,2021-04-02 00:00:00.000 UTC,11.377470627191869,19470934.698321998
122,2021-04-03 00:00:00.000 UTC,12.715008176473125,21769492.672891006
123,2021-04-04 00:00:00.000 UTC,11.838488386242302,4977552.504106999
124,2021-04-05 00:00:00.000 UTC,9.767735523662644,4583319.269926
125,2021-04-06 00:00:00.000 UTC,7.914151599821374,6699837.63202
126,2021-04-07 00:00:00.000 UTC,7.099897329893984,15480563.020621998
127,2021-04-08 00:00:00.000 UTC,6.074470338480132,8008572.772258001
128,2021-04-09 00:00:00.000 UTC,6.626078289005664,9551329.858955
129,2021-04-10 00:00:00.000 UTC,8.415510531606193,3601591.998538
130,2021-04-11 00:00:00.000 UTC,10.103582560100804,4926839.718584
131,2021-04-12 00:00:00.000 UTC,9.740352790992036,10046542.636438
132,2021-04-13 00:00:00.000 UTC,9.908461674323085,8214447.724718002
133,2021-04-14 00:00:00.000 UTC,11.67329470497084,9229082.374162
134,2021-04-15 00:00:00.000 UTC,17.424401781333415,10402727.712434
135,2021-04-16 00:00:00.000 UTC,16.586460111457555,17269930.457226
136,2021-04-17 00:00:00.000 UTC,12.283821806488122,7045662.378137
137,2021-04-18 00:00:00.000 UTC,13.873917862322351,10883505.58264
138,2021-04-19 00:00:00.000 UTC,13.286118272748485,10170974.885377
139,2021-04-20 00:00:00.000 UTC,8.474237217598164,5418966.179711999
140,2021-04-21 00:00:00.000 UTC,6.630472039723441,3722186.2795889997
141,2021-04-22 00:00:00.000 UTC,9.564692762554248,3100895.4643189996
142,2021-04-23 00:00:00.000 UTC,6.008952326563937,16154916.616945999
143,2021-04-24 00:00:00.000 UTC,5.744008534447763,6293381.12142
144,2021-04-25 00:00:00.000 UTC,7.982301497542018,5773491.638041
145,2021-04-26 00:00:00.000 UTC,12.205269341735162,101037467.52918899
146,2021-04-27 00:00:00.000 UTC,9.225528808372967,267140292.71828312
147,2021-04-28 00:00:00.000 UTC,9.037183035024619,76179028.071565
148,2021-04-29 00:00:00.000 UTC,5.250025753982349,131401793.23910001
149,2021-04-30 00:00:00.000 UTC,5.849339766019451,35367480.462402
150,2021-05-01 00:00:00.000 UTC,8.205434100954346,31245270.14392201
151,2021-05-02 00:00:00.000 UTC,5.210824047653987,99954793.96854801
152,2021-05-03 00:00:00.000 UTC,7.142550017049851,183597948.27076903
153,2021-05-04 00:00:00.000 UTC,8.82621565764527,66138365.715299
154,2021-05-05 00:00:00.000 UTC,9.988849542212455,168508858.78578395
155,2021-05-06 00:00:00.000 UTC,7.849833930451968,53138344.898008004
156,2021-05-07 00:00:00.000 UTC,11.146665727289134,19281913.702346
157,2021-05-08 00:00:00.000 UTC,8.039339798767461,85162205.293848
158,2021-05-09 00:00:00.000 UTC,7.979776997432206,20485359.930122003
159,2021-05-10 00:00:00.000 UTC,16.481631528924503,33820772.857485004
160,2021-05-11 00:00:00.000 UTC,10.324862049789806,18620031.770969003
161,2021-05-12 00:00:00.000 UTC,11.420358788229132,8879553.171009
162,2021-05-13 00:00:00.000 UTC,10.007543902521503,35679247.043639004
163,2021-05-14 00:00:00.000 UTC,6.643515597617741,198743845.81574702
164,2021-05-15 00:00:00.000 UTC,8.623069668890992,13062165.219043998
165,2021-05-16 00:00:00.000 UTC,4.0884788374854155,38936300.570205
166,2021-05-17 00:00:00.000 UTC,3.8324642825653283,21374251.298561998
167,2021-05-18 00:00:00.000 UTC,5.798719207990997,21632382.862519003
168,2021-05-19 00:00:00.000 UTC,15.040317934307382,67758835.579829
169,2021-05-20 00:00:00.000 UTC,18.537396649691466,85919447.86194497
170,2021-05-21 00:00:00.000 UTC,7.0678380417490265,124848645.37055704
171,2021-05-22 00:00:00.000 UTC,2.955964505844745,24910155.748516
172,2021-05-23 00:00:00.000 UTC,6.44352741920093,27828872.356631003
173,2021-05-24 00:00:00.000 UTC,7.846118134625769,127390748.84222098
174,2021-05-25 00:00:00.000 UTC,12.063877803890483,72987637.943132
175,2021-05-26 00:00:00.000 UTC,2.916010727312858,129733513.72342
176,2021-05-27 00:00:00.000 UTC,2.2767022065296225,147974958.362322
177,2021-05-28 00:00:00.000 UTC,1.8228050820818669,18070845.021501005
178,2021-05-29 00:00:00.000 UTC,1.804072656822596,280329018.860573
179,2021-05-30 00:00:00.000 UTC,1.7020919024229701,177959533.90344003
180,2021-05-31 00:00:00.000 UTC,1.4489817110423038,64965254.431695
181,2021-06-01 00:00:00.000 UTC,1.4448243923544086,62847515.52278401
182,2021-06-02 00:00:00.000 UTC,1.2454806187685346,11268588.51184
183,2021-06-03 00:00:00.000 UTC,1.4304552616820796,14848311.768480001
184,2021-06-04 00:00:00.000 UTC,1.733853979264407,10620136.505074002
185,2021-06-05 00:00:00.000 UTC,1.6832282056824344,59800415.57045499
186,2021-06-06 00:00:00.000 UTC,1.7115155752268005,16977863.654194996
187,2021-06-07 00:00:00.000 UTC,1.7001000132337518,90518026.69770502
188,2021-06-08 00:00:00.000 UTC,1.7444888141246182,5613028.69522
189,2021-06-09 00:00:00.000 UTC,1.9304655184993187,7335310.309145001
190,2021-06-10 00:00:00.000 UTC,2.0276374122972554,6304531.170769
191,2021-06-11 00:00:00.000 UTC,2.156483386622651,13688274.410923
192,2021-06-12 00:00:00.000 UTC,2.494116082759841,7447717.837849999
193,2021-06-13 00:00:00.000 UTC,2.5314918935028157,16926087.622319
194,2021-06-14 00:00:00.000 UTC,2.9336435982436564,12500296.254075002
195,2021-06-15 00:00:00.000 UTC,5.046936986486324,117434606.13470201
196,2021-06-16 00:00:00.000 UTC,3.2478609459060053,78565232.98650499
197,2021-06-17 00:00:00.000 UTC,2.867030809487337,51963680.308162004
198,2021-06-18 00:00:00.000 UTC,2.8190205270033943,27275210.025029
199,2021-06-19 00:00:00.000 UTC,2.7390891124550594,18843354.060772
200,2021-06-20 00:00:00.000 UTC,2.7479072093982166,16545960.737123996
201,2021-06-21 00:00:00.000 UTC,2.7428906749698276,16603977.720672
202,2021-06-22 00:00:00.000 UTC,2.6024106569279795,32943401.6233
203,2021-06-23 00:00:00.000 UTC,2.6566122729614143,14956742.777788999
204,2021-06-24 00:00:00.000 UTC,2.658247249648843,24319343.522763997
205,2021-06-25 00:00:00.000 UTC,2.6472325106766075,13323498.049439998
206,2021-06-26 00:00:00.000 UTC,2.6032452663320966,4471144.862105001
207,2021-06-27 00:00:00.000 UTC,2.592833786275168,13044815.138680998
208,2021-06-28 00:00:00.000 UTC,2.8058496498700487,9162195.217742002
209,2021-06-29 00:00:00.000 UTC,2.998058391541311,30901350.079340007
210,2021-06-30 00:00:00.000 UTC,3.3123139334336176,70738711.64256099
211,2021-07-01 00:00:00.000 UTC,3.1512465285729596,17437721.030121002
212,2021-07-02 00:00:00.000 UTC,3.0563200324353246,13909826.713440001
213,2021-07-03 00:00:00.000 UTC,3.008265215133509,8256873.360435
214,2021-07-04 00:00:00.000 UTC,3.0075285145985897,9082899.865323998
215,2021-07-05 00:00:00.000 UTC,3.0499914303309836,13273065.318778003
216,2021-07-06 00:00:00.000 UTC,3.0596921144405584,11380081.477131998
217,2021-07-07 00:00:00.000 UTC,3.035263632149369,26478403.494973
218,2021-07-08 00:00:00.000 UTC,2.9010991847874004,10882827.287862998
219,2021-07-09 00:00:00.000 UTC,2.854148788734769,12141992.978817001
220,2021-07-10 00:00:00.000 UTC,2.8399310288317934,2789456.9330909997
221,2021-07-11 00:00:00.000 UTC,2.8357581607229116,14516076.729666002
222,2021-07-12 00:00:00.000 UTC,2.8474728997220544,4847312.115765001
223,2021-07-13 00:00:00.000 UTC,2.940104559433287,4718664.058178999
224,2021-07-14 00:00:00.000 UTC,3.003811570769706,8673525.734680997
225,2021-07-15 00:00:00.000 UTC,2.877590447843538,62807135.04391201
226,2021-07-16 00:00:00.000 UTC,2.6039205241468832,43301460.724495
227,2021-07-17 00:00:00.000 UTC,2.4286448092974897,23097663.469027996
228,2021-07-18 00:00:00.000 UTC,2.4738233086299446,7037387.374933
229,2021-07-19 00:00:00.000 UTC,2.4084351108347986,6602382.574015998
230,2021-07-20 00:00:00.000 UTC,2.1991782184731044,5179054.010973
231,2021-07-21 00:00:00.000 UTC,2.1437153798340005,19175179.822936
232,2021-07-22 00:00:00.000 UTC,2.2295211629178997,17557490.629579995
233,2021-07-23 00:00:00.000 UTC,2.2422883571941687,26319666.735154994
234,2021-07-24 00:00:00.000 UTC,2.3087975373001908,15170520.19505
235,2021-07-25 00:00:00.000 UTC,2.3565614456117583,1444425.748866
236,2021-07-26 00:00:00.000 UTC,2.3339363408170515,105979119.73533203
237,2021-07-27 00:00:00.000 UTC,2.425050499286039,16355689.839766
238,2021-07-28 00:00:00.000 UTC,2.6363359066825747,749982.526103
239,2021-07-29 00:00:00.000 UTC,2.8694645983258202,16774193.347494
240,2021-07-30 00:00:00.000 UTC,2.9560322418124794,5666101.654594999
241,2021-07-31 00:00:00.000 UTC,4.0354346621899095,57990204.60857
242,2021-08-01 00:00:00.000 UTC,5.0895514853242,137846946.17232698
243,2021-08-02 00:00:00.000 UTC,5.039566327438594,19872037.197433
244,2021-08-03 00:00:00.000 UTC,5.126822142368803,262025385.752352
245,2021-08-04 00:00:00.000 UTC,2.486111893967115,24147094.079219997
246,2021-08-05 00:00:00.000 UTC,2.5536479865988153,29484667.138943
247,2021-08-06 00:00:00.000 UTC,2.6070788033307126,51958955.18653601
248,2021-08-07 00:00:00.000 UTC,2.973429046099506,10226706.31223
249,2021-08-08 00:00:00.000 UTC,3.0329073446529144,5089906.496327
250,2021-08-09 00:00:00.000 UTC,3.2349690056695755,62175626.419612005
251,2021-08-10 00:00:00.000 UTC,3.931613591186374,19450771.926156003
252,2021-08-11 00:00:00.000 UTC,11.955535648890567,113367295.48904498
253,2021-08-12 00:00:00.000 UTC,2.920422342377689,40037828.14230099
254,2021-08-13 00:00:00.000 UTC,17.34960794967936,54782985.432949
255,2021-08-14 00:00:00.000 UTC,12.900959619354126,80281032.77336898
256,2021-08-15 00:00:00.000 UTC,2.7760090256008163,2099458.655653
257,2021-08-16 00:00:00.000 UTC,3.694152545426466,104816134.0367
258,2021-08-17 00:00:00.000 UTC,4.64846931657436,17503728.021119
259,2021-08-18 00:00:00.000 UTC,2.7790693068904377,55607236.304022
260,2021-08-19 00:00:00.000 UTC,2.76972347518964,41115655.906448
261,2021-08-20 00:00:00.000 UTC,4.945457352735618,72133587.01996
262,2021-08-21 00:00:00.000 UTC,7.249466013729849,121891752.787957
263,2021-08-22 00:00:00.000 UTC,9.677372042231202,7802320.923306
264,2021-08-23 00:00:00.000 UTC,7.511211427790872,216407720.76243502
265,2021-08-24 00:00:00.000 UTC,6.7830736298057595,62404637.89668701
266,2021-08-25 00:00:00.000 UTC,2.9323589714454426,76837780.13647899
267,2021-08-26 00:00:00.000 UTC,2.9633588543508473,6595860.824175
268,2021-08-27 00:00:00.000 UTC,3.2148658334968006,1978647.662704
269,2021-08-28 00:00:00.000 UTC,4.832296342228976,66254775.13448401
270,2021-08-29 00:00:00.000 UTC,7.035883239020354,75259034.234826
271,2021-08-30 00:00:00.000 UTC,7.136054168767133,58685358.07651099
272,2021-08-31 00:00:00.000 UTC,7.795715544273525,6451594.946954
273,2021-09-01 00:00:00.000 UTC,5.39295851786576,64809687.04283899
274,2021-09-02 00:00:00.000 UTC,8.537686585817745,89579908.875629
275,2021-09-03 00:00:00.000 UTC,3.894834699102829,81666711.77353701
276,2021-09-04 00:00:00.000 UTC,8.503162037665074,32482725.118872
277,2021-09-05 00:00:00.000 UTC,8.119716512405796,11791631.822438
278,2021-09-06 00:00:00.000 UTC,8.282969693686773,16660331.920325
279,2021-09-07 00:00:00.000 UTC,13.088002667759831,22252463.276502002
280,2021-09-08 00:00:00.000 UTC,3.884529304477368,120110495.14688501
281,2021-09-09 00:00:00.000 UTC,2.3932973823198878,132293833.263966
282,2021-09-10 00:00:00.000 UTC,2.281088769962732,16932844.184874
283,2021-09-11 00:00:00.000 UTC,2.2463225082026836,1380696.337413
284,2021-09-12 00:00:00.000 UTC,2.257878116331134,6565487.501926
285,2021-09-13 00:00:00.000 UTC,2.285862145100839,2795831.5253769998
286,2021-09-14 00:00:00.000 UTC,2.7561054772912756,27577582.583684996
287,2021-09-15 00:00:00.000 UTC,2.8777804433568637,99264127.37437999
288,2021-09-16 00:00:00.000 UTC,18.15825298453744,75526360.025167
289,2021-09-17 00:00:00.000 UTC,14.468753512278184,193422428.507514
290,2021-09-18 00:00:00.000 UTC,2.8090585616760357,5862331.488205999
291,2021-09-19 00:00:00.000 UTC,2.906092968029506,40372198.436974004
292,2021-09-20 00:00:00.000 UTC,6.315670150188297,14935003.429103998
293,2021-09-21 00:00:00.000 UTC,3.5935602500262114,55165412.13891501
294,2021-09-22 00:00:00.000 UTC,3.0655698960523603,24788620.767143995
295,2021-09-23 00:00:00.000 UTC,9.246799073774659,142110880.665089
296,2021-09-24 00:00:00.000 UTC,4.485110748379736,44674990.653859
297,2021-09-25 00:00:00.000 UTC,4.488224276954028,89961705.393529
298,2021-09-26 00:00:00.000 UTC,9.954122117900114,28228112.857285004
299,2021-09-27 00:00:00.000 UTC,6.464300984576692,66979034.880429
300,2021-09-28 00:00:00.000 UTC,3.834069237666471,61202128.76621701
301,2021-09-29 00:00:00.000 UTC,2.9085031754492694,34410867.181652
302,2021-09-30 00:00:00.000 UTC,10.184426582212751,88970999.05308698
303,2021-10-01 00:00:00.000 UTC,7.681264853654611,90398593.50547501
304,2021-10-02 00:00:00.000 UTC,3.188253741680721,52008107.139614
305,2021-10-03 00:00:00.000 UTC,3.0766998546349704,139036662.415606
306,2021-10-04 00:00:00.000 UTC,2.7839817537297775,18823558.829281
307,2021-10-05 00:00:00.000 UTC,2.901662645568615,4154143.807295
308,2021-10-06 00:00:00.000 UTC,3.0997768522731386,11211431.249827001
309,2021-10-07 00:00:00.000 UTC,6.9855472942962855,30258220.315564
310,2021-10-08 00:00:00.000 UTC,4.034830943964794,41505430.81020201
311,2021-10-09 00:00:00.000 UTC,3.309408670741516,20481134.176471002
312,2021-10-10 00:00:00.000 UTC,3.1449646260977127,58819005.167692
313,2021-10-11 00:00:00.000 UTC,3.331680612956885,1967800.2499060002
314,2021-10-12 00:00:00.000 UTC,8.920262282455578,19711884.646304
315,2021-10-13 00:00:00.000 UTC,3.8639463985544933,42143286.015395
316,2021-10-14 00:00:00.000 UTC,8.438936165537372,7396497.934947999
317,2021-10-15 00:00:00.000 UTC,16.172920513736848,31488902.296418
318,2021-10-16 00:00:00.000 UTC,8.862331203301089,21753507.655274004
319,2021-10-17 00:00:00.000 UTC,4.5343317249776,30608500.514599
320,2021-10-18 00:00:00.000 UTC,5.777710005881737,12247250.133676
321,2021-10-19 00:00:00.000 UTC,6.122034495453259,48991054.073162004
322,2021-10-20 00:00:00.000 UTC,9.195633045626655,20116566.490002997
323,2021-10-21 00:00:00.000 UTC,6.766627903437622,31459802.592569
324,2021-10-22 00:00:00.000 UTC,6.274970005402945,20834064.544074
325,2021-10-23 00:00:00.000 UTC,4.216052787278187,53171024.757872
326,2021-10-24 00:00:00.000 UTC,3.2140242834283193,17002705.058644
327,2021-10-25 00:00:00.000 UTC,3.247885565516602,9201159.656468
328,2021-10-26 00:00:00.000 UTC,7.437392023893983,19959999.274007
329,2021-10-27 00:00:00.000 UTC,13.385898371622483,27859420.31335
330,2021-10-28 00:00:00.000 UTC,9.231559934362762,11009351.617571
331,2021-10-29 00:00:00.000 UTC,28.676963857821836,47512202.036276
332,2021-10-30 00:00:00.000 UTC,16.139032022958443,81441907.26332399
333,2021-10-31 00:00:00.000 UTC,26.60240914656215,65121222.251407
334,2021-11-01 00:00:00.000 UTC,5.262305335473323,58614942.070115
335,2021-11-02 00:00:00.000 UTC,4.167615866795707,134434368.364222
336,2021-11-03 00:00:00.000 UTC,3.0527758147884234,48570766.40166599
337,2021-11-04 00:00:00.000 UTC,5.874940162884742,16557019.475441
338,2021-11-05 00:00:00.000 UTC,7.045550677698608,44217318.967144996
339,2021-11-06 00:00:00.000 UTC,10.214684273450409,15425207.227042
340,2021-11-07 00:00:00.000 UTC,6.643315884370381,26036485.172555998
341,2021-11-08 00:00:00.000 UTC,7.332904548426532,2160378.6343979994
342,2021-11-09 00:00:00.000 UTC,8.555164790804055,42040566.988045
343,2021-11-10 00:00:00.000 UTC,6.725382585320453,6599751.395764
344,2021-11-11 00:00:00.000 UTC,3.254061039582836,30647693.87691
345,2021-11-12 00:00:00.000 UTC,6.560947617435688,4834821.622849001
346,2021-11-13 00:00:00.000 UTC,3.177674570486366,22080465.149457
347,2021-11-14 00:00:00.000 UTC,3.1539708512464033,19660368.898824
348,2021-11-15 00:00:00.000 UTC,3.1157253229987836,3095678.4820890003
349,2021-11-16 00:00:00.000 UTC,3.0345368279345144,26867499.829461
350,2021-11-17 00:00:00.000 UTC,3.0542874285096593,19490918.721516006
351,2021-11-18 00:00:00.000 UTC,3.0408039943477942,10013509.787723001
352,2021-11-19 00:00:00.000 UTC,3.0468242277013684,814719.575812
353,2021-11-20 00:00:00.000 UTC,3.098956932811716,2212045.075195
354,2021-11-21 00:00:00.000 UTC,3.0833974061484897,17525046.33069
355,2021-11-22 00:00:00.000 UTC,3.018156953389011,16130380.508093
356,2021-11-23 00:00:00.000 UTC,3.0241311359000655,6253188.593432001
357,2021-11-24 00:00:00.000 UTC,2.9777981806413973,9150406.342238
358,2021-11-25 00:00:00.000 UTC,3.095164311174267,2728401.414017
359,2021-11-26 00:00:00.000 UTC,3.3528394975821207,1483530.6229909998
360,2021-11-27 00:00:00.000 UTC,3.2088402636351994,15267991.319004003
361,2021-11-28 00:00:00.000 UTC,3.0229847220501287,354885.938587
362,2021-11-29 00:00:00.000 UTC,2.8791672509365616,30017336.953002002
363,2021-11-30 00:00:00.000 UTC,3.0093416344840227,267794.066629
364,2021-12-01 00:00:00.000 UTC,3.146274370079381,13642154.205015
365,2021-12-02 00:00:00.000 UTC,7.241582935654757,11516546.179905001
366,2021-12-03 00:00:00.000 UTC,5.487450536839571,740537.875916
367,2021-12-04 00:00:00.000 UTC,5.793998095260579,6466362.712636
368,2021-12-05 00:00:00.000 UTC,4.665145998943861,7276953.694821001
369,2021-12-06 00:00:00.000 UTC,4.046034145649169,11852805.817824
370,2021-12-07 00:00:00.000 UTC,6.790548634168444,8324788.223473
371,2021-12-08 00:00:00.000 UTC,7.135833245630014,21376429.308592
372,2021-12-09 00:00:00.000 UTC,4.071930287222253,1732763.262323
373,2021-12-10 00:00:00.000 UTC,3.2397897417055845,8555247.651674
374,2021-12-11 00:00:00.000 UTC,3.024714853565342,11519089.874353
375,2021-12-12 00:00:00.000 UTC,2.9151190475731514,82288951.34
376,2021-12-13 00:00:00.000 UTC,2.409659492761084,12496480.291072
377,2021-12-14 00:00:00.000 UTC,2.37571719229409,2649719.990328
378,2021-12-15 00:00:00.000 UTC,2.434068554947954,5231761.684227999
379,2021-12-16 00:00:00.000 UTC,2.5878244104867436,72393.830922
380,2021-12-17 00:00:00.000 UTC,2.552107973567549,7509850.318484001
381,2021-12-18 00:00:00.000 UTC,2.5157654419918867,6375096.203819001
382,2021-12-19 00:00:00.000 UTC,2.563689904000393,77269.796
383,2021-12-20 00:00:00.000 UTC,2.6599955753653464,1473.184403
384,2021-12-21 00:00:00.000 UTC,2.7353673353903982,409062.796368
385,2021-12-22 00:00:00.000 UTC,2.8057127130857857,6008539.387521001
386,2021-12-23 00:00:00.000 UTC,2.908544098972962,5505414.7962030005
387,2021-12-24 00:00:00.000 UTC,9.811767460989309,25249848.197821997
388,2021-12-25 00:00:00.000 UTC,12.751929388271062,1844663.761445
389,2021-12-26 00:00:00.000 UTC,6.4141283379249785,158951135.143269
390,2021-12-27 00:00:00.000 UTC,2.464419592765029,755557.1839429999
391,2021-12-28 00:00:00.000 UTC,2.48770940089816,1842617.84018
392,2021-12-29 00:00:00.000 UTC,2.6707997637800185,168810933.599263
393,2021-12-30 00:00:00.000 UTC,2.7319224722522506,1730834.493287
394,2021-12-31 00:00:00.000 UTC,2.6691259569663535,27574050.330436997
395,2022-01-01 00:00:00.000 UTC,2.6806845359281923,1912017.4517029999
396,2022-01-02 00:00:00.000 UTC,2.7163717983112314,958941.610062
397,2022-01-03 00:00:00.000 UTC,2.7609704270197297,1219178.256874
398,2022-01-04 00:00:00.000 UTC,2.8293558393816993,1191372.06902
399,2022-01-05 00:00:00.000 UTC,2.7845432646833,27563947.093078002
400,2022-01-06 00:00:00.000 UTC,2.5581939627208192,378236.938635
401,2022-01-07 00:00:00.000 UTC,2.6214198008469456,6278841.652081
402,2022-01-08 00:00:00.000 UTC,2.5697986603834164,3958417.864146
403,2022-01-09 00:00:00.000 UTC,2.5165454512307974,63767259.779082
404,2022-01-10 00:00:00.000 UTC,3.1366419294811734,8970484.37923
405,2022-01-11 00:00:00.000 UTC,7.314709526172092,51638624.02861901
406,2022-01-12 00:00:00.000 UTC,3.4485749204919296,23238614.244559996
407,2022-01-14 00:00:00.000 UTC,4.302420954064624,3308652.171846
408,2022-01-15 00:00:00.000 UTC,8.275102713716674,14312921.991278
409,2022-01-16 00:00:00.000 UTC,4.8225832177682815,19848778.362143002
410,2022-01-17 00:00:00.000 UTC,3.2671375167572507,33593783.914969996
411,2022-01-18 00:00:00.000 UTC,2.831981916282516,144853367.264615
412,2022-01-19 00:00:00.000 UTC,2.506261393677044,1273100.227232
413,2022-01-20 00:00:00.000 UTC,2.643564728141516,17940939.947922
414,2022-01-21 00:00:00.000 UTC,2.3272207201233925,38795915.195255995
415,2022-01-22 00:00:00.000 UTC,1.965071204782029,27065187.469129
416,2022-01-23 00:00:00.000 UTC,1.8721688491569048,761459.428097
417,2022-01-24 00:00:00.000 UTC,1.7716369882410623,8543816.053522
418,2022-01-25 00:00:00.000 UTC,1.7559367550599494,1631516.388895
419,2022-01-26 00:00:00.000 UTC,1.841716012480918,5440011.494662
420,2022-01-27 00:00:00.000 UTC,1.7306799748608654,53087334.279745
421,2022-01-28 00:00:00.000 UTC,1.7163724239186597,5583065.193522001
422,2022-01-29 00:00:00.000 UTC,1.7915895261636574,1004133.175791
423,2022-01-30 00:00:00.000 UTC,1.8803159028039633,136595.398733
424,2022-01-31 00:00:00.000 UTC,1.8856265022521486,12806184.13751
425,2022-02-01 00:00:00.000 UTC,1.9177565236236214,2826614.555203
426,2022-02-02 00:00:00.000 UTC,1.9405561367115576,1922227.648243
427,2022-02-03 00:00:00.000 UTC,1.9382653922781685,2934390.6325009996
428,2022-02-04 00:00:00.000 UTC,1.937954884389051,15647476.410208
429,2022-02-05 00:00:00.000 UTC,2.0018244802753666,698519.075103
430,2022-02-06 00:00:00.000 UTC,2.087710616870111,7217435.748147001
431,2022-02-07 00:00:00.000 UTC,2.0608907378388603,50399942.487672
432,2022-02-08 00:00:00.000 UTC,2.0314119171078646,2753658.507229
433,2022-02-09 00:00:00.000 UTC,2.093743884747627,2315069.920481
434,2022-02-10 00:00:00.000 UTC,2.074876366482014,3781307.829262
435,2022-02-11 00:00:00.000 UTC,2.0315867973758386,10097733.887245
436,2022-02-12 00:00:00.000 UTC,2.017132045908177,6176475.028524
437,2022-02-13 00:00:00.000 UTC,1.9923028785338088,11695.416748
438,2022-02-14 00:00:00.000 UTC,1.976536542480605,2105916.500972
439,2022-02-15 00:00:00.000 UTC,1.977220478051631,12417061.225544998
440,2022-02-16 00:00:00.000 UTC,1.9800625407120793,8595209.638022002
441,2022-02-17 00:00:00.000 UTC,1.8721411761038504,56953975.345151
442,2022-02-18 00:00:00.000 UTC,1.8222194500841535,12867977.93722
443,2022-02-19 00:00:00.000 UTC,1.8389470126096523,9732.211285
444,2022-02-20 00:00:00.000 UTC,1.9103856323536295,229173.247096
445,2022-02-21 00:00:00.000 UTC,1.9370673729760173,5966375.826729
446,2022-02-22 00:00:00.000 UTC,1.9192549969611503,5094.439657
447,2022-02-23 00:00:00.000 UTC,1.9190292213907092,9494523.088726
448,2022-02-24 00:00:00.000 UTC,1.8781775316188727,35462515.649925
449,2022-02-25 00:00:00.000 UTC,1.8441235805829337,6460050.384512999
450,2022-02-26 00:00:00.000 UTC,1.8538192559254054,1110810.79618
451,2022-02-27 00:00:00.000 UTC,1.8167394800488672,2239631.2069229996
452,2022-02-28 00:00:00.000 UTC,1.9323261302132417,1532327.449435
453,2022-03-01 00:00:00.000 UTC,2.3997992849338354,21555292.467269998
454,2022-03-02 00:00:00.000 UTC,2.398242268645437,17153629.161112
455,2022-03-03 00:00:00.000 UTC,2.493985466136788,23309952.478879
456,2022-03-04 00:00:00.000 UTC,3.0446295439920035,16489275.479997002
457,2022-03-05 00:00:00.000 UTC,3.0115913954826845,3124523.1231380003
458,2022-03-06 00:00:00.000 UTC,3.017255386657468,1270500.0204770002
459,2022-03-07 00:00:00.000 UTC,2.9953446444438034,198039.00461600002
460,2022-03-08 00:00:00.000 UTC,2.8734927067948113,4661909.102627001
461,2022-03-09 00:00:00.000 UTC,2.840383296660139,3729905.810976
462,2022-03-10 00:00:00.000 UTC,2.7865646935402557,25242580.434128
463,2022-03-11 00:00:00.000 UTC,2.665705362856809,9228593.0
464,2022-03-12 00:00:00.000 UTC,2.640051603374169,655798.851322
465,2022-03-13 00:00:00.000 UTC,2.610798115557034,3620388.373927
466,2022-03-14 00:00:00.000 UTC,2.592634816644537,37044611.713867
467,2022-03-15 00:00:00.000 UTC,2.7088361367917506,18402356.960469
468,2022-03-16 00:00:00.000 UTC,2.7204563708797553,1547472.082847
469,2022-03-17 00:00:00.000 UTC,2.688568937631691,10660437.99185
470,2022-03-18 00:00:00.000 UTC,2.722288341431772,5042990.865039
471,2022-03-19 00:00:00.000 UTC,2.963654543394644,3213660.229403
472,2022-03-20 00:00:00.000 UTC,3.1022727821346625,2870740.4396340004
473,2022-03-21 00:00:00.000 UTC,3.1347045380522425,505793.473072
474,2022-03-22 00:00:00.000 UTC,3.2803393196984865,12393265.19985
475,2022-03-23 00:00:00.000 UTC,3.654435228359867,7010079.334943
476,2022-03-24 00:00:00.000 UTC,5.4754566894302945,7922511.581226001
477,2022-03-25 00:00:00.000 UTC,4.043365563371596,8559319.535968
478,2022-03-26 00:00:00.000 UTC,4.278691742775997,12988749.34184
479,2022-03-27 00:00:00.000 UTC,3.256652611701341,4244123.5491309995
480,2022-03-28 00:00:00.000 UTC,4.675803272316752,5186048.7819529995
481,2022-03-29 00:00:00.000 UTC,4.33240793024634,5020189.657466999
482,2022-03-30 00:00:00.000 UTC,3.6153642392131267,4294876.146766001
483,2022-03-31 00:00:00.000 UTC,3.7375278045808806,5771885.999268999
484,2022-04-01 00:00:00.000 UTC,3.2283947580415346,8470179.981735
485,2022-04-02 00:00:00.000 UTC,3.1767354310032996,263362.602123
486,2022-04-03 00:00:00.000 UTC,3.2398031630680677,2757005.897694
487,2022-04-04 00:00:00.000 UTC,3.3388652040119418,8589565.818267
488,2022-04-05 00:00:00.000 UTC,3.449710197819747,55842654.853849
489,2022-04-06 00:00:00.000 UTC,3.107228506542103,6694649.065402001
490,2022-04-07 00:00:00.000 UTC,2.9757225294540883,26251231.046004
491,2022-04-08 00:00:00.000 UTC,2.8703745813960695,28352928.892629
492,2022-04-09 00:00:00.000 UTC,2.725388343881864,2107669.8562
493,2022-04-10 00:00:00.000 UTC,2.7272507083366677,5141907.853953
494,2022-04-11 00:00:00.000 UTC,2.6922760806933286,1266577.550599
495,2022-04-12 00:00:00.000 UTC,2.7263054665569673,15321317.958539
496,2022-04-13 00:00:00.000 UTC,2.749364680191805,11479351.074134002
497,2022-04-14 00:00:00.000 UTC,2.70585256245137,12812967.277565999
498,2022-04-15 00:00:00.000 UTC,2.7059546523044937,7605455.965880999
499,2022-04-16 00:00:00.000 UTC,2.7025485592616607,307781.031189
500,2022-04-17 00:00:00.000 UTC,2.7029298443060275,4677070.710942999
501,2022-04-18 00:00:00.000 UTC,2.699319807009484,701048.704596
502,2022-04-19 00:00:00.000 UTC,2.745410943307398,2001272.125699
503,2022-04-20 00:00:00.000 UTC,2.8042046513556307,8972484.805481
504,2022-04-21 00:00:00.000 UTC,2.6821933982741024,20244715.374032
505,2022-04-22 00:00:00.000 UTC,2.57767251523931,26911689.266687
506,2022-04-23 00:00:00.000 UTC,2.4538009429376406,961955.405751
507,2022-04-24 00:00:00.000 UTC,2.3011548388858616,181886978.998066
508,2022-04-25 00:00:00.000 UTC,1.851056967628085,5343153.538125
509,2022-04-26 00:00:00.000 UTC,1.8953069167352254,7495702.990913999
510,2022-04-27 00:00:00.000 UTC,1.9037375194607133,1270996.84154
511,2022-04-28 00:00:00.000 UTC,1.930183676020444,17367540.750243
512,2022-04-29 00:00:00.000 UTC,1.9265442441517475,540028.958962
513,2022-04-30 00:00:00.000 UTC,1.9215296100073105,16157355.030961001
514,2022-05-01 00:00:00.000 UTC,1.9152578382067693,5328062.310416
515,2022-05-02 00:00:00.000 UTC,1.8579916015161644,33643893.061037004
516,2022-05-03 00:00:00.000 UTC,1.8403285640851246,3221623.6397170005
517,2022-05-04 00:00:00.000 UTC,2.0250071264376954,1277303.59248
518,2022-05-05 00:00:00.000 UTC,2.1409104555638403,13405394.559894001
519,2022-05-06 00:00:00.000 UTC,1.975819041395964,17756279.022842
520,2022-05-07 00:00:00.000 UTC,1.923367353044584,9030868.310338
521,2022-05-08 00:00:00.000 UTC,1.8745449622197896,20731984.451304
522,2022-05-09 00:00:00.000 UTC,1.8085757871993255,8586048.748604
523,2022-05-10 00:00:00.000 UTC,1.7752213148900597,18324237.276171
524,2022-05-11 00:00:00.000 UTC,2.805964925752974,63083615.21026401
525,2022-05-12 00:00:00.000 UTC,3.2482886889030027,197156806.56647503
526,2022-05-13 00:00:00.000 UTC,2.3115058705865374,31051696.480417002
527,2022-05-14 00:00:00.000 UTC,2.7462633854412575,129491496.93967399
528,2022-05-15 00:00:00.000 UTC,2.4122926112862975,4537353.981304
529,2022-05-16 00:00:00.000 UTC,2.460816098655571,8960023.404128999
530,2022-05-17 00:00:00.000 UTC,2.349323955007204,67562446.27030599
531,2022-05-18 00:00:00.000 UTC,2.2905668211095946,60257291.72715099
532,2022-05-19 00:00:00.000 UTC,2.0512678447030286,76091066.199255
533,2022-05-20 00:00:00.000 UTC,2.0942044557568327,138853.99226700002
534,2022-05-21 00:00:00.000 UTC,2.17489848058402,87438593.74613698
535,2022-05-22 00:00:00.000 UTC,2.003228518943167,92867951.236145
536,2022-05-23 00:00:00.000 UTC,1.8113954620199146,21802677.089778002
537,2022-05-24 00:00:00.000 UTC,1.8469969138970939,743753.8485519999
538,2022-05-25 00:00:00.000 UTC,1.848842774696732,12540258.652708998
539,2022-05-26 00:00:00.000 UTC,1.9796534653758109,1649474.641723
540,2022-05-27 00:00:00.000 UTC,1.8030278636417862,112147341.87912701
541,2022-05-28 00:00:00.000 UTC,1.294679983300432,27553008.627517004
542,2022-05-29 00:00:00.000 UTC,1.2612357418213944,4549.3007020000005
543,2022-05-30 00:00:00.000 UTC,1.3410872378999261,22838985.637417
544,2022-05-31 00:00:00.000 UTC,1.3599091616805272,2378519.394781
545,2022-06-01 00:00:00.000 UTC,1.602760050686747,248745.65249699997
546,2022-06-02 00:00:00.000 UTC,1.7360957355998716,2275073.2632710002
547,2022-06-03 00:00:00.000 UTC,1.7864106599580645,1839365.898181
548,2022-06-04 00:00:00.000 UTC,1.7444934814007498,2090218.480707
549,2022-06-05 00:00:00.000 UTC,1.7771529276345641,3203041.9364799997
550,2022-06-06 00:00:00.000 UTC,1.839785450800778,9157286.034944
551,2022-06-07 00:00:00.000 UTC,1.8012856783599647,16730030.786767999
552,2022-06-08 00:00:00.000 UTC,1.780177916738441,3202545.663519
553,2022-06-09 00:00:00.000 UTC,1.7051667003829454,934740.074389
554,2022-06-10 00:00:00.000 UTC,1.2886573682313796,15167934.002465999
555,2022-06-11 00:00:00.000 UTC,1.2268378552977126,8846737.375488998
556,2022-06-12 00:00:00.000 UTC,1.1931503703524917,7283700.259273
557,2022-06-13 00:00:00.000 UTC,1.0144525145232501,24824282.312881004
558,2022-06-14 00:00:00.000 UTC,0.8068544175350596,5165409.08533
559,2022-06-15 00:00:00.000 UTC,0.7620714550219436,12748814.746061996
560,2022-06-16 00:00:00.000 UTC,1.0547051999329136,9206188.398281999
561,2022-06-17 00:00:00.000 UTC,1.8816846840253307,11666931.746087
562,2022-06-18 00:00:00.000 UTC,5.674597289499944,77046216.771777
563,2022-06-19 00:00:00.000 UTC,2.949074800113301,40677595.80899
564,2022-06-20 00:00:00.000 UTC,2.882935846363721,41405640.94346599
565,2022-06-21 00:00:00.000 UTC,2.984007689749051,55935939.842831
566,2022-06-22 00:00:00.000 UTC,2.632335248607777,260509951.042073
567,2022-06-23 00:00:00.000 UTC,0.8934520628268737,15498066.912862001
568,2022-06-24 00:00:00.000 UTC,0.9592477501550398,46984729.680948995
569,2022-06-25 00:00:00.000 UTC,1.031363477982636,1759251.948704
570,2022-06-26 00:00:00.000 UTC,1.0945781724396455,2422532.478786
571,2022-06-27 00:00:00.000 UTC,1.111293482653642,2428205.672642
572,2022-06-28 00:00:00.000 UTC,1.1846587155354331,4091507.664014
573,2022-06-29 00:00:00.000 UTC,1.3332295754176915,10070946.991159
574,2022-06-30 00:00:00.000 UTC,1.3165897581846824,4273283.534065
575,2022-07-01 00:00:00.000 UTC,1.3310352844295688,9239709.323972
576,2022-07-02 00:00:00.000 UTC,1.4743574624167204,2488513.306391
577,2022-07-03 00:00:00.000 UTC,1.484777990189573,717550.9820660001
578,2022-07-04 00:00:00.000 UTC,1.4708196582193866,5921171.574514
579,2022-07-05 00:00:00.000 UTC,1.4660496642282683,4673080.501269
580,2022-07-06 00:00:00.000 UTC,1.5551740453086509,10578489.042196998
581,2022-07-07 00:00:00.000 UTC,1.8666450176149727,5114250.475535
582,2022-07-08 00:00:00.000 UTC,1.8932988549499286,971245.595063
583,2022-07-09 00:00:00.000 UTC,1.9323055912309695,1076140.727404
584,2022-07-10 00:00:00.000 UTC,1.942156220663189,105069.801875
585,2022-07-11 00:00:00.000 UTC,1.901320466858812,3322961.478714
586,2022-07-12 00:00:00.000 UTC,1.8756770986146856,11148822.547743
587,2022-07-13 00:00:00.000 UTC,1.8301610403956077,139902.848149
588,2022-07-14 00:00:00.000 UTC,1.805198166394186,3032984.9366719997
589,2022-07-15 00:00:00.000 UTC,1.7886924690445805,266211.69468300004
590,2022-07-16 00:00:00.000 UTC,1.7921520839365943,145277.502951
591,2022-07-17 00:00:00.000 UTC,1.8302595197616534,98363.233071
592,2022-07-18 00:00:00.000 UTC,1.7082973306759452,73897473.764051
593,2022-07-19 00:00:00.000 UTC,1.5266777316827658,2065550.0610669998
594,2022-07-20 00:00:00.000 UTC,1.7307103555463779,5054.593531
595,2022-07-21 00:00:00.000 UTC,1.7875096308753573,512466.20404499996
596,2022-07-22 00:00:00.000 UTC,1.889514042509991,2080245.089456
597,2022-07-23 00:00:00.000 UTC,1.8258690237605444,32352949.258551
598,2022-07-24 00:00:00.000 UTC,1.664014394870915,296125.56101400004
599,2022-07-25 00:00:00.000 UTC,1.6388228619043343,2344812.36847
600,2022-07-26 00:00:00.000 UTC,1.6568300521582078,538906.037641
601,2022-07-27 00:00:00.000 UTC,1.630406056020754,365667.717965
602,2022-07-28 00:00:00.000 UTC,1.7303214282813957,1305768.973823
603,2022-07-29 00:00:00.000 UTC,1.7649568502495236,3010852.531549
604,2022-07-30 00:00:00.000 UTC,1.8023963200732365,809384.668082
605,2022-07-31 00:00:00.000 UTC,1.7986283717504343,171573.98254399997
606,2022-08-01 00:00:00.000 UTC,1.76769670227991,8606678.273541998
607,2022-08-02 00:00:00.000 UTC,1.783830477215117,90418.75737500002
608,2022-08-03 00:00:00.000 UTC,1.779863022476347,6990165.450378
609,2022-08-04 00:00:00.000 UTC,1.5038571650209909,51831325.144604
610,2022-08-05 00:00:00.000 UTC,1.438315390330576,2329457.5760200005
611,2022-08-06 00:00:00.000 UTC,1.3597109950805069,9305057.300438
612,2022-08-07 00:00:00.000 UTC,1.35708509990553,1342986.4471080003
613,2022-08-08 00:00:00.000 UTC,1.352624893348077,29932436.966225
614,2022-08-09 00:00:00.000 UTC,1.193318326836688,56381788.352992
615,2022-08-10 00:00:00.000 UTC,1.1869262927008775,5163406.750806
616,2022-08-11 00:00:00.000 UTC,1.317607944997609,1665016.9646490002
617,2022-08-12 00:00:00.000 UTC,1.3929699921988903,2762454.1353929997
618,2022-08-13 00:00:00.000 UTC,1.3670922961444978,21925179.121540003
619,2022-08-14 00:00:00.000 UTC,1.3963186581739453,22692560.385608
620,2022-08-15 00:00:00.000 UTC,1.3559204987258555,13344046.250629999
621,2022-08-16 00:00:00.000 UTC,1.2428857550426051,35357913.565681994
622,2022-08-17 00:00:00.000 UTC,1.2068093120759418,1119989.588796
623,2022-08-18 00:00:00.000 UTC,1.1945896290009868,5609960.800028999
624,2022-08-19 00:00:00.000 UTC,1.158957740134607,4769109.623988
625,2022-08-20 00:00:00.000 UTC,1.0494340658892483,36903252.97074299
626,2022-08-21 00:00:00.000 UTC,1.104967783150499,1993489.378015
627,2022-08-22 00:00:00.000 UTC,1.3845585019913995,6373111.1810139995
628,2022-08-23 00:00:00.000 UTC,1.3496158571162322,1975764.7396840001
629,2022-08-24 00:00:00.000 UTC,1.3436993253570029,5683987.898192
630,2022-08-25 00:00:00.000 UTC,1.3229773321233482,542285.069976
631,2022-08-26 00:00:00.000 UTC,1.310628035244932,977537.959202
632,2022-08-27 00:00:00.000 UTC,1.3059802303060082,298935.256777
633,2022-08-28 00:00:00.000 UTC,1.270476541143007,32067049.329058003
634,2022-08-29 00:00:00.000 UTC,1.2694824729094278,3987690.216914
635,2022-08-30 00:00:00.000 UTC,1.2648106532966241,5501686.430573
636,2022-08-31 00:00:00.000 UTC,1.2802489595955733,13846414.741138
637,2022-09-01 00:00:00.000 UTC,1.2778145062777062,800000.0
638,2022-09-02 00:00:00.000 UTC,1.2816654650481056,105815.378754
639,2022-09-03 00:00:00.000 UTC,1.239770904664773,585862.8846229999
640,2022-09-04 00:00:00.000 UTC,1.3835714965996628,62814435.525192
641,2022-09-05 00:00:00.000 UTC,1.446752212144599,2774389.931634
642,2022-09-06 00:00:00.000 UTC,1.4311094212150437,13600103.391232999
643,2022-09-07 00:00:00.000 UTC,1.2556840756606058,127100.77815400001
644,2022-09-08 00:00:00.000 UTC,1.288096686046942,3149466.058211
645,2022-09-09 00:00:00.000 UTC,1.263831293739313,8155268.527477
646,2022-09-10 00:00:00.000 UTC,1.2318839491158853,587087.1477150001
647,2022-09-11 00:00:00.000 UTC,1.2668262565144894,420310.645273
648,2022-09-12 00:00:00.000 UTC,1.2886375889751238,739444.368504
649,2022-09-13 00:00:00.000 UTC,1.2353400276516608,14074200.783054
650,2022-09-14 00:00:00.000 UTC,1.1323201697653027,1051556.022156
651,2022-09-15 00:00:00.000 UTC,1.179163562679364,4595817.607321
652,2022-09-16 00:00:00.000 UTC,1.1726082619463882,17994331.507923
653,2022-09-17 00:00:00.000 UTC,1.199915233270276,2067647.686901
654,2022-09-18 00:00:00.000 UTC,1.2806557100421705,11695350.596068999
655,2022-09-19 00:00:00.000 UTC,1.3083806682703836,34365294.640939996
656,2022-09-20 00:00:00.000 UTC,1.3160008239530705,1426102.804407
657,2022-09-21 00:00:00.000 UTC,1.3510069022917897,353959.24426899996
658,2022-09-22 00:00:00.000 UTC,1.3978370967286529,1273760.444257
659,2022-09-23 00:00:00.000 UTC,1.3698257169864545,12455836.683907
660,2022-09-24 00:00:00.000 UTC,1.3362975057611501,5010382.125417001
661,2022-09-25 00:00:00.000 UTC,1.323255093410285,439574.36533000006
662,2022-09-26 00:00:00.000 UTC,1.21288113893178,371442.295154
663,2022-09-27 00:00:00.000 UTC,1.1520910743290722,941418.7892209999
664,2022-09-28 00:00:00.000 UTC,1.1412136708580334,69118.83924900001
665,2022-09-29 00:00:00.000 UTC,1.1217080977015874,42223.263388
666,2022-09-30 00:00:00.000 UTC,1.119811935480429,300089.33844699996
667,2022-10-01 00:00:00.000 UTC,1.1063028040658611,52009826.74863
668,2022-10-02 00:00:00.000 UTC,1.0980927527763154,228225.69405000002
669,2022-10-03 00:00:00.000 UTC,1.1236084846183918,46404147.099535
670,2022-10-04 00:00:00.000 UTC,1.250266396321767,209.862936
671,2022-10-05 00:00:00.000 UTC,1.2562552523421295,3822908.66119
672,2022-10-06 00:00:00.000 UTC,1.2399481785693183,21182285.688691005
673,2022-10-07 00:00:00.000 UTC,1.2315494791337376,2969732.4086869997
674,2022-10-08 00:00:00.000 UTC,1.2993912716814375,100005913.186886
675,2022-10-09 00:00:00.000 UTC,1.2239573834883746,997860.2096599999
676,2022-10-10 00:00:00.000 UTC,1.2202343359526842,283488.108403
677,2022-10-11 00:00:00.000 UTC,1.20163120529906,19831.324223
678,2022-10-12 00:00:00.000 UTC,1.169002646369076,11658832.691270001
679,2022-10-13 00:00:00.000 UTC,1.1586087795831026,1379131.9560029998
680,2022-10-14 00:00:00.000 UTC,1.1821697758538408,2059.414872
681,2022-10-15 00:00:00.000 UTC,0.985916934731071,80049302.04925199
682,2022-10-16 00:00:00.000 UTC,0.8947529106162053,352808.240591
683,2022-10-17 00:00:00.000 UTC,1.2426226611962057,20021.050548
684,2022-10-18 00:00:00.000 UTC,1.3572457443998942,253139.456156
685,2022-10-19 00:00:00.000 UTC,1.420049656207942,422397.205783
686,2022-10-20 00:00:00.000 UTC,1.4404675306504713,1231523.6217
687,2022-10-21 00:00:00.000 UTC,1.9667062774380941,11975388.824903999
688,2022-10-22 00:00:00.000 UTC,2.4534961554315595,104144.972306
689,2022-10-23 00:00:00.000 UTC,2.343754490484371,11927887.022769
690,2022-10-24 00:00:00.000 UTC,2.5966668092099767,10316325.089077998
691,2022-10-25 00:00:00.000 UTC,2.8748498387800354,20484474.938063003
692,2022-10-26 00:00:00.000 UTC,2.785321295005323,4202887.404337999
693,2022-10-27 00:00:00.000 UTC,2.716454159195521,2183033.7707660003
694,2022-10-28 00:00:00.000 UTC,2.7264466588586576,947350.823203
695,2022-10-29 00:00:00.000 UTC,2.1476295875676987,52529771.053284
696,2022-10-30 00:00:00.000 UTC,2.1248893885318716,1934765.381192
697,2022-10-31 00:00:00.000 UTC,2.3901648134647093,7165641.384784
698,2022-11-01 00:00:00.000 UTC,2.8296777469625716,17972977.539236
699,2022-11-02 00:00:00.000 UTC,2.831554823277088,4246950.495925
700,2022-11-03 00:00:00.000 UTC,2.8536665814862148,363691.469424
701,2022-11-04 00:00:00.000 UTC,2.840826276250891,14630105.004418002
702,2022-11-05 00:00:00.000 UTC,2.6241189062193135,5849158.1030520005
703,2022-11-06 00:00:00.000 UTC,2.587868719027414,4489894.415399
704,2022-11-07 00:00:00.000 UTC,2.525258374365604,7619469.979955001
705,2022-11-08 00:00:00.000 UTC,2.6140878563731245,22093565.566471994
706,2022-11-09 00:00:00.000 UTC,8.135147283705317,53169701.33488601
707,2022-11-10 00:00:00.000 UTC,18.30059572096957,69797179.34325399
708,2022-11-11 00:00:00.000 UTC,7.422686333448485,49070755.777741
709,2022-11-12 00:00:00.000 UTC,9.858782055565813,28279432.64922201
710,2022-11-13 00:00:00.000 UTC,4.88465071651111,23118205.607354004
711,2022-11-14 00:00:00.000 UTC,5.850411383178781,14461159.386067
712,2022-11-15 00:00:00.000 UTC,3.738075206009933,6514476.490691999
713,2022-11-16 00:00:00.000 UTC,3.95356873770749,22664429.058012
714,2022-11-17 00:00:00.000 UTC,3.6839410710783627,9659018.221497
715,2022-11-18 00:00:00.000 UTC,3.314981931154757,15961125.986205004
716,2022-11-19 00:00:00.000 UTC,2.8365828503123645,21922849.523622002
717,2022-11-20 00:00:00.000 UTC,2.894799247131737,21141148.284904
718,2022-11-21 00:00:00.000 UTC,3.0871199881243556,25029050.466394
719,2022-11-22 00:00:00.000 UTC,2.6228385502182903,49430926.922178015
720,2022-11-23 00:00:00.000 UTC,2.1153748254548392,22112453.656508002
721,2022-11-24 00:00:00.000 UTC,2.4054351013018236,15411454.902366996
722,2022-11-25 00:00:00.000 UTC,2.3777666021140402,22422162.515548
723,2022-11-26 00:00:00.000 UTC,2.294098269178706,3375905.5155079993
724,2022-11-27 00:00:00.000 UTC,2.341346894756652,1086132.1111070006
725,2022-11-28 00:00:00.000 UTC,2.289899079656949,2397607.579934
726,2022-11-29 00:00:00.000 UTC,2.189482304765089,14651937.679106
727,2022-11-30 00:00:00.000 UTC,2.18049975345702,4364863.357861002
728,2022-12-01 00:00:00.000 UTC,2.34899765116596,7543987.819354001
729,2022-12-02 00:00:00.000 UTC,2.4262384550355933,7452395.225373001
730,2022-12-03 00:00:00.000 UTC,2.476273998317246,9689132.812722996
731,2022-12-04 00:00:00.000 UTC,2.4741003923511182,11047908.371607997
732,2022-12-05 00:00:00.000 UTC,2.3684316881604435,22770496.823255997
733,2022-12-06 00:00:00.000 UTC,2.2739863267263476,1619833.061284
734,2022-12-07 00:00:00.000 UTC,2.3459845993502157,2552706.195063
735,2022-12-08 00:00:00.000 UTC,2.286505385248663,1015325.0537380001
736,2022-12-09 00:00:00.000 UTC,2.3940514954996215,15518127.977505999
737,2022-12-10 00:00:00.000 UTC,2.3995521903814887,432031.61427799996
738,2022-12-11 00:00:00.000 UTC,2.352268915089533,32361677.787115
739,2022-12-12 00:00:00.000 UTC,2.2586922880461375,1134958.023612
740,2022-12-13 00:00:00.000 UTC,2.2155953626735414,34556473.18046801
741,2022-12-14 00:00:00.000 UTC,2.271717328818008,2655322.803386
742,2022-12-15 00:00:00.000 UTC,2.444085543010395,8254571.039525
743,2022-12-16 00:00:00.000 UTC,2.3979519078815152,2270104.4879050003
744,2022-12-17 00:00:00.000 UTC,2.4038472586210267,421610.485468
745,2022-12-18 00:00:00.000 UTC,2.325997076457773,6869749.102103
746,2022-12-19 00:00:00.000 UTC,2.460036821727018,18621639.76227
747,2022-12-20 00:00:00.000 UTC,2.4482047083774776,6309729.886306999
748,2022-12-21 00:00:00.000 UTC,2.3965912080915617,30527700.015719004
749,2022-12-22 00:00:00.000 UTC,2.2727054565244305,3114972.041774
750,2022-12-23 00:00:00.000 UTC,2.245954830218103,4031853.941611
751,2022-12-24 00:00:00.000 UTC,2.2257470317802537,1171996.4368349998
752,2022-12-25 00:00:00.000 UTC,2.2757475233881346,3064501.7197920005
753,2022-12-26 00:00:00.000 UTC,2.258233677979219,2714223.5276140003
754,2022-12-27 00:00:00.000 UTC,2.2799702077964636,7828221.130182
755,2022-12-28 00:00:00.000 UTC,2.211087372195569,3403230.8914820002
756,2022-12-29 00:00:00.000 UTC,2.2201136895826057,385925.74321499997
757,2022-12-30 00:00:00.000 UTC,2.310776058063747,2889554.874643
758,2022-12-31 00:00:00.000 UTC,2.2821455542419313,770592.327467
759,2023-01-01 00:00:00.000 UTC,2.281890618447933,431167.446772
760,2023-01-02 00:00:00.000 UTC,2.3287378836852177,1337497.960468
761,2023-01-03 00:00:00.000 UTC,2.3098422431525805,4676385.5107499985
762,2023-01-04 00:00:00.000 UTC,2.319702601958356,408617.069426
763,2023-01-05 00:00:00.000 UTC,2.347742978699655,1903478.5027099997
764,2023-01-06 00:00:00.000 UTC,2.3454115657862196,2160949.435495
765,2023-01-07 00:00:00.000 UTC,2.298757583172344,8503188.999371
766,2023-01-08 00:00:00.000 UTC,2.20621983156734,2570711.821838001
767,2023-01-09 00:00:00.000 UTC,2.1921569968232437,328733.777198
768,2023-01-10 00:00:00.000 UTC,2.3036883588201267,2579645.7617960004
769,2023-01-11 00:00:00.000 UTC,2.292366078173606,137804.54795500002
770,2023-01-12 00:00:00.000 UTC,2.467777697612406,3071388.8736860007
771,2023-01-13 00:00:00.000 UTC,2.577792237768428,2092679.172224
772,2023-01-14 00:00:00.000 UTC,2.605107335164482,1799635.181035
773,2023-01-15 00:00:00.000 UTC,2.4245087170696733,85482.19206
774,2023-01-16 00:00:00.000 UTC,2.553776289967372,11593138.610861002
775,2023-01-17 00:00:00.000 UTC,2.5992339657866497,852360.669865
776,2023-01-18 00:00:00.000 UTC,3.2502994820361057,4105669.114029
777,2023-01-19 00:00:00.000 UTC,2.9482034791323537,1905414.445934
778,2023-01-20 00:00:00.000 UTC,2.867786639819538,15572862.234291999
779,2023-01-21 00:00:00.000 UTC,2.858625541448253,2388993.200751
780,2023-01-22 00:00:00.000 UTC,2.7632249582114863,703020.56987
781,2023-01-23 00:00:00.000 UTC,2.8610995014219744,4421922.216691
782,2023-01-24 00:00:00.000 UTC,2.893474769984178,2437699.016133
783,2023-01-25 00:00:00.000 UTC,2.841754378987475,6398400.636740001
784,2023-01-26 00:00:00.000 UTC,2.7502811926270003,1760312.0261280003
785,2023-01-27 00:00:00.000 UTC,2.866262493660504,2348810.110571
786,2023-01-28 00:00:00.000 UTC,2.8059241854195163,2433858.583158
787,2023-01-29 00:00:00.000 UTC,2.753506022064945,2536533.378321
788,2023-01-30 00:00:00.000 UTC,2.817341323153527,1779226.785755
789,2023-01-31 00:00:00.000 UTC,2.931568347534332,4957960.74885
790,2023-02-01 00:00:00.000 UTC,3.0147837867204648,6675831.034133
791,2023-02-02 00:00:00.000 UTC,8.498647647021569,13396751.516597
792,2023-02-03 00:00:00.000 UTC,3.1048330940092104,1870301.895006
793,2023-02-04 00:00:00.000 UTC,2.904682810901999,8275841.447484
794,2023-02-05 00:00:00.000 UTC,3.974611118679346,2373639.132842
795,2023-02-06 00:00:00.000 UTC,3.333107616544914,39625036.109825
796,2023-02-07 00:00:00.000 UTC,2.7448637092488632,4556568.315354
797,2023-02-08 00:00:00.000 UTC,2.808815528997065,6532161.243054
798,2023-02-09 00:00:00.000 UTC,2.885640151966259,3006537.392802
799,2023-02-10 00:00:00.000 UTC,2.916904900816554,23305272.625692002
800,2023-02-11 00:00:00.000 UTC,2.57458206314365,46887277.972088
801,2023-02-12 00:00:00.000 UTC,2.227637212736733,4093371.443601
802,2023-02-13 00:00:00.000 UTC,3.463099356773201,11485568.900972001
803,2023-02-14 00:00:00.000 UTC,3.23229729194745,7815486.762329999
804,2023-02-15 00:00:00.000 UTC,2.7126798255377347,22406358.962882
805,2023-02-16 00:00:00.000 UTC,2.63824130818235,8536222.588564
806,2023-02-17 00:00:00.000 UTC,2.558932469894802,1696426.958807
807,2023-02-18 00:00:00.000 UTC,2.4945388639988715,18136267.903173994
808,2023-02-19 00:00:00.000 UTC,2.6245874005345784,1123262.456889
809,2023-02-20 00:00:00.000 UTC,2.6484280489109207,574611.9387440002
810,2023-02-21 00:00:00.000 UTC,2.785993551315285,302814.160685
811,2023-02-22 00:00:00.000 UTC,2.7628150178386424,6143417.696728
812,2023-02-23 00:00:00.000 UTC,2.80671802464967,523632.83163400006
813,2023-02-24 00:00:00.000 UTC,3.197346888829051,116227.182055
814,2023-02-25 00:00:00.000 UTC,3.3390294410811703,6141046.325585999
815,2023-02-26 00:00:00.000 UTC,2.966710886521839,38620.172939000004
816,2023-02-27 00:00:00.000 UTC,3.237998183678401,3852918.3879440003
817,2023-02-28 00:00:00.000 UTC,2.9687597679868474,5321265.413178
818,2023-03-01 00:00:00.000 UTC,3.658976211677769,8543664.527656
819,2023-03-02 00:00:00.000 UTC,3.4380191424498854,4451198.641508
820,2023-03-03 00:00:00.000 UTC,2.5701972740720147,30408.656533999998
821,2023-03-04 00:00:00.000 UTC,2.5632495510545095,12006933.679426998
822,2023-03-05 00:00:00.000 UTC,2.4204737096305795,9782093.010273999
823,2023-03-06 00:00:00.000 UTC,2.4523851604303113,8098419.076394
824,2023-03-07 00:00:00.000 UTC,2.4522653266701644,9532872.756023
825,2023-03-08 00:00:00.000 UTC,2.3444774267433006,564822.401787
826,2023-03-09 00:00:00.000 UTC,2.0510387839217414,48987221.80195001
827,2023-03-10 00:00:00.000 UTC,1.718504260075572,24752331.581905
828,2023-03-11 00:00:00.000 UTC,45.04586425334623,107671257.12807801
829,2023-03-12 00:00:00.000 UTC,52.55309004950295,142950057.2970209
830,2023-03-13 00:00:00.000 UTC,32.5200121418401,163727987.41788003
831,2023-03-14 00:00:00.000 UTC,10.99345833400413,35741591.1408
832,2023-03-15 00:00:00.000 UTC,6.655972598371922,26439534.283143997
833,2023-03-16 00:00:00.000 UTC,4.913294815491331,38380702.202391
834,2023-03-17 00:00:00.000 UTC,4.323294237715994,107584477.333495
835,2023-03-18 00:00:00.000 UTC,1.5267068398969994,69712831.793035
836,2023-03-19 00:00:00.000 UTC,1.8138581884585014,1901680.3513050003
837,2023-03-20 00:00:00.000 UTC,4.593705373043867,80939075.779374
838,2023-03-21 00:00:00.000 UTC,2.9990754987428927,34819996.832359
839,2023-03-22 00:00:00.000 UTC,2.6741967961928093,26034172.634418
840,2023-03-23 00:00:00.000 UTC,2.8284289748747944,19727762.708124
841,2023-03-24 00:00:00.000 UTC,2.26141921348607,2507001.242719
842,2023-03-25 00:00:00.000 UTC,1.6612625679979698,84320.62361
843,2023-03-26 00:00:00.000 UTC,1.6445362222880773,4714707.157304
844,2023-03-27 00:00:00.000 UTC,1.8306591590564016,972689.7194180001
845,2023-03-28 00:00:00.000 UTC,1.3627935126239694,1784220.7850529999
846,2023-03-29 00:00:00.000 UTC,1.340296244783171,35817759.89681
847,2023-03-30 00:00:00.000 UTC,1.7567045467134135,1664922.371695
848,2023-03-31 00:00:00.000 UTC,1.8672480869047625,15236715.879563998
849,2023-04-01 00:00:00.000 UTC,1.6740739183748221,7375996.60902
850,2023-04-02 00:00:00.000 UTC,1.7886628510575489,335452.583912
851,2023-04-03 00:00:00.000 UTC,1.9298870501425078,9419452.540984001
852,2023-04-04 00:00:00.000 UTC,1.6693167467095222,537527.431519
853,2023-04-05 00:00:00.000 UTC,1.585409859704021,295021.766202
854,2023-04-06 00:00:00.000 UTC,1.6322932762911397,1032051.239085
855,2023-04-07 00:00:00.000 UTC,1.6129673147321446,1777115.0682579998
856,2023-04-09 00:00:00.000 UTC,1.8715294291118347,0.862044
857,2023-04-10 00:00:00.000 UTC,1.990848866769979,22793724.005012
858,2023-04-11 00:00:00.000 UTC,1.9467535242230412,101630.283212
859,2023-04-12 00:00:00.000 UTC,2.1578585460801087,3134889.97461
860,2023-04-13 00:00:00.000 UTC,2.1998312175051735,2300398.3989399998
861,2023-04-14 00:00:00.000 UTC,4.006442364082733,13956446.464029
862,2023-04-15 00:00:00.000 UTC,2.34328959219919,781946.0131709999
863,2023-04-16 00:00:00.000 UTC,2.2300011762606906,2858803.4296330004
864,2023-04-17 00:00:00.000 UTC,2.798400305863594,3890340.138122
865,2023-04-18 00:00:00.000 UTC,2.5832305986399495,5700972.388036
866,2023-04-19 00:00:00.000 UTC,2.5196244603574036,100.0
867,2023-04-20 00:00:00.000 UTC,2.5025506790371903,2282206.33405
868,2023-04-21 00:00:00.000 UTC,2.3239528192372476,9042932.784717001
869,2023-04-22 00:00:00.000 UTC,2.196424790485057,43230.310805
870,2023-04-23 00:00:00.000 UTC,2.2517476526498283,7094623.14417
871,2023-04-24 00:00:00.000 UTC,2.4123144280529947,3632258.923818
872,2023-04-25 00:00:00.000 UTC,2.156865938223251,279872.435847
873,2023-04-26 00:00:00.000 UTC,2.2767592224243796,1350000.0
874,2023-04-27 00:00:00.000 UTC,2.322095786440657,4155443.360415
875,2023-04-28 00:00:00.000 UTC,2.3369327273780227,1000000.0
876,2023-04-29 00:00:00.000 UTC,2.353533071653053,578341.006506
877,2023-04-30 00:00:00.000 UTC,2.7465194783869156,1026836.079959
878,2023-05-01 00:00:00.000 UTC,2.7406798129018126,3798662.822726
879,2023-05-02 00:00:00.000 UTC,2.3142761205600615,0.7962
880,2023-05-04 00:00:00.000 UTC,2.411159400009794,5203681.943268
881,2023-05-05 00:00:00.000 UTC,2.5282339831271807,960757.249606
882,2023-05-06 00:00:00.000 UTC,2.5501667268254122,116399.32214799999
883,2023-05-07 00:00:00.000 UTC,2.651535975561886,3249395.303565
884,2023-05-08 00:00:00.000 UTC,3.281260623313579,8123690.810795999
885,2023-05-09 00:00:00.000 UTC,2.2384417785186606,18237963.160970002
886,2023-05-10 00:00:00.000 UTC,2.1947576573309204,161776.139802
887,2023-05-11 00:00:00.000 UTC,2.3095155529543736,1989670.347128
888,2023-05-12 00:00:00.000 UTC,2.3252573576370867,1325818.684252
889,2023-05-13 00:00:00.000 UTC,2.3434724633616497,2095986.0
890,2023-05-14 00:00:00.000 UTC,2.3281403021008975,401047.083436
891,2023-05-15 00:00:00.000 UTC,2.3405681112382717,2804725.462555
892,2023-05-16 00:00:00.000 UTC,2.324268899699393,1709342.036051
893,2023-05-17 00:00:00.000 UTC,2.3344257458146997,9340072.360656
894,2023-05-18 00:00:00.000 UTC,2.3404489813603115,1728178.1551629999
895,2023-05-19 00:00:00.000 UTC,2.275030411973136,7060134.009014
896,2023-05-20 00:00:00.000 UTC,2.178945838595653,4568887.687398001
897,2023-05-21 00:00:00.000 UTC,2.2607464722210535,1076117.6856570002
898,2023-05-22 00:00:00.000 UTC,2.2978693788101103,15298.707992
899,2023-05-23 00:00:00.000 UTC,2.226632619865538,9582756.728496
900,2023-05-24 00:00:00.000 UTC,2.33171326306988,1376837.8746000002
901,2023-05-25 00:00:00.000 UTC,2.3244869181071173,1851198.01838
902,2023-05-26 00:00:00.000 UTC,2.446825154826954,4152539.040243
903,2023-05-27 00:00:00.000 UTC,2.607409467745365,1642111.085241
904,2023-05-28 00:00:00.000 UTC,2.6318456049392225,1903543.884564
905,2023-05-29 00:00:00.000 UTC,2.6619901479224075,2619364.441273
906,2023-05-30 00:00:00.000 UTC,2.7381026456601316,41482236.70954699
907,2023-05-31 00:00:00.000 UTC,2.2791094780017462,284234.21054
908,2023-06-01 00:00:00.000 UTC,2.286998958452879,815420.1666889999
909,2023-06-02 00:00:00.000 UTC,2.2809308130495465,22412538.022281
910,2023-06-03 00:00:00.000 UTC,2.331539242994098,1517938.597819
911,2023-06-04 00:00:00.000 UTC,2.314948931856789,1981800.104799
912,2023-06-05 00:00:00.000 UTC,2.2781469478184997,15393205.125243999
913,2023-06-06 00:00:00.000 UTC,2.3928631303650763,21671170.162537
914,2023-06-07 00:00:00.000 UTC,2.80730693711832,8694227.152351
915,2023-06-08 00:00:00.000 UTC,2.6401006352553096,2390705.040023
916,2023-06-09 00:00:00.000 UTC,2.6467901211106493,5872253.737128
917,2023-06-10 00:00:00.000 UTC,2.3913322321774304,21234864.040202
918,2023-06-11 00:00:00.000 UTC,2.3225312260124396,8726870.402099
919,2023-06-12 00:00:00.000 UTC,2.6064331686491684,9100757.210638
920,2023-06-13 00:00:00.000 UTC,2.3204485229267298,2422506.999615
921,2023-06-14 00:00:00.000 UTC,2.441748790990385,6728516.87088
922,2023-06-15 00:00:00.000 UTC,5.44219355021619,32661465.18362
923,2023-06-16 00:00:00.000 UTC,2.8571098457802697,22207644.012606
924,2023-06-17 00:00:00.000 UTC,2.789326508935248,6044672.999313001
925,2023-06-18 00:00:00.000 UTC,2.6526478505431443,15240923.361805
926,2023-06-19 00:00:00.000 UTC,2.4068752133601943,1273169.9
927,2023-06-20 00:00:00.000 UTC,2.395944119530403,1533942.18707
928,2023-06-21 00:00:00.000 UTC,2.578851862147026,3890279.483837
929,2023-06-22 00:00:00.000 UTC,2.7124496853051734,495935.83219800005
930,2023-06-23 00:00:00.000 UTC,2.7757608928621633,6092059.177019999
931,2023-06-24 00:00:00.000 UTC,3.113405441270608,19172.341292999998
932,2023-06-25 00:00:00.000 UTC,3.1074488491422554,6720195.920276
933,2023-06-26 00:00:00.000 UTC,3.0775688425561025,13080039.003813
934,2023-06-27 00:00:00.000 UTC,3.175388496329471,27081780.229646
935,2023-06-28 00:00:00.000 UTC,2.787621358022908,4395050.739229
936,2023-06-29 00:00:00.000 UTC,2.6766335838920923,16228263.33537
937,2023-06-30 00:00:00.000 UTC,3.291809399042449,8965073.134321999
938,2023-07-01 00:00:00.000 UTC,2.8661820016359503,1580000.1161779999
939,2023-07-02 00:00:00.000 UTC,2.8966939430044203,1456611.1842739999
940,2023-07-03 00:00:00.000 UTC,4.255049365012708,8070898.527884
941,2023-07-04 00:00:00.000 UTC,2.9430226097598853,1786986.813353
942,2023-07-05 00:00:00.000 UTC,3.3550771844782834,31382997.372670002
943,2023-07-06 00:00:00.000 UTC,2.822370888527534,9137394.209841
944,2023-07-07 00:00:00.000 UTC,2.7944013294711736,3341771.672171
945,2023-07-08 00:00:00.000 UTC,2.7237700872281922,140787.82471
946,2023-07-09 00:00:00.000 UTC,2.6766199607396675,20.0
947,2023-07-10 00:00:00.000 UTC,2.6380966148462788,215818.30269799998
948,2023-07-11 00:00:00.000 UTC,2.6567097158160977,62976.277135000004
949,2023-07-12 00:00:00.000 UTC,2.661505069173887,1180093.100697
950,2023-07-13 00:00:00.000 UTC,2.7453776268839607,3462735.55
951,2023-07-14 00:00:00.000 UTC,4.006578536052297,44078243.833167
952,2023-07-15 00:00:00.000 UTC,2.687288752365383,44035483.547571
953,2023-07-18 00:00:00.000 UTC,2.71292713094783,5807291.00243
954,2023-07-19 00:00:00.000 UTC,2.952196224713735,6999993.69
955,2023-07-20 00:00:00.000 UTC,4.216869171289903,5238646.246441
956,2023-07-21 00:00:00.000 UTC,4.349718186419061,1671624.939016
957,2023-07-22 00:00:00.000 UTC,2.809537194300972,1741943.5684419998
958,2023-07-23 00:00:00.000 UTC,2.6910411269958106,220699.72851100002
959,2023-07-24 00:00:00.000 UTC,2.6536735747358793,6593907.76084
960,2023-07-25 00:00:00.000 UTC,2.6111292249538596,6981114.661067
961,2023-07-26 00:00:00.000 UTC,2.5623975440121374,1260622.6990510002
962,2023-07-27 00:00:00.000 UTC,2.5710058029223073,56987.684115
963,2023-07-28 00:00:00.000 UTC,2.582626222784507,5967808.381653001
964,2023-07-29 00:00:00.000 UTC,2.6325406722109324,2351377.952697
965,2023-07-30 00:00:00.000 UTC,6.500656123231955,1122306.8884740002
966,2023-07-31 00:00:00.000 UTC,8.629767052540021,6481164.675861001
967,2023-08-01 00:00:00.000 UTC,16.83312472605742,84162573.264939
968,2023-08-02 00:00:00.000 UTC,13.847239408092065,40408847.508012
969,2023-08-03 00:00:00.000 UTC,13.541619762664167,35472519.45048901
970,2023-08-04 00:00:00.000 UTC,7.3341592085452,11592526.581694
971,2023-08-05 00:00:00.000 UTC,7.3256560582583825,19464944.613939002
972,2023-08-06 00:00:00.000 UTC,4.5606358517019885,4762983.654158
973,2023-08-07 00:00:00.000 UTC,8.766468314048662,60963459.781840004
974,2023-08-08 00:00:00.000 UTC,2.6160684188089913,493988.24
975,2023-08-09 00:00:00.000 UTC,2.7037479464415917,8221695.428631
976,2023-08-10 00:00:00.000 UTC,4.087642620099632,2091230.3496710004
977,2023-08-11 00:00:00.000 UTC,13.766446924929953,123145622.956289
978,2023-08-12 00:00:00.000 UTC,4.94704130897111,3699028.89616
979,2023-08-13 00:00:00.000 UTC,2.636869079739425,15291863.411303
980,2023-08-14 00:00:00.000 UTC,2.3597460753297264,3259494.886507
981,2023-08-15 00:00:00.000 UTC,2.5633303805484533,17778432.026504003
982,2023-08-16 00:00:00.000 UTC,2.6653707270209357,97279.215596
983,2023-08-17 00:00:00.000 UTC,3.5134418342673857,14545254.299752997
984,2023-08-18 00:00:00.000 UTC,2.8504022057389977,7010039.41
985,2023-08-19 00:00:00.000 UTC,2.665665001603453,250075.914063
986,2023-08-20 00:00:00.000 UTC,2.72914868157014,61248.029325
987,2023-08-21 00:00:00.000 UTC,2.640885988478685,120710.03013
988,2023-08-22 00:00:00.000 UTC,3.7079480546898482,324699.653638
989,2023-08-23 00:00:00.000 UTC,4.388976511586364,1138049.908611
990,2023-08-24 00:00:00.000 UTC,5.162399625623934,319847.752161
991,2023-08-25 00:00:00.000 UTC,4.654215847096941,8813015.879625
992,2023-08-26 00:00:00.000 UTC,2.6676790051027477,161.81741499999998
993,2023-08-27 00:00:00.000 UTC,2.703875773450604,1260167.552315
994,2023-08-28 00:00:00.000 UTC,3.1673250263068526,3485892.062756
995,2023-08-29 00:00:00.000 UTC,3.621070028888024,5845365.893271999
996,2023-08-30 00:00:00.000 UTC,2.8628246938832915,3043838.0
997,2023-08-31 00:00:00.000 UTC,2.9339369897217646,7493830.415323
998,2023-09-01 00:00:00.000 UTC,3.881938871913511,6481566.3498
999,2023-09-02 00:00:00.000 UTC,2.6822100707436296,8102146.261785001
1000,2023-09-03 00:00:00.000 UTC,2.629399221844687,999996.79
1001,2023-09-04 00:00:00.000 UTC,2.759800519592397,162661.436642
1002,2023-09-05 00:00:00.000 UTC,2.776663739558967,2165901.463098
1003,2023-09-06 00:00:00.000 UTC,3.0715473763229952,1.54321
1004,2023-09-07 00:00:00.000 UTC,2.736538065743488,100.0
1005,2023-09-08 00:00:00.000 UTC,2.739558929138155,3000010.37
1006,2023-09-09 00:00:00.000 UTC,2.718545528337591,5516527.482437
1007,2023-09-10 00:00:00.000 UTC,2.6700557194482033,2499996.79
1008,2023-09-11 00:00:00.000 UTC,2.572700274606339,3999997.74
1009,2023-09-13 00:00:00.000 UTC,2.64874451500706,47.095272
1010,2023-09-14 00:00:00.000 UTC,2.5964920998658516,647998.902611
1011,2023-09-15 00:00:00.000 UTC,2.8346977088094008,446023.596256
1012,2023-09-16 00:00:00.000 UTC,2.99056170195911,12038.57
1013,2023-09-17 00:00:00.000 UTC,5.09985164889245,4270895.7585539995
1014,2023-09-18 00:00:00.000 UTC,5.171568945280988,3086451.306114
1015,2023-09-19 00:00:00.000 UTC,2.7232549678732316,4435641.460330999
1016,2023-09-20 00:00:00.000 UTC,2.8719150743721085,2342642.286771
1017,2023-09-21 00:00:00.000 UTC,3.28747237069915,2000000.001
1018,2023-09-22 00:00:00.000 UTC,2.7744197019607664,967393.732254
1019,2023-09-23 00:00:00.000 UTC,3.9627460776394248,710031.550038
1020,2023-09-24 00:00:00.000 UTC,2.728779105526573,1251811.478993
1021,2023-09-25 00:00:00.000 UTC,2.454123486671386,13422455.652658
1022,2023-09-26 00:00:00.000 UTC,2.26222437928216,2929323.19786
1023,2023-09-27 00:00:00.000 UTC,2.331873933695096,884854.097943
1024,2023-09-28 00:00:00.000 UTC,2.432078164763004,1183995.5547789999
1025,2023-09-29 00:00:00.000 UTC,3.014572735932388,1884510.607419
1026,2023-09-30 00:00:00.000 UTC,30.316076332978128,33898402.410269
1027,2023-10-01 00:00:00.000 UTC,3.6372980406179467,37574233.174891
1028,2023-10-02 00:00:00.000 UTC,8.133424103836697,2302344.753764
1029,2023-10-03 00:00:00.000 UTC,4.43282415955314,3904948.6451280005
1030,2023-10-04 00:00:00.000 UTC,4.273895659579369,57656.118775
1031,2023-10-05 00:00:00.000 UTC,4.106911279558083,172822.2484
1032,2023-10-06 00:00:00.000 UTC,4.2786963894508885,1200000.0
1033,2023-10-07 00:00:00.000 UTC,4.099599650729434,782809.80965
1034,2023-10-08 00:00:00.000 UTC,5.544096642470876,3387743.1869220003
1035,2023-10-09 00:00:00.000 UTC,5.419780606843456,6288601.593302
1036,2023-10-10 00:00:00.000 UTC,4.042587620962881,827857.673775
1037,2023-10-11 00:00:00.000 UTC,5.9856937979316305,4062763.004277
1038,2023-10-12 00:00:00.000 UTC,5.150049302758548,9255441.105448999
1039,2023-10-13 00:00:00.000 UTC,4.487345327704441,7216245.642950001
1040,2023-10-14 00:00:00.000 UTC,2.964439538194352,201955.00880399998
1041,2023-10-15 00:00:00.000 UTC,3.55668902334145,951681.008896
1042,2023-10-16 00:00:00.000 UTC,5.866969325688646,6806283.311493
1043,2023-10-17 00:00:00.000 UTC,5.471595123938801,14681974.818255
1044,2023-10-18 00:00:00.000 UTC,6.285289363923098,6367712.935721001
1045,2023-10-19 00:00:00.000 UTC,4.868501022165866,2547842.279872
1046,2023-10-20 00:00:00.000 UTC,6.017298876425978,4929987.3279760005
1047,2023-10-21 00:00:00.000 UTC,5.426545942357593,1812162.7782470002
1048,2023-10-22 00:00:00.000 UTC,4.569690879782316,2284763.130623
1049,2023-10-23 00:00:00.000 UTC,5.559431487056815,2124663.573371
1050,2023-10-24 00:00:00.000 UTC,5.864183763438795,9377158.053382
1051,2023-10-25 00:00:00.000 UTC,5.195014892783508,1498419.4894679997
1052,2023-10-26 00:00:00.000 UTC,4.488728090697381,11241693.212206
1053,2023-10-27 00:00:00.000 UTC,5.267394656165879,11542886.882057002
1054,2023-10-28 00:00:00.000 UTC,4.447560392645289,5239837.524092
1055,2023-10-29 00:00:00.000 UTC,5.067015712303411,342583.314764
1056,2023-10-30 00:00:00.000 UTC,5.441878693098279,856910.200239
1057,2023-10-31 00:00:00.000 UTC,6.370398189993943,2046290.476628
1058,2023-11-01 00:00:00.000 UTC,4.544364273809234,3067721.3662340003
1059,2023-11-02 00:00:00.000 UTC,10.855845112626586,9969049.634943001
1060,2023-11-03 00:00:00.000 UTC,5.097889443950344,4605513.707342001
1061,2023-11-04 00:00:00.000 UTC,6.388449354451307,320817.900026
1062,2023-11-13 00:00:00.000 UTC,8.910714809139463,5782431.868670001
1063,2023-11-14 00:00:00.000 UTC,7.342769061763489,2509620.8372170003
1064,2023-11-15 00:00:00.000 UTC,7.131920029893978,4865648.405669999
1065,2023-11-16 00:00:00.000 UTC,10.553018635778166,3336153.2744329995
1066,2023-11-17 00:00:00.000 UTC,4.693427539489237,7036736.2110049995
1067,2023-11-18 00:00:00.000 UTC,3.7575571852410485,395244.80982200004
1068,2023-11-19 00:00:00.000 UTC,3.9176244652191228,4026397.184139
1069,2023-11-20 00:00:00.000 UTC,6.913134179931726,494415.61493599997
1070,2023-11-21 00:00:00.000 UTC,7.3946535997437355,3650760.823219
1071,2023-11-22 00:00:00.000 UTC,4.2725639438307175,11758615.848211002
1072,2023-11-23 00:00:00.000 UTC,3.40745431035684,7115896.112461
1073,2023-11-24 00:00:00.000 UTC,3.781347857510564,3795093.027795
1074,2023-11-25 00:00:00.000 UTC,4.234526242638682,2572825.044878
1075,2023-11-26 00:00:00.000 UTC,6.5693985668354085,6942617.136601
1076,2023-11-27 00:00:00.000 UTC,4.476860545731893,115431.75025900001
1077,2023-11-28 00:00:00.000 UTC,3.763438671536892,4215450.924285
1078,2023-11-29 00:00:00.000 UTC,10.872450956066237,5642489.813209
1079,2023-11-30 00:00:00.000 UTC,5.547354124582615,11389351.577390999
1080,2023-12-01 00:00:00.000 UTC,8.899644488413895,952384.964718
1081,2023-12-02 00:00:00.000 UTC,5.654969275741742,3255692.29746
1082,2023-12-03 00:00:00.000 UTC,5.689628925748466,21622.728183
1083,2023-12-04 00:00:00.000 UTC,6.802564818749277,1351296.4836580001
1084,2023-12-05 00:00:00.000 UTC,6.640969581142724,7700494.353949999
1085,2023-12-06 00:00:00.000 UTC,5.631357677745532,1208745.167567
1086,2023-12-07 00:00:00.000 UTC,6.337666027037982,4654032.559224
1087,2023-12-08 00:00:00.000 UTC,5.657206026757623,1212488.8678920001
1088,2023-12-09 00:00:00.000 UTC,6.22311869100013,8114133.685865
1089,2023-12-10 00:00:00.000 UTC,7.96822886340688,2579639.219674
1090,2023-12-11 00:00:00.000 UTC,7.760646582826165,8319820.272067999
1091,2023-12-12 00:00:00.000 UTC,7.7667561290083365,6372134.99303
1092,2023-12-13 00:00:00.000 UTC,6.908073836698485,9931750.793044
1093,2023-12-14 00:00:00.000 UTC,9.12072400128998,1556657.772743
1094,2023-12-15 00:00:00.000 UTC,7.78012077523351,3000.0
1095,2023-12-16 00:00:00.000 UTC,7.090516199496629,963737.101148
1096,2023-12-17 00:00:00.000 UTC,3.9543366407492457,1836715.7523570003
